door_reading_id,device_id,door_state,flag,measured_at,received_at,raw_payload
26434,3,closed,ok,2026-09-03T14:12:01.337569+00:00,2026-09-03T14:12:01.517190+00:00,"{""door_main"": 0, ""door_sub"": 1, ""node"": ""occ_01"", ""pir_door"": 0, ""pir_seat"": -1}"
26435,3,closed,ok,2026-09-03T14:12:02.350663+00:00,2026-09-03T14:12:02.524703+00:00,"{""door_main"": 0, ""door_sub"": 1, ""node"": ""occ_01"", ""pir_door"": 0, ""pir_seat"": -1}"
26436,3,closed,ok,2026-09-03T14:12:03.362735+00:00,2026-09-03T14:12:03.754512+00:00,"{""door_main"": 0, ""door_sub"": 1, ""node"": ""occ_01"", ""pir_door"": 0, ""pir_seat"": -1}"
26437,3,closed,ok,2026-09-03T14:12:04.892582+00:00,2026-09-03T14:12:05.144559+00:00,"{""door_main"": 0, ""door_sub"": 1, ""node"": ""occ_01"", ""pir_door"": 0, ""pir_seat"": -1}"
26438,3,closed,ok,2026-09-03T14:12:05.385701+00:00,2026-09-03T14:12:05.644754+00:00,"{""door_main"": 0, ""door_sub"": 1, ""node"": ""occ_01"", ""pir_door"": 0, ""pir_seat"": -1}"
26439,3,closed,ok,2026-09-03T14:12:06.397671+00:00,2026-09-03T14:12:06.609560+00:00,"{""door_main"": 0, ""door_sub"": 1, ""node"": ""occ_01"", ""pir_door"": 0, ""pir_seat"": -1}"
26440,3,closed,ok,2026-09-03T14:12:07.410953+00:00,2026-09-03T14:12:07.604671+00:00,"{""door_main"": 0, ""door_sub"": 1, ""node"": ""occ_01"", ""pir_door"": 0, ""pir_seat"": -1}"
26441,3,closed,ok,2026-09-03T14:12:08.421676+00:00,2026-09-03T14:12:08.824477+00:00,"{""door_main"": 0, ""door_sub"": 1, ""node"": ""occ_01"", ""pir_door"": 0, ""pir_seat"": -1}"
26442,3,closed,ok,2026-09-03T14:12:09.912585+00:00,2026-09-03T14:12:10.225158+00:00,"{""door_main"": 0, ""door_sub"": 1, ""node"": ""occ_01"", ""pir_door"": 0, ""pir_seat"": -1}"
26443,3,closed,ok,2026-09-03T14:12:10.446139+00:00,2026-09-03T14:12:10.704658+00:00,"{""door_main"": 0, ""door_sub"": 1, ""node"": ""occ_01"", ""pir_door"": 0, ""pir_seat"": -1}"
26444,3,closed,ok,2026-09-03T14:12:11.459182+00:00,2026-09-03T14:12:11.660027+00:00,"{""door_main"": 0, ""door_sub"": 1, ""node"": ""occ_01"", ""pir_door"": 0, ""pir_seat"": -1}"
26445,3,closed,ok,2026-09-03T14:12:12.469703+00:00,2026-09-03T14:12:12.644602+00:00,"{""door_main"": 0, ""door_sub"": 1, ""node"": ""occ_01"", ""pir_door"": 0, ""pir_seat"": -1}"
26446,3,closed,ok,2026-09-03T14:12:13.481804+00:00,2026-09-03T14:12:13.855308+00:00,"{""door_main"": 0, ""door_sub"": 1, ""node"": ""occ_01"", ""pir_door"": 1, ""pir_seat"": -1}"
26447,3,closed,ok,2026-09-03T14:12:14.957600+00:00,2026-09-03T14:12:15.277587+00:00,"{""door_main"": 0, ""door_sub"": 1, ""node"": ""occ_01"", ""pir_door"": 0, ""pir_seat"": -1}"
26448,3,closed,ok,2026-09-03T14:12:15.509573+00:00,2026-09-03T14:12:15.760078+00:00,"{""door_main"": 0, ""door_sub"": 1, ""node"": ""occ_01"", ""pir_door"": 0, ""pir_seat"": -1}"
26449,3,closed,ok,2026-09-03T14:12:16.517864+00:00,2026-09-03T14:12:16.709847+00:00,"{""door_main"": 0, ""door_sub"": 1, ""node"": ""occ_01"", ""pir_door"": 0, ""pir_seat"": -1}"
26450,3,closed,ok,2026-09-03T14:12:17.532832+00:00,2026-09-03T14:12:17.804934+00:00,"{""door_main"": 0, ""door_sub"": 1, ""node"": ""occ_01"", ""pir_door"": 1, ""pir_seat"": -1}"
26451,3,closed,ok,2026-09-03T14:12:18.541645+00:00,2026-09-03T14:12:18.864708+00:00,"{""door_main"": 0, ""door_sub"": 1, ""node"": ""occ_01"", ""pir_door"": 0, ""pir_seat"": -1}"
26452,3,closed,ok,2026-09-03T14:12:19.979175+00:00,2026-09-03T14:12:20.304715+00:00,"{""door_main"": 0, ""door_sub"": 1, ""node"": ""occ_01"", ""pir_door"": 0, ""pir_seat"": -1}"
26453,3,closed,ok,2026-09-03T14:12:20.566959+00:00,2026-09-03T14:12:20.754668+00:00,"{""door_main"": 0, ""door_sub"": 1, ""node"": ""occ_01"", ""pir_door"": 1, ""pir_seat"": -1}"
26454,3,closed,ok,2026-09-03T14:12:21.577802+00:00,2026-09-03T14:12:21.780197+00:00,"{""door_main"": 0, ""door_sub"": 1, ""node"": ""occ_01"", ""pir_door"": 0, ""pir_seat"": -1}"
26455,3,closed,ok,2026-09-03T14:12:22.590255+00:00,2026-09-03T14:12:22.905426+00:00,"{""door_main"": 0, ""door_sub"": 1, ""node"": ""occ_01"", ""pir_door"": 0, ""pir_seat"": -1}"
26456,3,closed,ok,2026-09-03T14:12:23.601755+00:00,2026-09-03T14:12:24.003629+00:00,"{""door_main"": 0, ""door_sub"": 1, ""node"": ""occ_01"", ""pir_door"": 0, ""pir_seat"": -1}"
26457,3,closed,ok,2026-09-03T14:12:25.082881+00:00,2026-09-03T14:12:25.384666+00:00,"{""door_main"": 0, ""door_sub"": 1, ""node"": ""occ_01"", ""pir_door"": 1, ""pir_seat"": -1}"
26458,3,closed,ok,2026-09-03T14:12:25.626959+00:00,2026-09-03T14:12:25.829849+00:00,"{""door_main"": 0, ""door_sub"": 1, ""node"": ""occ_01"", ""pir_door"": 0, ""pir_seat"": -1}"
26459,3,closed,ok,2026-09-03T14:12:26.637825+00:00,2026-09-03T14:12:26.829736+00:00,"{""door_main"": 0, ""door_sub"": 1, ""node"": ""occ_01"", ""pir_door"": 0, ""pir_seat"": -1}"
26460,3,closed,ok,2026-09-03T14:12:27.649767+00:00,2026-09-03T14:12:28.024594+00:00,"{""door_main"": 0, ""door_sub"": 1, ""node"": ""occ_01"", ""pir_door"": 0, ""pir_seat"": -1}"
26461,3,closed,ok,2026-09-03T14:12:28.662721+00:00,2026-09-03T14:12:28.994747+00:00,"{""door_main"": 0, ""door_sub"": 1, ""node"": ""occ_01"", ""pir_door"": 0, ""pir_seat"": -1}"
26462,3,closed,ok,2026-09-03T14:12:29.987820+00:00,2026-09-03T14:12:30.309672+00:00,"{""door_main"": 0, ""door_sub"": 1, ""node"": ""occ_01"", ""pir_door"": 0, ""pir_seat"": -1}"
26463,3,closed,ok,2026-09-03T14:12:30.686738+00:00,2026-09-03T14:12:30.874658+00:00,"{""door_main"": 0, ""door_sub"": 1, ""node"": ""occ_01"", ""pir_door"": 0, ""pir_seat"": -1}"
26464,3,closed,ok,2026-09-03T14:12:31.704407+00:00,2026-09-03T14:12:31.884614+00:00,"{""door_main"": 0, ""door_sub"": 1, ""node"": ""occ_01"", ""pir_door"": 1, ""pir_seat"": -1}"
26465,3,closed,ok,2026-09-03T14:12:32.713308+00:00,2026-09-03T14:12:33.049640+00:00,"{""door_main"": 0, ""door_sub"": 1, ""node"": ""occ_01"", ""pir_door"": 0, ""pir_seat"": -1}"
26466,3,closed,ok,2026-09-03T14:12:33.724481+00:00,2026-09-03T14:12:34.054505+00:00,"{""door_main"": 0, ""door_sub"": 1, ""node"": ""occ_01"", ""pir_door"": 0, ""pir_seat"": -1}"
26467,3,closed,ok,2026-09-03T14:12:34.979223+00:00,2026-09-03T14:12:35.264591+00:00,"{""door_main"": 0, ""door_sub"": 1, ""node"": ""occ_01"", ""pir_door"": 0, ""pir_seat"": -1}"
26468,3,closed,ok,2026-09-03T14:12:35.746785+00:00,2026-09-03T14:12:35.924535+00:00,"{""door_main"": 0, ""door_sub"": 1, ""node"": ""occ_01"", ""pir_door"": 1, ""pir_seat"": -1}"
26469,3,closed,ok,2026-09-03T14:12:36.757985+00:00,2026-09-03T14:12:36.934689+00:00,"{""door_main"": 0, ""door_sub"": 1, ""node"": ""occ_01"", ""pir_door"": 0, ""pir_seat"": -1}"
26470,3,closed,ok,2026-09-03T14:12:37.770751+00:00,2026-09-03T14:12:38.145135+00:00,"{""door_main"": 0, ""door_sub"": 1, ""node"": ""occ_01"", ""pir_door"": 0, ""pir_seat"": -1}"
26471,3,closed,ok,2026-09-03T14:12:38.781949+00:00,2026-09-03T14:12:39.144536+00:00,"{""door_main"": 0, ""door_sub"": 1, ""node"": ""occ_01"", ""pir_door"": 1, ""pir_seat"": -1}"
26472,3,closed,ok,2026-09-03T14:12:40.183197+00:00,2026-09-03T14:12:40.454642+00:00,"{""door_main"": 0, ""door_sub"": 1, ""node"": ""occ_01"", ""pir_door"": 0, ""pir_seat"": -1}"
26473,3,closed,ok,2026-09-03T14:12:40.806633+00:00,2026-09-03T14:12:41.005063+00:00,"{""door_main"": 0, ""door_sub"": 1, ""node"": ""occ_01"", ""pir_door"": 0, ""pir_seat"": -1}"
26474,3,closed,ok,2026-09-03T14:12:41.817893+00:00,2026-09-03T14:12:42.144649+00:00,"{""door_main"": 0, ""door_sub"": 1, ""node"": ""occ_01"", ""pir_door"": 0, ""pir_seat"": -1}"
26475,3,closed,ok,2026-09-03T14:12:42.829942+00:00,2026-09-03T14:12:43.156139+00:00,"{""door_main"": 0, ""door_sub"": 1, ""node"": ""occ_01"", ""pir_door"": 0, ""pir_seat"": -1}"
26476,3,closed,ok,2026-09-03T14:12:43.841913+00:00,2026-09-03T14:12:44.124629+00:00,"{""door_main"": 0, ""door_sub"": 1, ""node"": ""occ_01"", ""pir_door"": 1, ""pir_seat"": -1}"
26477,3,closed,ok,2026-09-03T14:12:45.065685+00:00,2026-09-03T14:12:45.344724+00:00,"{""door_main"": 0, ""door_sub"": 1, ""node"": ""occ_01"", ""pir_door"": 0, ""pir_seat"": -1}"
26478,3,closed,ok,2026-09-03T14:12:45.865936+00:00,2026-09-03T14:12:46.060646+00:00,"{""door_main"": 0, ""door_sub"": 1, ""node"": ""occ_01"", ""pir_door"": 0, ""pir_seat"": -1}"
26479,3,closed,ok,2026-09-03T14:12:46.878436+00:00,2026-09-03T14:12:47.041087+00:00,"{""door_main"": 0, ""door_sub"": 1, ""node"": ""occ_01"", ""pir_door"": 0, ""pir_seat"": -1}"
26480,3,closed,ok,2026-09-03T14:12:47.892556+00:00,2026-09-03T14:12:48.220095+00:00,"{""door_main"": 0, ""door_sub"": 1, ""node"": ""occ_01"", ""pir_door"": 1, ""pir_seat"": -1}"
26481,3,closed,ok,2026-09-03T14:12:48.902142+00:00,2026-09-03T14:12:49.139830+00:00,"{""door_main"": 0, ""door_sub"": 1, ""node"": ""occ_01"", ""pir_door"": 0, ""pir_seat"": -1}"
26482,3,closed,ok,2026-09-03T14:12:50.277674+00:00,2026-09-03T14:12:50.489972+00:00,"{""door_main"": 0, ""door_sub"": 1, ""node"": ""occ_01"", ""pir_door"": 0, ""pir_seat"": -1}"
26483,3,closed,ok,2026-09-03T14:12:50.925958+00:00,2026-09-03T14:12:51.119980+00:00,"{""door_main"": 0, ""door_sub"": 1, ""node"": ""occ_01"", ""pir_door"": 0, ""pir_seat"": -1}"
26484,3,closed,ok,2026-09-03T14:12:51.937887+00:00,2026-09-03T14:12:52.104781+00:00,"{""door_main"": 0, ""door_sub"": 1, ""node"": ""occ_01"", ""pir_door"": 0, ""pir_seat"": -1}"
26485,3,closed,ok,2026-09-03T14:12:52.949945+00:00,2026-09-03T14:12:53.304570+00:00,"{""door_main"": 0, ""door_sub"": 1, ""node"": ""occ_01"", ""pir_door"": 0, ""pir_seat"": -1}"
26486,3,closed,ok,2026-09-03T14:12:53.962523+00:00,2026-09-03T14:12:54.239655+00:00,"{""door_main"": 0, ""door_sub"": 1, ""node"": ""occ_01"", ""pir_door"": 0, ""pir_seat"": -1}"
26487,3,closed,ok,2026-09-03T14:12:55.243385+00:00,2026-09-03T14:12:55.574615+00:00,"{""door_main"": 0, ""door_sub"": 1, ""node"": ""occ_01"", ""pir_door"": 0, ""pir_seat"": -1}"
26488,3,closed,ok,2026-09-03T14:12:55.986027+00:00,2026-09-03T14:12:56.139702+00:00,"{""door_main"": 0, ""door_sub"": 1, ""node"": ""occ_01"", ""pir_door"": 1, ""pir_seat"": -1}"
26489,3,closed,ok,2026-09-03T14:12:56.999098+00:00,2026-09-03T14:12:57.179935+00:00,"{""door_main"": 0, ""door_sub"": 1, ""node"": ""occ_01"", ""pir_door"": 0, ""pir_seat"": -1}"
26490,3,closed,ok,2026-09-03T14:12:58.010081+00:00,2026-09-03T14:12:58.295888+00:00,"{""door_main"": 0, ""door_sub"": 1, ""node"": ""occ_01"", ""pir_door"": 0, ""pir_seat"": -1}"
26491,3,closed,ok,2026-09-03T14:12:59.023515+00:00,2026-09-03T14:12:59.369961+00:00,"{""door_main"": 0, ""door_sub"": 1, ""node"": ""occ_01"", ""pir_door"": 0, ""pir_seat"": -1}"
26492,3,closed,ok,2026-09-03T14:13:00.292786+00:00,2026-09-03T14:13:00.640259+00:00,"{""door_main"": 0, ""door_sub"": 1, ""node"": ""occ_01"", ""pir_door"": 1, ""pir_seat"": -1}"
26493,3,closed,ok,2026-09-03T14:13:01.045970+00:00,2026-09-03T14:13:01.436922+00:00,"{""door_main"": 0, ""door_sub"": 1, ""node"": ""occ_01"", ""pir_door"": 0, ""pir_seat"": -1}"
26494,3,closed,ok,2026-09-03T14:13:02.059322+00:00,2026-09-03T14:13:02.259733+00:00,"{""door_main"": 0, ""door_sub"": 1, ""node"": ""occ_01"", ""pir_door"": 0, ""pir_seat"": -1}"
26495,3,closed,ok,2026-09-03T14:13:03.070047+00:00,2026-09-03T14:13:03.284575+00:00,"{""door_main"": 0, ""door_sub"": 1, ""node"": ""occ_01"", ""pir_door"": 0, ""pir_seat"": -1}"
26496,3,closed,ok,2026-09-03T14:13:04.086101+00:00,2026-09-03T14:13:04.430712+00:00,"{""door_main"": 0, ""door_sub"": 1, ""node"": ""occ_01"", ""pir_door"": 1, ""pir_seat"": -1}"
26497,3,closed,ok,2026-09-03T14:13:05.202679+00:00,2026-09-03T14:13:05.562161+00:00,"{""door_main"": 0, ""door_sub"": 1, ""node"": ""occ_01"", ""pir_door"": 0, ""pir_seat"": -1}"
26498,3,closed,ok,2026-09-03T14:13:06.107457+00:00,2026-09-03T14:13:06.269645+00:00,"{""door_main"": 0, ""door_sub"": 1, ""node"": ""occ_01"", ""pir_door"": 0, ""pir_seat"": -1}"
26499,3,closed,ok,2026-09-03T14:13:07.119724+00:00,2026-09-03T14:13:07.294560+00:00,"{""door_main"": 0, ""door_sub"": 1, ""node"": ""occ_01"", ""pir_door"": 0, ""pir_seat"": -1}"
26500,3,closed,ok,2026-09-03T14:13:08.130010+00:00,2026-09-03T14:13:08.521546+00:00,"{""door_main"": 0, ""door_sub"": 1, ""node"": ""occ_01"", ""pir_door"": 1, ""pir_seat"": -1}"
26501,3,closed,ok,2026-09-03T14:13:09.142126+00:00,2026-09-03T14:13:09.424708+00:00,"{""door_main"": 0, ""door_sub"": 1, ""node"": ""occ_01"", ""pir_door"": 0, ""pir_seat"": -1}"
26502,3,closed,ok,2026-09-03T14:13:10.253653+00:00,2026-09-03T14:13:10.545565+00:00,"{""door_main"": 0, ""door_sub"": 1, ""node"": ""occ_01"", ""pir_door"": 0, ""pir_seat"": -1}"
26503,3,closed,ok,2026-09-03T14:13:11.169936+00:00,2026-09-03T14:13:11.344539+00:00,"{""door_main"": 0, ""door_sub"": 1, ""node"": ""occ_01"", ""pir_door"": 0, ""pir_seat"": -1}"
26504,3,closed,ok,2026-09-03T14:13:12.179050+00:00,2026-09-03T14:13:12.349759+00:00,"{""door_main"": 0, ""door_sub"": 1, ""node"": ""occ_01"", ""pir_door"": 0, ""pir_seat"": -1}"
26505,3,closed,ok,2026-09-03T14:13:13.192843+00:00,2026-09-03T14:13:13.519898+00:00,"{""door_main"": 0, ""door_sub"": 1, ""node"": ""occ_01"", ""pir_door"": 0, ""pir_seat"": -1}"
26506,3,closed,ok,2026-09-03T14:13:14.203391+00:00,2026-09-03T14:13:14.524781+00:00,"{""door_main"": 0, ""door_sub"": 1, ""node"": ""occ_01"", ""pir_door"": 0, ""pir_seat"": -1}"
26507,3,closed,ok,2026-09-03T14:13:15.313455+00:00,2026-09-03T14:13:15.666139+00:00,"{""door_main"": 0, ""door_sub"": 1, ""node"": ""occ_01"", ""pir_door"": 0, ""pir_seat"": -1}"
26508,3,closed,ok,2026-09-03T14:13:16.227243+00:00,2026-09-03T14:13:16.394826+00:00,"{""door_main"": 0, ""door_sub"": 1, ""node"": ""occ_01"", ""pir_door"": 0, ""pir_seat"": -1}"
26509,3,closed,ok,2026-09-03T14:13:17.239591+00:00,2026-09-03T14:13:17.400246+00:00,"{""door_main"": 0, ""door_sub"": 1, ""node"": ""occ_01"", ""pir_door"": 0, ""pir_seat"": -1}"
26510,3,closed,ok,2026-09-03T14:13:18.251127+00:00,2026-09-03T14:13:18.574673+00:00,"{""door_main"": 0, ""door_sub"": 1, ""node"": ""occ_01"", ""pir_door"": 0, ""pir_seat"": -1}"
26511,3,closed,ok,2026-09-03T14:13:19.263569+00:00,2026-09-03T14:13:19.565240+00:00,"{""door_main"": 0, ""door_sub"": 1, ""node"": ""occ_01"", ""pir_door"": 0, ""pir_seat"": -1}"
26512,3,closed,ok,2026-09-03T14:13:20.357780+00:00,2026-09-03T14:13:20.681720+00:00,"{""door_main"": 0, ""door_sub"": 1, ""node"": ""occ_01"", ""pir_door"": 0, ""pir_seat"": -1}"
26513,3,closed,ok,2026-09-03T14:13:21.288383+00:00,2026-09-03T14:13:21.474520+00:00,"{""door_main"": 0, ""door_sub"": 1, ""node"": ""occ_01"", ""pir_door"": 0, ""pir_seat"": -1}"
26514,3,closed,ok,2026-09-03T14:13:22.299397+00:00,2026-09-03T14:13:22.480154+00:00,"{""door_main"": 0, ""door_sub"": 1, ""node"": ""occ_01"", ""pir_door"": 0, ""pir_seat"": -1}"
26515,3,closed,ok,2026-09-03T14:13:23.311117+00:00,2026-09-03T14:13:23.626286+00:00,"{""door_main"": 0, ""door_sub"": 1, ""node"": ""occ_01"", ""pir_door"": 0, ""pir_seat"": -1}"
26516,3,closed,ok,2026-09-03T14:13:24.323200+00:00,2026-09-03T14:13:24.681034+00:00,"{""door_main"": 0, ""door_sub"": 1, ""node"": ""occ_01"", ""pir_door"": 0, ""pir_seat"": -1}"
26517,3,closed,ok,2026-09-03T14:13:25.417654+00:00,2026-09-03T14:13:25.619929+00:00,"{""door_main"": 0, ""door_sub"": 1, ""node"": ""occ_01"", ""pir_door"": 0, ""pir_seat"": -1}"
26518,3,closed,ok,2026-09-03T14:13:26.347256+00:00,2026-09-03T14:13:26.514733+00:00,"{""door_main"": 0, ""door_sub"": 1, ""node"": ""occ_01"", ""pir_door"": 0, ""pir_seat"": -1}"
26519,3,closed,ok,2026-09-03T14:13:27.358296+00:00,2026-09-03T14:13:27.554879+00:00,"{""door_main"": 0, ""door_sub"": 1, ""node"": ""occ_01"", ""pir_door"": 1, ""pir_seat"": -1}"
26520,3,closed,ok,2026-09-03T14:13:28.371398+00:00,2026-09-03T14:13:28.684531+00:00,"{""door_main"": 0, ""door_sub"": 1, ""node"": ""occ_01"", ""pir_door"": 0, ""pir_seat"": -1}"
26521,3,closed,ok,2026-09-03T14:13:29.382253+00:00,2026-09-03T14:13:29.635180+00:00,"{""door_main"": 0, ""door_sub"": 1, ""node"": ""occ_01"", ""pir_door"": 0, ""pir_seat"": -1}"
26522,3,closed,ok,2026-09-03T14:13:30.397742+00:00,2026-09-03T14:13:30.674841+00:00,"{""door_main"": 0, ""door_sub"": 1, ""node"": ""occ_01"", ""pir_door"": 0, ""pir_seat"": -1}"
26523,3,closed,ok,2026-09-03T14:13:31.406282+00:00,2026-09-03T14:13:31.574492+00:00,"{""door_main"": 0, ""door_sub"": 1, ""node"": ""occ_01"", ""pir_door"": 0, ""pir_seat"": -1}"
26524,3,closed,ok,2026-09-03T14:13:32.418885+00:00,2026-09-03T14:13:32.754527+00:00,"{""door_main"": 0, ""door_sub"": 1, ""node"": ""occ_01"", ""pir_door"": 0, ""pir_seat"": -1}"
26525,3,closed,ok,2026-09-03T14:13:33.434572+00:00,2026-09-03T14:13:33.825567+00:00,"{""door_main"": 0, ""door_sub"": 1, ""node"": ""occ_01"", ""pir_door"": 0, ""pir_seat"": -1}"
26526,3,closed,ok,2026-09-03T14:13:34.442254+00:00,2026-09-03T14:13:34.714522+00:00,"{""door_main"": 0, ""door_sub"": 1, ""node"": ""occ_01"", ""pir_door"": 1, ""pir_seat"": -1}"
26527,3,closed,ok,2026-09-03T14:13:35.454440+00:00,2026-09-03T14:13:35.624867+00:00,"{""door_main"": 0, ""door_sub"": 1, ""node"": ""occ_01"", ""pir_door"": 0, ""pir_seat"": -1}"
26528,3,closed,ok,2026-09-03T14:13:36.468594+00:00,2026-09-03T14:13:36.659954+00:00,"{""door_main"": 0, ""door_sub"": 1, ""node"": ""occ_01"", ""pir_door"": 0, ""pir_seat"": -1}"
26529,3,closed,ok,2026-09-03T14:13:37.483156+00:00,2026-09-03T14:13:37.644841+00:00,"{""door_main"": 0, ""door_sub"": 1, ""node"": ""occ_01"", ""pir_door"": 0, ""pir_seat"": -1}"
26530,3,closed,ok,2026-09-03T14:13:38.517331+00:00,2026-09-03T14:13:38.789633+00:00,"{""door_main"": 0, ""door_sub"": 1, ""node"": ""occ_01"", ""pir_door"": 0, ""pir_seat"": -1}"
26531,3,closed,ok,2026-09-03T14:13:39.531213+00:00,2026-09-03T14:13:39.834575+00:00,"{""door_main"": 0, ""door_sub"": 1, ""node"": ""occ_01"", ""pir_door"": 0, ""pir_seat"": -1}"
26532,3,closed,ok,2026-09-03T14:13:40.682864+00:00,2026-09-03T14:13:41.074504+00:00,"{""door_main"": 0, ""door_sub"": 1, ""node"": ""occ_01"", ""pir_door"": 0, ""pir_seat"": -1}"
26533,3,closed,ok,2026-09-03T14:13:41.527107+00:00,2026-09-03T14:13:41.860017+00:00,"{""door_main"": 0, ""door_sub"": 1, ""node"": ""occ_01"", ""pir_door"": 1, ""pir_seat"": -1}"
26534,3,closed,ok,2026-09-03T14:13:42.538328+00:00,2026-09-03T14:13:42.789550+00:00,"{""door_main"": 0, ""door_sub"": 1, ""node"": ""occ_01"", ""pir_door"": 0, ""pir_seat"": -1}"
26535,3,closed,ok,2026-09-03T14:13:43.559045+00:00,2026-09-03T14:13:43.894661+00:00,"{""door_main"": 0, ""door_sub"": 1, ""node"": ""occ_01"", ""pir_door"": 0, ""pir_seat"": -1}"
26536,3,closed,ok,2026-09-03T14:13:44.562472+00:00,2026-09-03T14:13:44.829680+00:00,"{""door_main"": 0, ""door_sub"": 1, ""node"": ""occ_01"", ""pir_door"": 1, ""pir_seat"": -1}"
26537,3,closed,ok,2026-09-03T14:13:45.574369+00:00,2026-09-03T14:13:45.764672+00:00,"{""door_main"": 0, ""door_sub"": 1, ""node"": ""occ_01"", ""pir_door"": 0, ""pir_seat"": -1}"
26538,3,closed,ok,2026-09-03T14:13:46.592350+00:00,2026-09-03T14:13:46.774560+00:00,"{""door_main"": 0, ""door_sub"": 1, ""node"": ""occ_01"", ""pir_door"": 0, ""pir_seat"": -1}"
26539,3,closed,ok,2026-09-03T14:13:47.598363+00:00,2026-09-03T14:13:47.919718+00:00,"{""door_main"": 0, ""door_sub"": 1, ""node"": ""occ_01"", ""pir_door"": 0, ""pir_seat"": -1}"
26540,3,closed,ok,2026-09-03T14:13:48.610392+00:00,2026-09-03T14:13:48.981390+00:00,"{""door_main"": 0, ""door_sub"": 1, ""node"": ""occ_01"", ""pir_door"": 1, ""pir_seat"": -1}"
26541,3,closed,ok,2026-09-03T14:13:49.625360+00:00,2026-09-03T14:13:49.975449+00:00,"{""door_main"": 0, ""door_sub"": 1, ""node"": ""occ_01"", ""pir_door"": 0, ""pir_seat"": -1}"
26542,3,closed,ok,2026-09-03T14:13:50.705637+00:00,2026-09-03T14:13:51.084922+00:00,"{""door_main"": 0, ""door_sub"": 1, ""node"": ""occ_01"", ""pir_door"": 0, ""pir_seat"": -1}"
26543,3,closed,ok,2026-09-03T14:13:51.646373+00:00,2026-09-03T14:13:51.845244+00:00,"{""door_main"": 0, ""door_sub"": 1, ""node"": ""occ_01"", ""pir_door"": 0, ""pir_seat"": -1}"
26544,3,closed,ok,2026-09-03T14:13:52.660458+00:00,2026-09-03T14:13:52.989538+00:00,"{""door_main"": 0, ""door_sub"": 1, ""node"": ""occ_01"", ""pir_door"": 0, ""pir_seat"": -1}"
26545,3,closed,ok,2026-09-03T14:13:53.670566+00:00,2026-09-03T14:13:53.984720+00:00,"{""door_main"": 0, ""door_sub"": 1, ""node"": ""occ_01"", ""pir_door"": 0, ""pir_seat"": -1}"
26546,3,closed,ok,2026-09-03T14:13:54.682428+00:00,2026-09-03T14:13:55.024529+00:00,"{""door_main"": 0, ""door_sub"": 1, ""node"": ""occ_01"", ""pir_door"": 0, ""pir_seat"": -1}"
26547,3,closed,ok,2026-09-03T14:13:55.694441+00:00,2026-09-03T14:13:55.864711+00:00,"{""door_main"": 0, ""door_sub"": 1, ""node"": ""occ_01"", ""pir_door"": 0, ""pir_seat"": -1}"
26548,3,closed,ok,2026-09-03T14:13:56.706444+00:00,2026-09-03T14:13:56.869633+00:00,"{""door_main"": 0, ""door_sub"": 1, ""node"": ""occ_01"", ""pir_door"": 0, ""pir_seat"": -1}"
26549,3,closed,ok,2026-09-03T14:13:57.719512+00:00,2026-09-03T14:13:57.900261+00:00,"{""door_main"": 0, ""door_sub"": 1, ""node"": ""occ_01"", ""pir_door"": 0, ""pir_seat"": -1}"
26550,3,closed,ok,2026-09-03T14:13:58.730417+00:00,2026-09-03T14:13:59.059885+00:00,"{""door_main"": 0, ""door_sub"": 1, ""node"": ""occ_01"", ""pir_door"": 0, ""pir_seat"": -1}"
26551,3,closed,ok,2026-09-03T14:13:59.745574+00:00,2026-09-03T14:14:00.130180+00:00,"{""door_main"": 0, ""door_sub"": 1, ""node"": ""occ_01"", ""pir_door"": 0, ""pir_seat"": -1}"
26552,3,closed,ok,2026-09-03T14:14:00.947916+00:00,2026-09-03T14:14:01.340803+00:00,"{""door_main"": 0, ""door_sub"": 1, ""node"": ""occ_01"", ""pir_door"": 0, ""pir_seat"": -1}"
26553,3,closed,ok,2026-09-03T14:14:01.766446+00:00,2026-09-03T14:14:01.954743+00:00,"{""door_main"": 0, ""door_sub"": 1, ""node"": ""occ_01"", ""pir_door"": 0, ""pir_seat"": -1}"
26554,3,closed,ok,2026-09-03T14:14:02.778403+00:00,2026-09-03T14:14:03.030877+00:00,"{""door_main"": 0, ""door_sub"": 1, ""node"": ""occ_01"", ""pir_door"": 0, ""pir_seat"": -1}"
26555,3,closed,ok,2026-09-03T14:14:03.790449+00:00,2026-09-03T14:14:04.110157+00:00,"{""door_main"": 0, ""door_sub"": 1, ""node"": ""occ_01"", ""pir_door"": 0, ""pir_seat"": -1}"
26556,3,closed,ok,2026-09-03T14:14:04.802428+00:00,2026-09-03T14:14:05.134772+00:00,"{""door_main"": 0, ""door_sub"": 1, ""node"": ""occ_01"", ""pir_door"": 0, ""pir_seat"": -1}"
26557,3,closed,ok,2026-09-03T14:14:05.814321+00:00,2026-09-03T14:14:05.999925+00:00,"{""door_main"": 0, ""door_sub"": 1, ""node"": ""occ_01"", ""pir_door"": 0, ""pir_seat"": -1}"
26558,3,closed,ok,2026-09-03T14:14:06.826580+00:00,2026-09-03T14:14:07.014794+00:00,"{""door_main"": 0, ""door_sub"": 1, ""node"": ""occ_01"", ""pir_door"": 0, ""pir_seat"": -1}"
26559,3,closed,ok,2026-09-03T14:14:07.838141+00:00,2026-09-03T14:14:08.171510+00:00,"{""door_main"": 0, ""door_sub"": 1, ""node"": ""occ_01"", ""pir_door"": 0, ""pir_seat"": -1}"
26560,3,closed,ok,2026-09-03T14:14:08.855489+00:00,2026-09-03T14:14:09.144552+00:00,"{""door_main"": 0, ""door_sub"": 1, ""node"": ""occ_01"", ""pir_door"": 0, ""pir_seat"": -1}"
26561,3,closed,ok,2026-09-03T14:14:09.862700+00:00,2026-09-03T14:14:10.154640+00:00,"{""door_main"": 0, ""door_sub"": 1, ""node"": ""occ_01"", ""pir_door"": 1, ""pir_seat"": -1}"
26562,3,closed,ok,2026-09-03T14:14:10.874509+00:00,2026-09-03T14:14:11.214598+00:00,"{""door_main"": 0, ""door_sub"": 1, ""node"": ""occ_01"", ""pir_door"": 0, ""pir_seat"": -1}"
26563,3,closed,ok,2026-09-03T14:14:11.886526+00:00,2026-09-03T14:14:12.044598+00:00,"{""door_main"": 0, ""door_sub"": 1, ""node"": ""occ_01"", ""pir_door"": 0, ""pir_seat"": -1}"
26564,3,closed,ok,2026-09-03T14:14:12.898658+00:00,2026-09-03T14:14:13.225699+00:00,"{""door_main"": 0, ""door_sub"": 1, ""node"": ""occ_01"", ""pir_door"": 0, ""pir_seat"": -1}"
26565,3,closed,ok,2026-09-03T14:14:13.910698+00:00,2026-09-03T14:14:14.234484+00:00,"{""door_main"": 0, ""door_sub"": 1, ""node"": ""occ_01"", ""pir_door"": 0, ""pir_seat"": -1}"
26566,3,closed,ok,2026-09-03T14:14:14.923057+00:00,2026-09-03T14:14:15.244571+00:00,"{""door_main"": 0, ""door_sub"": 1, ""node"": ""occ_01"", ""pir_door"": 1, ""pir_seat"": -1}"
26567,3,closed,ok,2026-09-03T14:14:15.934586+00:00,2026-09-03T14:14:16.129577+00:00,"{""door_main"": 0, ""door_sub"": 1, ""node"": ""occ_01"", ""pir_door"": 0, ""pir_seat"": -1}"
26568,3,closed,ok,2026-09-03T14:14:16.946929+00:00,2026-09-03T14:14:17.119872+00:00,"{""door_main"": 0, ""door_sub"": 1, ""node"": ""occ_01"", ""pir_door"": 0, ""pir_seat"": -1}"
26569,3,closed,ok,2026-09-03T14:14:17.958586+00:00,2026-09-03T14:14:18.277785+00:00,"{""door_main"": 0, ""door_sub"": 1, ""node"": ""occ_01"", ""pir_door"": 0, ""pir_seat"": -1}"
26570,3,closed,ok,2026-09-03T14:14:18.970742+00:00,2026-09-03T14:14:19.314556+00:00,"{""door_main"": 0, ""door_sub"": 1, ""node"": ""occ_01"", ""pir_door"": 0, ""pir_seat"": -1}"
26571,3,closed,ok,2026-09-03T14:14:19.982575+00:00,2026-09-03T14:14:20.285182+00:00,"{""door_main"": 0, ""door_sub"": 1, ""node"": ""occ_01"", ""pir_door"": 0, ""pir_seat"": -1}"
26572,3,closed,ok,2026-09-03T14:14:21.022857+00:00,2026-09-03T14:14:21.434881+00:00,"{""door_main"": 0, ""door_sub"": 1, ""node"": ""occ_01"", ""pir_door"": 0, ""pir_seat"": -1}"
26573,3,closed,ok,2026-09-03T14:14:22.006556+00:00,2026-09-03T14:14:22.204728+00:00,"{""door_main"": 0, ""door_sub"": 1, ""node"": ""occ_01"", ""pir_door"": 0, ""pir_seat"": -1}"
26574,3,closed,ok,2026-09-03T14:14:23.018669+00:00,2026-09-03T14:14:23.336395+00:00,"{""door_main"": 0, ""door_sub"": 1, ""node"": ""occ_01"", ""pir_door"": 1, ""pir_seat"": -1}"
26575,3,closed,ok,2026-09-03T14:14:24.030582+00:00,2026-09-03T14:14:24.421747+00:00,"{""door_main"": 0, ""door_sub"": 1, ""node"": ""occ_01"", ""pir_door"": 0, ""pir_seat"": -1}"
26576,3,closed,ok,2026-09-03T14:14:25.046627+00:00,2026-09-03T14:14:25.442264+00:00,"{""door_main"": 0, ""door_sub"": 1, ""node"": ""occ_01"", ""pir_door"": 0, ""pir_seat"": -1}"
26577,3,closed,ok,2026-09-03T14:14:26.054765+00:00,2026-09-03T14:14:26.278145+00:00,"{""door_main"": 0, ""door_sub"": 1, ""node"": ""occ_01"", ""pir_door"": 0, ""pir_seat"": -1}"
26578,3,closed,ok,2026-09-03T14:14:27.066671+00:00,2026-09-03T14:14:27.255901+00:00,"{""door_main"": 0, ""door_sub"": 1, ""node"": ""occ_01"", ""pir_door"": 1, ""pir_seat"": -1}"
26579,3,closed,ok,2026-09-03T14:14:28.078618+00:00,2026-09-03T14:14:28.405366+00:00,"{""door_main"": 0, ""door_sub"": 1, ""node"": ""occ_01"", ""pir_door"": 0, ""pir_seat"": -1}"
26580,3,closed,ok,2026-09-03T14:14:29.092968+00:00,2026-09-03T14:14:29.424564+00:00,"{""door_main"": 0, ""door_sub"": 1, ""node"": ""occ_01"", ""pir_door"": 0, ""pir_seat"": -1}"
26581,3,closed,ok,2026-09-03T14:14:30.104340+00:00,2026-09-03T14:14:30.440147+00:00,"{""door_main"": 0, ""door_sub"": 1, ""node"": ""occ_01"", ""pir_door"": 0, ""pir_seat"": -1}"
26582,3,closed,ok,2026-09-03T14:14:31.162763+00:00,2026-09-03T14:14:31.525599+00:00,"{""door_main"": 0, ""door_sub"": 1, ""node"": ""occ_01"", ""pir_door"": 0, ""pir_seat"": -1}"
26583,3,closed,ok,2026-09-03T14:14:32.128742+00:00,2026-09-03T14:14:32.330004+00:00,"{""door_main"": 0, ""door_sub"": 1, ""node"": ""occ_01"", ""pir_door"": 0, ""pir_seat"": -1}"
26584,3,closed,ok,2026-09-03T14:14:33.138713+00:00,2026-09-03T14:14:33.448995+00:00,"{""door_main"": 0, ""door_sub"": 1, ""node"": ""occ_01"", ""pir_door"": 0, ""pir_seat"": -1}"
26585,3,closed,ok,2026-09-03T14:14:34.151378+00:00,2026-09-03T14:14:34.545068+00:00,"{""door_main"": 0, ""door_sub"": 1, ""node"": ""occ_01"", ""pir_door"": 0, ""pir_seat"": -1}"
26586,3,closed,ok,2026-09-03T14:14:35.164460+00:00,2026-09-03T14:14:35.554838+00:00,"{""door_main"": 0, ""door_sub"": 1, ""node"": ""occ_01"", ""pir_door"": 0, ""pir_seat"": -1}"
26587,3,closed,ok,2026-09-03T14:14:36.313732+00:00,2026-09-03T14:14:36.629490+00:00,"{""door_main"": 0, ""door_sub"": 1, ""node"": ""occ_01"", ""pir_door"": 0, ""pir_seat"": -1}"
26588,3,closed,ok,2026-09-03T14:14:37.188435+00:00,2026-09-03T14:14:37.380452+00:00,"{""door_main"": 0, ""door_sub"": 1, ""node"": ""occ_01"", ""pir_door"": 0, ""pir_seat"": -1}"
26589,3,closed,ok,2026-09-03T14:14:38.198969+00:00,2026-09-03T14:14:38.529559+00:00,"{""door_main"": 0, ""door_sub"": 1, ""node"": ""occ_01"", ""pir_door"": 0, ""pir_seat"": -1}"
26590,3,closed,ok,2026-09-03T14:14:39.210729+00:00,2026-09-03T14:14:39.555924+00:00,"{""door_main"": 0, ""door_sub"": 1, ""node"": ""occ_01"", ""pir_door"": 0, ""pir_seat"": -1}"
26591,3,closed,ok,2026-09-03T14:14:40.224340+00:00,2026-09-03T14:14:40.575625+00:00,"{""door_main"": 0, ""door_sub"": 1, ""node"": ""occ_01"", ""pir_door"": 1, ""pir_seat"": -1}"
26592,3,closed,ok,2026-09-03T14:14:41.278036+00:00,2026-09-03T14:14:41.645066+00:00,"{""door_main"": 0, ""door_sub"": 1, ""node"": ""occ_01"", ""pir_door"": 0, ""pir_seat"": -1}"
26593,3,closed,ok,2026-09-03T14:14:42.253609+00:00,2026-09-03T14:14:42.459810+00:00,"{""door_main"": 0, ""door_sub"": 1, ""node"": ""occ_01"", ""pir_door"": 0, ""pir_seat"": -1}"
26594,3,closed,ok,2026-09-03T14:14:43.260730+00:00,2026-09-03T14:14:43.654516+00:00,"{""door_main"": 0, ""door_sub"": 1, ""node"": ""occ_01"", ""pir_door"": 0, ""pir_seat"": -1}"
26595,3,closed,ok,2026-09-03T14:14:44.272743+00:00,2026-09-03T14:14:44.654766+00:00,"{""door_main"": 0, ""door_sub"": 1, ""node"": ""occ_01"", ""pir_door"": 1, ""pir_seat"": -1}"
26596,3,closed,ok,2026-09-03T14:14:45.282875+00:00,2026-09-03T14:14:45.470230+00:00,"{""door_main"": 0, ""door_sub"": 1, ""node"": ""occ_01"", ""pir_door"": 0, ""pir_seat"": -1}"
26597,3,closed,ok,2026-09-03T14:14:46.294762+00:00,2026-09-03T14:14:46.464768+00:00,"{""door_main"": 0, ""door_sub"": 1, ""node"": ""occ_01"", ""pir_door"": 0, ""pir_seat"": -1}"
26598,3,closed,ok,2026-09-03T14:14:47.306809+00:00,2026-09-03T14:14:47.480687+00:00,"{""door_main"": 0, ""door_sub"": 1, ""node"": ""occ_01"", ""pir_door"": 0, ""pir_seat"": -1}"
26599,3,closed,ok,2026-09-03T14:14:48.318785+00:00,2026-09-03T14:14:48.689557+00:00,"{""door_main"": 0, ""door_sub"": 1, ""node"": ""occ_01"", ""pir_door"": 0, ""pir_seat"": -1}"
26600,3,closed,ok,2026-09-03T14:14:49.332574+00:00,2026-09-03T14:14:49.665015+00:00,"{""door_main"": 0, ""door_sub"": 1, ""node"": ""occ_01"", ""pir_door"": 0, ""pir_seat"": -1}"
26601,3,closed,ok,2026-09-03T14:14:50.342839+00:00,2026-09-03T14:14:50.641928+00:00,"{""door_main"": 0, ""door_sub"": 1, ""node"": ""occ_01"", ""pir_door"": 0, ""pir_seat"": -1}"
26602,3,closed,ok,2026-09-03T14:14:51.356375+00:00,2026-09-03T14:14:51.554825+00:00,"{""door_main"": 0, ""door_sub"": 1, ""node"": ""occ_01"", ""pir_door"": 0, ""pir_seat"": -1}"
26603,3,closed,ok,2026-09-03T14:14:52.366904+00:00,2026-09-03T14:14:52.534909+00:00,"{""door_main"": 0, ""door_sub"": 1, ""node"": ""occ_01"", ""pir_door"": 0, ""pir_seat"": -1}"
26604,3,closed,ok,2026-09-03T14:14:53.378968+00:00,2026-09-03T14:14:53.750161+00:00,"{""door_main"": 0, ""door_sub"": 1, ""node"": ""occ_01"", ""pir_door"": 1, ""pir_seat"": -1}"
26605,3,closed,ok,2026-09-03T14:14:54.390949+00:00,2026-09-03T14:14:54.769838+00:00,"{""door_main"": 0, ""door_sub"": 1, ""node"": ""occ_01"", ""pir_door"": 0, ""pir_seat"": -1}"
26606,3,closed,ok,2026-09-03T14:14:55.404412+00:00,2026-09-03T14:14:55.574652+00:00,"{""door_main"": 0, ""door_sub"": 1, ""node"": ""occ_01"", ""pir_door"": 0, ""pir_seat"": -1}"
26607,3,closed,ok,2026-09-03T14:14:56.416405+00:00,2026-09-03T14:14:56.594507+00:00,"{""door_main"": 0, ""door_sub"": 1, ""node"": ""occ_01"", ""pir_door"": 0, ""pir_seat"": -1}"
26608,3,closed,ok,2026-09-03T14:14:57.430307+00:00,2026-09-03T14:14:57.604699+00:00,"{""door_main"": 0, ""door_sub"": 1, ""node"": ""occ_01"", ""pir_door"": 0, ""pir_seat"": -1}"
26609,3,closed,ok,2026-09-03T14:14:58.439004+00:00,2026-09-03T14:14:58.759875+00:00,"{""door_main"": 0, ""door_sub"": 1, ""node"": ""occ_01"", ""pir_door"": 0, ""pir_seat"": -1}"
26610,3,closed,ok,2026-09-03T14:14:59.452538+00:00,2026-09-03T14:14:59.765110+00:00,"{""door_main"": 0, ""door_sub"": 1, ""node"": ""occ_01"", ""pir_door"": 0, ""pir_seat"": -1}"
26611,3,closed,ok,2026-09-03T14:15:00.464528+00:00,2026-09-03T14:15:00.820720+00:00,"{""door_main"": 0, ""door_sub"": 1, ""node"": ""occ_01"", ""pir_door"": 0, ""pir_seat"": -1}"
26612,3,closed,ok,2026-09-03T14:15:01.542779+00:00,2026-09-03T14:15:01.725970+00:00,"{""door_main"": 0, ""door_sub"": 1, ""node"": ""occ_01"", ""pir_door"": 0, ""pir_seat"": -1}"
26613,3,closed,ok,2026-09-03T14:15:02.490098+00:00,2026-09-03T14:15:02.700030+00:00,"{""door_main"": 0, ""door_sub"": 1, ""node"": ""occ_01"", ""pir_door"": 0, ""pir_seat"": -1}"
26614,3,closed,ok,2026-09-03T14:15:03.499026+00:00,2026-09-03T14:15:04.098067+00:00,"{""door_main"": 0, ""door_sub"": 1, ""node"": ""occ_01"", ""pir_door"": 0, ""pir_seat"": -1}"
26615,3,closed,ok,2026-09-03T14:15:04.510915+00:00,2026-09-03T14:15:04.889689+00:00,"{""door_main"": 0, ""door_sub"": 1, ""node"": ""occ_01"", ""pir_door"": 0, ""pir_seat"": -1}"
26616,3,closed,ok,2026-09-03T14:15:05.888055+00:00,2026-09-03T14:15:06.064958+00:00,"{""door_main"": 0, ""door_sub"": 1, ""node"": ""occ_01"", ""pir_door"": 0, ""pir_seat"": -1}"
26617,3,closed,ok,2026-09-03T14:15:06.535037+00:00,2026-09-03T14:15:06.834655+00:00,"{""door_main"": 0, ""door_sub"": 1, ""node"": ""occ_01"", ""pir_door"": 0, ""pir_seat"": -1}"
26618,3,closed,ok,2026-09-03T14:15:07.547030+00:00,2026-09-03T14:15:07.894770+00:00,"{""door_main"": 0, ""door_sub"": 1, ""node"": ""occ_01"", ""pir_door"": 0, ""pir_seat"": -1}"
26619,3,closed,ok,2026-09-03T14:15:08.561422+00:00,2026-09-03T14:15:08.874781+00:00,"{""door_main"": 0, ""door_sub"": 1, ""node"": ""occ_01"", ""pir_door"": 0, ""pir_seat"": -1}"
26620,3,closed,ok,2026-09-03T14:15:09.571304+00:00,2026-09-03T14:15:09.955607+00:00,"{""door_main"": 0, ""door_sub"": 1, ""node"": ""occ_01"", ""pir_door"": 0, ""pir_seat"": -1}"
26621,3,closed,ok,2026-09-03T14:15:11.181979+00:00,2026-09-03T14:15:11.520515+00:00,"{""door_main"": 0, ""door_sub"": 1, ""node"": ""occ_01"", ""pir_door"": 0, ""pir_seat"": -1}"
26622,3,closed,ok,2026-09-03T14:15:11.643950+00:00,2026-09-03T14:15:11.900243+00:00,"{""door_main"": 0, ""door_sub"": 1, ""node"": ""occ_01"", ""pir_door"": 0, ""pir_seat"": -1}"
26623,3,closed,ok,2026-09-03T14:15:12.609302+00:00,2026-09-03T14:15:12.879850+00:00,"{""door_main"": 0, ""door_sub"": 1, ""node"": ""occ_01"", ""pir_door"": 1, ""pir_seat"": -1}"
26624,3,closed,ok,2026-09-03T14:15:13.622629+00:00,2026-09-03T14:15:13.954564+00:00,"{""door_main"": 0, ""door_sub"": 1, ""node"": ""occ_01"", ""pir_door"": 0, ""pir_seat"": -1}"
26625,3,closed,ok,2026-09-03T14:15:14.631219+00:00,2026-09-03T14:15:14.941536+00:00,"{""door_main"": 0, ""door_sub"": 1, ""node"": ""occ_01"", ""pir_door"": 0, ""pir_seat"": -1}"
26626,3,closed,ok,2026-09-03T14:15:15.907982+00:00,2026-09-03T14:15:16.070363+00:00,"{""door_main"": 0, ""door_sub"": 1, ""node"": ""occ_01"", ""pir_door"": 0, ""pir_seat"": -1}"
26627,3,closed,ok,2026-09-03T14:15:16.656605+00:00,2026-09-03T14:15:16.819564+00:00,"{""door_main"": 0, ""door_sub"": 1, ""node"": ""occ_01"", ""pir_door"": 0, ""pir_seat"": -1}"
26628,3,closed,ok,2026-09-03T14:15:17.672019+00:00,2026-09-03T14:15:17.834824+00:00,"{""door_main"": 0, ""door_sub"": 1, ""node"": ""occ_01"", ""pir_door"": 0, ""pir_seat"": -1}"
26629,3,closed,ok,2026-09-03T14:15:18.682186+00:00,2026-09-03T14:15:18.999911+00:00,"{""door_main"": 0, ""door_sub"": 1, ""node"": ""occ_01"", ""pir_door"": 0, ""pir_seat"": -1}"
26630,3,closed,ok,2026-09-03T14:15:19.692637+00:00,2026-09-03T14:15:19.994630+00:00,"{""door_main"": 0, ""door_sub"": 1, ""node"": ""occ_01"", ""pir_door"": 1, ""pir_seat"": -1}"
26631,3,closed,ok,2026-09-03T14:15:21.202833+00:00,2026-09-03T14:15:21.489602+00:00,"{""door_main"": 0, ""door_sub"": 1, ""node"": ""occ_01"", ""pir_door"": 0, ""pir_seat"": -1}"
26632,3,closed,ok,2026-09-03T14:15:21.715062+00:00,2026-09-03T14:15:21.884628+00:00,"{""door_main"": 0, ""door_sub"": 1, ""node"": ""occ_01"", ""pir_door"": 0, ""pir_seat"": -1}"
26633,3,closed,ok,2026-09-03T14:15:22.728710+00:00,2026-09-03T14:15:22.880433+00:00,"{""door_main"": 0, ""door_sub"": 1, ""node"": ""occ_01"", ""pir_door"": 0, ""pir_seat"": -1}"
26634,3,closed,ok,2026-09-03T14:15:23.739149+00:00,2026-09-03T14:15:24.089591+00:00,"{""door_main"": 0, ""door_sub"": 1, ""node"": ""occ_01"", ""pir_door"": 0, ""pir_seat"": -1}"
26635,3,closed,ok,2026-09-03T14:15:24.751051+00:00,2026-09-03T14:15:25.029875+00:00,"{""door_main"": 0, ""door_sub"": 1, ""node"": ""occ_01"", ""pir_door"": 0, ""pir_seat"": -1}"
26636,3,closed,ok,2026-09-03T14:15:25.987700+00:00,2026-09-03T14:15:26.160308+00:00,"{""door_main"": 0, ""door_sub"": 1, ""node"": ""occ_01"", ""pir_door"": 0, ""pir_seat"": -1}"
26637,3,closed,ok,2026-09-03T14:15:26.775138+00:00,2026-09-03T14:15:26.980435+00:00,"{""door_main"": 0, ""door_sub"": 1, ""node"": ""occ_01"", ""pir_door"": 1, ""pir_seat"": -1}"
26638,3,closed,ok,2026-09-03T14:15:27.788150+00:00,2026-09-03T14:15:27.971585+00:00,"{""door_main"": 0, ""door_sub"": 1, ""node"": ""occ_01"", ""pir_door"": 0, ""pir_seat"": -1}"
26639,3,closed,ok,2026-09-03T14:15:28.799304+00:00,2026-09-03T14:15:29.124615+00:00,"{""door_main"": 0, ""door_sub"": 1, ""node"": ""occ_01"", ""pir_door"": 0, ""pir_seat"": -1}"
26640,3,closed,ok,2026-09-03T14:15:29.813081+00:00,2026-09-03T14:15:30.140975+00:00,"{""door_main"": 0, ""door_sub"": 1, ""node"": ""occ_01"", ""pir_door"": 1, ""pir_seat"": -1}"
26641,3,closed,ok,2026-09-03T14:15:31.222008+00:00,2026-09-03T14:15:31.465836+00:00,"{""door_main"": 0, ""door_sub"": 1, ""node"": ""occ_01"", ""pir_door"": 0, ""pir_seat"": -1}"
26642,3,closed,ok,2026-09-03T14:15:31.836773+00:00,2026-09-03T14:15:32.080612+00:00,"{""door_main"": 0, ""door_sub"": 1, ""node"": ""occ_01"", ""pir_door"": 0, ""pir_seat"": -1}"
26643,3,closed,ok,2026-09-03T14:15:32.847103+00:00,2026-09-03T14:15:33.014560+00:00,"{""door_main"": 0, ""door_sub"": 1, ""node"": ""occ_01"", ""pir_door"": 0, ""pir_seat"": -1}"
26644,3,closed,ok,2026-09-03T14:15:33.865021+00:00,2026-09-03T14:15:34.189859+00:00,"{""door_main"": 0, ""door_sub"": 1, ""node"": ""occ_01"", ""pir_door"": 0, ""pir_seat"": -1}"
26645,3,closed,ok,2026-09-03T14:15:34.871150+00:00,2026-09-03T14:15:35.200019+00:00,"{""door_main"": 0, ""door_sub"": 1, ""node"": ""occ_01"", ""pir_door"": 0, ""pir_seat"": -1}"
26646,3,closed,ok,2026-09-03T14:15:36.012919+00:00,2026-09-03T14:15:36.185493+00:00,"{""door_main"": 0, ""door_sub"": 1, ""node"": ""occ_01"", ""pir_door"": 0, ""pir_seat"": -1}"
26647,3,closed,ok,2026-09-03T14:15:36.896104+00:00,2026-09-03T14:15:37.074751+00:00,"{""door_main"": 0, ""door_sub"": 1, ""node"": ""occ_01"", ""pir_door"": 1, ""pir_seat"": -1}"
26648,3,closed,ok,2026-09-03T14:15:37.907289+00:00,2026-09-03T14:15:38.170107+00:00,"{""door_main"": 0, ""door_sub"": 1, ""node"": ""occ_01"", ""pir_door"": 0, ""pir_seat"": -1}"
26649,3,closed,ok,2026-09-03T14:15:38.920755+00:00,2026-09-03T14:15:39.230297+00:00,"{""door_main"": 0, ""door_sub"": 1, ""node"": ""occ_01"", ""pir_door"": 0, ""pir_seat"": -1}"
26650,3,closed,ok,2026-09-03T14:15:39.932795+00:00,2026-09-03T14:15:40.189779+00:00,"{""door_main"": 0, ""door_sub"": 1, ""node"": ""occ_01"", ""pir_door"": 0, ""pir_seat"": -1}"
26651,3,closed,ok,2026-09-03T14:15:41.337916+00:00,2026-09-03T14:15:41.740318+00:00,"{""door_main"": 0, ""door_sub"": 1, ""node"": ""occ_01"", ""pir_door"": 0, ""pir_seat"": -1}"
26652,3,closed,ok,2026-09-03T14:15:41.955207+00:00,2026-09-03T14:15:42.134748+00:00,"{""door_main"": 0, ""door_sub"": 1, ""node"": ""occ_01"", ""pir_door"": 0, ""pir_seat"": -1}"
26653,3,closed,ok,2026-09-03T14:15:42.967325+00:00,2026-09-03T14:15:43.149618+00:00,"{""door_main"": 0, ""door_sub"": 1, ""node"": ""occ_01"", ""pir_door"": 0, ""pir_seat"": -1}"
26654,3,closed,ok,2026-09-03T14:15:43.982182+00:00,2026-09-03T14:15:44.269720+00:00,"{""door_main"": 0, ""door_sub"": 1, ""node"": ""occ_01"", ""pir_door"": 0, ""pir_seat"": -1}"
26655,3,closed,ok,2026-09-03T14:15:44.994906+00:00,2026-09-03T14:15:45.329416+00:00,"{""door_main"": 0, ""door_sub"": 1, ""node"": ""occ_01"", ""pir_door"": 0, ""pir_seat"": -1}"
26656,3,closed,ok,2026-09-03T14:15:46.107782+00:00,2026-09-03T14:15:46.274609+00:00,"{""door_main"": 0, ""door_sub"": 1, ""node"": ""occ_01"", ""pir_door"": 0, ""pir_seat"": -1}"
26657,3,closed,ok,2026-09-03T14:15:47.015469+00:00,2026-09-03T14:15:47.194714+00:00,"{""door_main"": 0, ""door_sub"": 1, ""node"": ""occ_01"", ""pir_door"": 0, ""pir_seat"": -1}"
26658,3,closed,ok,2026-09-03T14:15:48.027323+00:00,2026-09-03T14:15:48.405144+00:00,"{""door_main"": 0, ""door_sub"": 1, ""node"": ""occ_01"", ""pir_door"": 1, ""pir_seat"": -1}"
26659,3,closed,ok,2026-09-03T14:15:49.040689+00:00,2026-09-03T14:15:49.374610+00:00,"{""door_main"": 0, ""door_sub"": 1, ""node"": ""occ_01"", ""pir_door"": 0, ""pir_seat"": -1}"
26660,3,closed,ok,2026-09-03T14:15:50.051254+00:00,2026-09-03T14:15:50.360066+00:00,"{""door_main"": 0, ""door_sub"": 1, ""node"": ""occ_01"", ""pir_door"": 0, ""pir_seat"": -1}"
26661,3,closed,ok,2026-09-03T14:15:51.337780+00:00,2026-09-03T14:15:51.514835+00:00,"{""door_main"": 0, ""door_sub"": 1, ""node"": ""occ_01"", ""pir_door"": 0, ""pir_seat"": -1}"
26662,3,closed,ok,2026-09-03T14:15:52.077284+00:00,2026-09-03T14:15:52.260490+00:00,"{""door_main"": 0, ""door_sub"": 1, ""node"": ""occ_01"", ""pir_door"": 0, ""pir_seat"": -1}"
26663,3,closed,ok,2026-09-03T14:15:53.087283+00:00,2026-09-03T14:15:53.294511+00:00,"{""door_main"": 0, ""door_sub"": 1, ""node"": ""occ_01"", ""pir_door"": 0, ""pir_seat"": -1}"
26664,3,closed,ok,2026-09-03T14:15:54.100638+00:00,2026-09-03T14:15:54.474651+00:00,"{""door_main"": 0, ""door_sub"": 1, ""node"": ""occ_01"", ""pir_door"": 0, ""pir_seat"": -1}"
26665,3,closed,ok,2026-09-03T14:15:55.112914+00:00,2026-09-03T14:15:55.414705+00:00,"{""door_main"": 0, ""door_sub"": 1, ""node"": ""occ_01"", ""pir_door"": 0, ""pir_seat"": -1}"
26666,3,closed,ok,2026-09-03T14:15:56.142802+00:00,2026-09-03T14:15:56.309595+00:00,"{""door_main"": 0, ""door_sub"": 1, ""node"": ""occ_01"", ""pir_door"": 0, ""pir_seat"": -1}"
26667,3,closed,ok,2026-09-03T14:15:57.136887+00:00,2026-09-03T14:15:57.324723+00:00,"{""door_main"": 0, ""door_sub"": 1, ""node"": ""occ_01"", ""pir_door"": 0, ""pir_seat"": -1}"
26668,3,closed,ok,2026-09-03T14:15:58.148911+00:00,2026-09-03T14:15:58.494644+00:00,"{""door_main"": 0, ""door_sub"": 1, ""node"": ""occ_01"", ""pir_door"": 0, ""pir_seat"": -1}"
26669,3,closed,ok,2026-09-03T14:15:59.159428+00:00,2026-09-03T14:15:59.514808+00:00,"{""door_main"": 0, ""door_sub"": 1, ""node"": ""occ_01"", ""pir_door"": 0, ""pir_seat"": -1}"
26670,3,closed,ok,2026-09-03T14:16:00.171493+00:00,2026-09-03T14:16:00.509351+00:00,"{""door_main"": 0, ""door_sub"": 1, ""node"": ""occ_01"", ""pir_door"": 0, ""pir_seat"": -1}"
26671,3,closed,ok,2026-09-03T14:16:01.522947+00:00,2026-09-03T14:16:01.780485+00:00,"{""door_main"": 0, ""door_sub"": 1, ""node"": ""occ_01"", ""pir_door"": 0, ""pir_seat"": -1}"
26672,3,closed,ok,2026-09-03T14:16:02.202163+00:00,2026-09-03T14:16:02.511144+00:00,"{""door_main"": 0, ""door_sub"": 1, ""node"": ""occ_01"", ""pir_door"": 0, ""pir_seat"": -1}"
26673,3,closed,ok,2026-09-03T14:16:03.213316+00:00,2026-09-03T14:16:03.445693+00:00,"{""door_main"": 0, ""door_sub"": 1, ""node"": ""occ_01"", ""pir_door"": 0, ""pir_seat"": -1}"
26674,3,closed,ok,2026-09-03T14:16:04.219464+00:00,2026-09-03T14:16:04.567889+00:00,"{""door_main"": 0, ""door_sub"": 1, ""node"": ""occ_01"", ""pir_door"": 0, ""pir_seat"": -1}"
26675,3,closed,ok,2026-09-03T14:16:05.236048+00:00,2026-09-03T14:16:05.589726+00:00,"{""door_main"": 0, ""door_sub"": 1, ""node"": ""occ_01"", ""pir_door"": 0, ""pir_seat"": -1}"
26676,3,closed,ok,2026-09-03T14:16:06.243355+00:00,2026-09-03T14:16:06.419698+00:00,"{""door_main"": 0, ""door_sub"": 1, ""node"": ""occ_01"", ""pir_door"": 0, ""pir_seat"": -1}"
26677,3,closed,ok,2026-09-03T14:16:07.255496+00:00,2026-09-03T14:16:07.640203+00:00,"{""door_main"": 0, ""door_sub"": 1, ""node"": ""occ_01"", ""pir_door"": 1, ""pir_seat"": -1}"
26678,3,closed,ok,2026-09-03T14:16:08.267411+00:00,2026-09-03T14:16:08.609725+00:00,"{""door_main"": 0, ""door_sub"": 1, ""node"": ""occ_01"", ""pir_door"": 0, ""pir_seat"": -1}"
26679,3,closed,ok,2026-09-03T14:16:09.279443+00:00,2026-09-03T14:16:09.636036+00:00,"{""door_main"": 0, ""door_sub"": 1, ""node"": ""occ_01"", ""pir_door"": 0, ""pir_seat"": -1}"
26680,3,closed,ok,2026-09-03T14:16:10.291452+00:00,2026-09-03T14:16:10.659858+00:00,"{""door_main"": 0, ""door_sub"": 1, ""node"": ""occ_01"", ""pir_door"": 0, ""pir_seat"": -1}"
26681,3,closed,ok,2026-09-03T14:16:11.558306+00:00,2026-09-03T14:16:11.894634+00:00,"{""door_main"": 0, ""door_sub"": 1, ""node"": ""occ_01"", ""pir_door"": 0, ""pir_seat"": -1}"
26682,3,closed,ok,2026-09-03T14:16:12.315399+00:00,2026-09-03T14:16:12.504774+00:00,"{""door_main"": 0, ""door_sub"": 1, ""node"": ""occ_01"", ""pir_door"": 1, ""pir_seat"": -1}"
26683,3,closed,ok,2026-09-03T14:16:13.327531+00:00,2026-09-03T14:16:13.654637+00:00,"{""door_main"": 0, ""door_sub"": 1, ""node"": ""occ_01"", ""pir_door"": 0, ""pir_seat"": -1}"
26684,3,closed,ok,2026-09-03T14:16:14.341424+00:00,2026-09-03T14:16:14.702124+00:00,"{""door_main"": 0, ""door_sub"": 1, ""node"": ""occ_01"", ""pir_door"": 0, ""pir_seat"": -1}"
26685,3,closed,ok,2026-09-03T14:16:15.351504+00:00,2026-09-03T14:16:15.640300+00:00,"{""door_main"": 0, ""door_sub"": 1, ""node"": ""occ_01"", ""pir_door"": 0, ""pir_seat"": -1}"
26686,3,closed,ok,2026-09-03T14:16:16.363484+00:00,2026-09-03T14:16:16.539874+00:00,"{""door_main"": 0, ""door_sub"": 1, ""node"": ""occ_01"", ""pir_door"": 0, ""pir_seat"": -1}"
26687,3,closed,ok,2026-09-03T14:16:17.375565+00:00,2026-09-03T14:16:17.575678+00:00,"{""door_main"": 0, ""door_sub"": 1, ""node"": ""occ_01"", ""pir_door"": 1, ""pir_seat"": -1}"
26688,3,closed,ok,2026-09-03T14:16:18.393163+00:00,2026-09-03T14:16:18.764560+00:00,"{""door_main"": 0, ""door_sub"": 1, ""node"": ""occ_01"", ""pir_door"": 0, ""pir_seat"": -1}"
26689,3,closed,ok,2026-09-03T14:16:19.401186+00:00,2026-09-03T14:16:19.734610+00:00,"{""door_main"": 0, ""door_sub"": 1, ""node"": ""occ_01"", ""pir_door"": 0, ""pir_seat"": -1}"
26690,3,closed,ok,2026-09-03T14:16:20.411540+00:00,2026-09-03T14:16:20.799967+00:00,"{""door_main"": 0, ""door_sub"": 1, ""node"": ""occ_01"", ""pir_door"": 0, ""pir_seat"": -1}"
26691,3,closed,ok,2026-09-03T14:16:21.437768+00:00,2026-09-03T14:16:21.634788+00:00,"{""door_main"": 0, ""door_sub"": 1, ""node"": ""occ_01"", ""pir_door"": 1, ""pir_seat"": -1}"
26692,3,closed,ok,2026-09-03T14:16:22.435483+00:00,2026-09-03T14:16:22.614698+00:00,"{""door_main"": 0, ""door_sub"": 1, ""node"": ""occ_01"", ""pir_door"": 0, ""pir_seat"": -1}"
26693,3,closed,ok,2026-09-03T14:16:23.447517+00:00,2026-09-03T14:16:23.794428+00:00,"{""door_main"": 0, ""door_sub"": 1, ""node"": ""occ_01"", ""pir_door"": 0, ""pir_seat"": -1}"
26694,3,closed,ok,2026-09-03T14:16:24.459406+00:00,2026-09-03T14:16:24.744784+00:00,"{""door_main"": 0, ""door_sub"": 1, ""node"": ""occ_01"", ""pir_door"": 0, ""pir_seat"": -1}"
26695,3,closed,ok,2026-09-03T14:16:25.474384+00:00,2026-09-03T14:16:25.679808+00:00,"{""door_main"": 0, ""door_sub"": 1, ""node"": ""occ_01"", ""pir_door"": 0, ""pir_seat"": -1}"
26696,3,closed,ok,2026-09-03T14:16:26.486501+00:00,2026-09-03T14:16:26.669723+00:00,"{""door_main"": 0, ""door_sub"": 1, ""node"": ""occ_01"", ""pir_door"": 1, ""pir_seat"": -1}"
26697,3,closed,ok,2026-09-03T14:16:27.500368+00:00,2026-09-03T14:16:27.675715+00:00,"{""door_main"": 0, ""door_sub"": 1, ""node"": ""occ_01"", ""pir_door"": 0, ""pir_seat"": -1}"
26698,3,closed,ok,2026-09-03T14:16:28.507497+00:00,2026-09-03T14:16:28.849601+00:00,"{""door_main"": 0, ""door_sub"": 1, ""node"": ""occ_01"", ""pir_door"": 0, ""pir_seat"": -1}"
26699,3,closed,ok,2026-09-03T14:16:29.520994+00:00,2026-09-03T14:16:29.809589+00:00,"{""door_main"": 0, ""door_sub"": 1, ""node"": ""occ_01"", ""pir_door"": 0, ""pir_seat"": -1}"
26700,3,closed,ok,2026-09-03T14:16:30.531475+00:00,2026-09-03T14:16:30.884672+00:00,"{""door_main"": 0, ""door_sub"": 1, ""node"": ""occ_01"", ""pir_door"": 1, ""pir_seat"": -1}"
26701,3,closed,ok,2026-09-03T14:16:31.543465+00:00,2026-09-03T14:16:31.734962+00:00,"{""door_main"": 0, ""door_sub"": 1, ""node"": ""occ_01"", ""pir_door"": 0, ""pir_seat"": -1}"
26702,3,closed,ok,2026-09-03T14:16:32.555441+00:00,2026-09-03T14:16:32.739845+00:00,"{""door_main"": 0, ""door_sub"": 1, ""node"": ""occ_01"", ""pir_door"": 0, ""pir_seat"": -1}"
26703,3,closed,ok,2026-09-03T14:16:33.567424+00:00,2026-09-03T14:16:33.739720+00:00,"{""door_main"": 0, ""door_sub"": 1, ""node"": ""occ_01"", ""pir_door"": 0, ""pir_seat"": -1}"
26704,3,closed,ok,2026-09-03T14:16:34.586025+00:00,2026-09-03T14:16:34.759953+00:00,"{""door_main"": 0, ""door_sub"": 1, ""node"": ""occ_01"", ""pir_door"": 0, ""pir_seat"": -1}"
26705,3,closed,ok,2026-09-03T14:16:35.593214+00:00,2026-09-03T14:16:35.780059+00:00,"{""door_main"": 0, ""door_sub"": 1, ""node"": ""occ_01"", ""pir_door"": 0, ""pir_seat"": -1}"
26706,3,closed,ok,2026-09-03T14:16:36.606479+00:00,2026-09-03T14:16:36.779791+00:00,"{""door_main"": 0, ""door_sub"": 1, ""node"": ""occ_01"", ""pir_door"": 0, ""pir_seat"": -1}"
26707,3,closed,ok,2026-09-03T14:16:37.618288+00:00,2026-09-03T14:16:37.794496+00:00,"{""door_main"": 0, ""door_sub"": 1, ""node"": ""occ_01"", ""pir_door"": 1, ""pir_seat"": -1}"
26708,3,closed,ok,2026-09-03T14:16:38.630799+00:00,2026-09-03T14:16:38.969795+00:00,"{""door_main"": 0, ""door_sub"": 1, ""node"": ""occ_01"", ""pir_door"": 0, ""pir_seat"": -1}"
26709,3,closed,ok,2026-09-03T14:16:39.641029+00:00,2026-09-03T14:16:39.974694+00:00,"{""door_main"": 0, ""door_sub"": 1, ""node"": ""occ_01"", ""pir_door"": 0, ""pir_seat"": -1}"
26710,3,closed,ok,2026-09-03T14:16:40.653042+00:00,2026-09-03T14:16:40.824424+00:00,"{""door_main"": 0, ""door_sub"": 1, ""node"": ""occ_01"", ""pir_door"": 0, ""pir_seat"": -1}"
26711,3,closed,ok,2026-09-03T14:16:41.663346+00:00,2026-09-03T14:16:41.829583+00:00,"{""door_main"": 0, ""door_sub"": 1, ""node"": ""occ_01"", ""pir_door"": 0, ""pir_seat"": -1}"
26712,3,closed,ok,2026-09-03T14:16:42.675331+00:00,2026-09-03T14:16:42.989531+00:00,"{""door_main"": 0, ""door_sub"": 1, ""node"": ""occ_01"", ""pir_door"": 1, ""pir_seat"": -1}"
26713,3,closed,ok,2026-09-03T14:16:43.690864+00:00,2026-09-03T14:16:43.859780+00:00,"{""door_main"": 0, ""door_sub"": 1, ""node"": ""occ_01"", ""pir_door"": 0, ""pir_seat"": -1}"
26714,3,closed,ok,2026-09-03T14:16:44.700942+00:00,2026-09-03T14:16:44.884577+00:00,"{""door_main"": 0, ""door_sub"": 1, ""node"": ""occ_01"", ""pir_door"": 0, ""pir_seat"": -1}"
26715,3,closed,ok,2026-09-03T14:16:45.714340+00:00,2026-09-03T14:16:45.889549+00:00,"{""door_main"": 0, ""door_sub"": 1, ""node"": ""occ_01"", ""pir_door"": 0, ""pir_seat"": -1}"
26716,3,closed,ok,2026-09-03T14:16:46.724980+00:00,2026-09-03T14:16:46.889575+00:00,"{""door_main"": 0, ""door_sub"": 1, ""node"": ""occ_01"", ""pir_door"": 0, ""pir_seat"": -1}"
26717,3,closed,ok,2026-09-03T14:16:47.735566+00:00,2026-09-03T14:16:47.940102+00:00,"{""door_main"": 0, ""door_sub"": 1, ""node"": ""occ_01"", ""pir_door"": 0, ""pir_seat"": -1}"
26718,3,closed,ok,2026-09-03T14:16:48.747459+00:00,2026-09-03T14:16:49.044529+00:00,"{""door_main"": 0, ""door_sub"": 1, ""node"": ""occ_01"", ""pir_door"": 0, ""pir_seat"": -1}"
26719,3,closed,ok,2026-09-03T14:16:49.760883+00:00,2026-09-03T14:16:50.114698+00:00,"{""door_main"": 0, ""door_sub"": 1, ""node"": ""occ_01"", ""pir_door"": 0, ""pir_seat"": -1}"
26720,3,closed,ok,2026-09-03T14:16:50.777462+00:00,2026-09-03T14:16:50.939746+00:00,"{""door_main"": 0, ""door_sub"": 1, ""node"": ""occ_01"", ""pir_door"": 0, ""pir_seat"": -1}"
26721,3,closed,ok,2026-09-03T14:16:51.784780+00:00,2026-09-03T14:16:51.969568+00:00,"{""door_main"": 0, ""door_sub"": 1, ""node"": ""occ_01"", ""pir_door"": 0, ""pir_seat"": -1}"
26722,3,closed,ok,2026-09-03T14:16:52.795386+00:00,2026-09-03T14:16:52.979779+00:00,"{""door_main"": 0, ""door_sub"": 1, ""node"": ""occ_01"", ""pir_door"": 0, ""pir_seat"": -1}"
26723,3,closed,ok,2026-09-03T14:16:53.807298+00:00,2026-09-03T14:16:53.984745+00:00,"{""door_main"": 0, ""door_sub"": 1, ""node"": ""occ_01"", ""pir_door"": 1, ""pir_seat"": -1}"
26724,3,closed,ok,2026-09-03T14:16:54.819411+00:00,2026-09-03T14:16:54.989900+00:00,"{""door_main"": 0, ""door_sub"": 1, ""node"": ""occ_01"", ""pir_door"": 0, ""pir_seat"": -1}"
26725,3,closed,ok,2026-09-03T14:16:55.831827+00:00,2026-09-03T14:16:56.030862+00:00,"{""door_main"": 0, ""door_sub"": 1, ""node"": ""occ_01"", ""pir_door"": 0, ""pir_seat"": -1}"
26726,3,closed,ok,2026-09-03T14:16:56.844862+00:00,2026-09-03T14:16:57.000175+00:00,"{""door_main"": 0, ""door_sub"": 1, ""node"": ""occ_01"", ""pir_door"": 0, ""pir_seat"": -1}"
26727,3,closed,ok,2026-09-03T14:16:57.860541+00:00,2026-09-03T14:16:58.171843+00:00,"{""door_main"": 0, ""door_sub"": 1, ""node"": ""occ_01"", ""pir_door"": 1, ""pir_seat"": -1}"
26728,3,closed,ok,2026-09-03T14:16:58.868908+00:00,2026-09-03T14:16:59.229988+00:00,"{""door_main"": 0, ""door_sub"": 1, ""node"": ""occ_01"", ""pir_door"": 0, ""pir_seat"": -1}"
26729,3,closed,ok,2026-09-03T14:16:59.882261+00:00,2026-09-03T14:17:00.116442+00:00,"{""door_main"": 0, ""door_sub"": 1, ""node"": ""occ_01"", ""pir_door"": 0, ""pir_seat"": -1}"
26730,3,closed,ok,2026-09-03T14:17:00.895481+00:00,2026-09-03T14:17:01.064920+00:00,"{""door_main"": 0, ""door_sub"": 1, ""node"": ""occ_01"", ""pir_door"": 0, ""pir_seat"": -1}"
26731,3,closed,ok,2026-09-03T14:17:01.907277+00:00,2026-09-03T14:17:02.104960+00:00,"{""door_main"": 0, ""door_sub"": 1, ""node"": ""occ_01"", ""pir_door"": 0, ""pir_seat"": -1}"
26732,3,closed,ok,2026-09-03T14:17:02.915453+00:00,2026-09-03T14:17:03.105640+00:00,"{""door_main"": 0, ""door_sub"": 1, ""node"": ""occ_01"", ""pir_door"": 0, ""pir_seat"": -1}"
26733,3,closed,ok,2026-09-03T14:17:03.927434+00:00,2026-09-03T14:17:04.120144+00:00,"{""door_main"": 0, ""door_sub"": 1, ""node"": ""occ_01"", ""pir_door"": 0, ""pir_seat"": -1}"
26734,3,closed,ok,2026-09-03T14:17:04.940916+00:00,2026-09-03T14:17:05.160431+00:00,"{""door_main"": 0, ""door_sub"": 1, ""node"": ""occ_01"", ""pir_door"": 1, ""pir_seat"": -1}"
26735,3,closed,ok,2026-09-03T14:17:05.952754+00:00,2026-09-03T14:17:06.140037+00:00,"{""door_main"": 0, ""door_sub"": 1, ""node"": ""occ_01"", ""pir_door"": 0, ""pir_seat"": -1}"
26736,3,closed,ok,2026-09-03T14:17:06.971139+00:00,2026-09-03T14:17:07.279836+00:00,"{""door_main"": 0, ""door_sub"": 1, ""node"": ""occ_01"", ""pir_door"": 0, ""pir_seat"": -1}"
26737,3,closed,ok,2026-09-03T14:17:07.975614+00:00,2026-09-03T14:17:08.300329+00:00,"{""door_main"": 0, ""door_sub"": 1, ""node"": ""occ_01"", ""pir_door"": 1, ""pir_seat"": -1}"
26738,3,closed,ok,2026-09-03T14:17:08.988037+00:00,2026-09-03T14:17:09.334690+00:00,"{""door_main"": 0, ""door_sub"": 1, ""node"": ""occ_01"", ""pir_door"": 0, ""pir_seat"": -1}"
26739,3,closed,ok,2026-09-03T14:17:09.999375+00:00,2026-09-03T14:17:10.357105+00:00,"{""door_main"": 0, ""door_sub"": 1, ""node"": ""occ_01"", ""pir_door"": 0, ""pir_seat"": -1}"
26740,3,closed,ok,2026-09-03T14:17:11.011310+00:00,2026-09-03T14:17:11.185067+00:00,"{""door_main"": 0, ""door_sub"": 1, ""node"": ""occ_01"", ""pir_door"": 0, ""pir_seat"": -1}"
26741,3,closed,ok,2026-09-03T14:17:12.023251+00:00,2026-09-03T14:17:12.214747+00:00,"{""door_main"": 0, ""door_sub"": 1, ""node"": ""occ_01"", ""pir_door"": 1, ""pir_seat"": -1}"
26742,3,closed,ok,2026-09-03T14:17:13.035297+00:00,2026-09-03T14:17:13.359765+00:00,"{""door_main"": 0, ""door_sub"": 1, ""node"": ""occ_01"", ""pir_door"": 0, ""pir_seat"": -1}"
26743,3,closed,ok,2026-09-03T14:17:14.050756+00:00,2026-09-03T14:17:14.425266+00:00,"{""door_main"": 0, ""door_sub"": 1, ""node"": ""occ_01"", ""pir_door"": 0, ""pir_seat"": -1}"
26744,3,closed,ok,2026-09-03T14:17:15.062084+00:00,2026-09-03T14:17:15.271407+00:00,"{""door_main"": 0, ""door_sub"": 1, ""node"": ""occ_01"", ""pir_door"": 0, ""pir_seat"": -1}"
26745,3,closed,ok,2026-09-03T14:17:16.074306+00:00,2026-09-03T14:17:16.341097+00:00,"{""door_main"": 0, ""door_sub"": 1, ""node"": ""occ_01"", ""pir_door"": 0, ""pir_seat"": -1}"
26746,3,closed,ok,2026-09-03T14:17:17.083225+00:00,2026-09-03T14:17:17.261924+00:00,"{""door_main"": 0, ""door_sub"": 1, ""node"": ""occ_01"", ""pir_door"": 0, ""pir_seat"": -1}"
26747,3,closed,ok,2026-09-03T14:17:18.098456+00:00,2026-09-03T14:17:18.489722+00:00,"{""door_main"": 0, ""door_sub"": 1, ""node"": ""occ_01"", ""pir_door"": 0, ""pir_seat"": -1}"
26748,3,closed,ok,2026-09-03T14:17:19.108987+00:00,2026-09-03T14:17:19.434485+00:00,"{""door_main"": 0, ""door_sub"": 1, ""node"": ""occ_01"", ""pir_door"": 0, ""pir_seat"": -1}"
26749,3,closed,ok,2026-09-03T14:17:20.119216+00:00,2026-09-03T14:17:20.475228+00:00,"{""door_main"": 0, ""door_sub"": 1, ""node"": ""occ_01"", ""pir_door"": 0, ""pir_seat"": -1}"
26750,3,closed,ok,2026-09-03T14:17:21.131356+00:00,2026-09-03T14:17:21.340388+00:00,"{""door_main"": 0, ""door_sub"": 1, ""node"": ""occ_01"", ""pir_door"": 1, ""pir_seat"": -1}"
26751,3,closed,ok,2026-09-03T14:17:22.146362+00:00,2026-09-03T14:17:22.329686+00:00,"{""door_main"": 0, ""door_sub"": 1, ""node"": ""occ_01"", ""pir_door"": 0, ""pir_seat"": -1}"
26752,3,closed,ok,2026-09-03T14:17:23.161895+00:00,2026-09-03T14:17:23.334691+00:00,"{""door_main"": 0, ""door_sub"": 1, ""node"": ""occ_01"", ""pir_door"": 0, ""pir_seat"": -1}"
26753,3,closed,ok,2026-09-03T14:17:24.167535+00:00,2026-09-03T14:17:24.354650+00:00,"{""door_main"": 0, ""door_sub"": 1, ""node"": ""occ_01"", ""pir_door"": 0, ""pir_seat"": -1}"
26754,3,closed,ok,2026-09-03T14:17:25.180995+00:00,2026-09-03T14:17:25.377665+00:00,"{""door_main"": 0, ""door_sub"": 1, ""node"": ""occ_01"", ""pir_door"": 0, ""pir_seat"": -1}"
26755,3,closed,ok,2026-09-03T14:17:26.191310+00:00,2026-09-03T14:17:26.381207+00:00,"{""door_main"": 0, ""door_sub"": 1, ""node"": ""occ_01"", ""pir_door"": 0, ""pir_seat"": -1}"
26756,3,closed,ok,2026-09-03T14:17:27.204929+00:00,2026-09-03T14:17:27.375266+00:00,"{""door_main"": 0, ""door_sub"": 1, ""node"": ""occ_01"", ""pir_door"": 1, ""pir_seat"": -1}"
26757,3,closed,ok,2026-09-03T14:17:28.216853+00:00,2026-09-03T14:17:28.584785+00:00,"{""door_main"": 0, ""door_sub"": 1, ""node"": ""occ_01"", ""pir_door"": 0, ""pir_seat"": -1}"
26758,3,closed,ok,2026-09-03T14:17:29.227329+00:00,2026-09-03T14:17:29.599707+00:00,"{""door_main"": 0, ""door_sub"": 1, ""node"": ""occ_01"", ""pir_door"": 0, ""pir_seat"": -1}"
26759,3,closed,ok,2026-09-03T14:17:30.239398+00:00,2026-09-03T14:17:30.584723+00:00,"{""door_main"": 0, ""door_sub"": 1, ""node"": ""occ_01"", ""pir_door"": 0, ""pir_seat"": -1}"
26760,3,closed,ok,2026-09-03T14:17:31.254428+00:00,2026-09-03T14:17:31.409619+00:00,"{""door_main"": 0, ""door_sub"": 1, ""node"": ""occ_01"", ""pir_door"": 0, ""pir_seat"": -1}"
26761,3,closed,ok,2026-09-03T14:17:32.264730+00:00,2026-09-03T14:17:32.469619+00:00,"{""door_main"": 0, ""door_sub"": 1, ""node"": ""occ_01"", ""pir_door"": 0, ""pir_seat"": -1}"
26762,3,closed,ok,2026-09-03T14:17:33.275334+00:00,2026-09-03T14:17:33.454705+00:00,"{""door_main"": 0, ""door_sub"": 1, ""node"": ""occ_01"", ""pir_door"": 0, ""pir_seat"": -1}"
26763,3,closed,ok,2026-09-03T14:17:34.287380+00:00,2026-09-03T14:17:34.454531+00:00,"{""door_main"": 0, ""door_sub"": 1, ""node"": ""occ_01"", ""pir_door"": 1, ""pir_seat"": -1}"
26764,3,closed,ok,2026-09-03T14:17:35.299211+00:00,2026-09-03T14:17:35.469663+00:00,"{""door_main"": 0, ""door_sub"": 1, ""node"": ""occ_01"", ""pir_door"": 0, ""pir_seat"": -1}"
26765,3,closed,ok,2026-09-03T14:17:36.312830+00:00,2026-09-03T14:17:36.474633+00:00,"{""door_main"": 0, ""door_sub"": 1, ""node"": ""occ_01"", ""pir_door"": 0, ""pir_seat"": -1}"
26766,3,closed,ok,2026-09-03T14:17:37.323253+00:00,2026-09-03T14:17:37.520165+00:00,"{""door_main"": 0, ""door_sub"": 1, ""node"": ""occ_01"", ""pir_door"": 0, ""pir_seat"": -1}"
26767,3,closed,ok,2026-09-03T14:17:38.335374+00:00,2026-09-03T14:17:38.594646+00:00,"{""door_main"": 0, ""door_sub"": 1, ""node"": ""occ_01"", ""pir_door"": 1, ""pir_seat"": -1}"
26768,3,closed,ok,2026-09-03T14:17:39.350714+00:00,2026-09-03T14:17:39.666496+00:00,"{""door_main"": 0, ""door_sub"": 1, ""node"": ""occ_01"", ""pir_door"": 0, ""pir_seat"": -1}"
26769,3,closed,ok,2026-09-03T14:17:40.362962+00:00,2026-09-03T14:17:40.545266+00:00,"{""door_main"": 0, ""door_sub"": 1, ""node"": ""occ_01"", ""pir_door"": 0, ""pir_seat"": -1}"
26770,3,closed,ok,2026-09-03T14:17:41.374353+00:00,2026-09-03T14:17:41.544535+00:00,"{""door_main"": 0, ""door_sub"": 1, ""node"": ""occ_01"", ""pir_door"": 0, ""pir_seat"": -1}"
26771,3,closed,ok,2026-09-03T14:17:42.384994+00:00,2026-09-03T14:17:42.559696+00:00,"{""door_main"": 0, ""door_sub"": 1, ""node"": ""occ_01"", ""pir_door"": 0, ""pir_seat"": -1}"
26772,3,closed,ok,2026-09-03T14:17:43.395243+00:00,2026-09-03T14:17:43.575514+00:00,"{""door_main"": 0, ""door_sub"": 1, ""node"": ""occ_01"", ""pir_door"": 0, ""pir_seat"": -1}"
26773,3,closed,ok,2026-09-03T14:17:44.408808+00:00,2026-09-03T14:17:44.724390+00:00,"{""door_main"": 0, ""door_sub"": 1, ""node"": ""occ_01"", ""pir_door"": 0, ""pir_seat"": -1}"
26774,3,closed,ok,2026-09-03T14:17:45.423658+00:00,2026-09-03T14:17:45.684689+00:00,"{""door_main"": 0, ""door_sub"": 1, ""node"": ""occ_01"", ""pir_door"": 1, ""pir_seat"": -1}"
26775,3,closed,ok,2026-09-03T14:17:46.431391+00:00,2026-09-03T14:17:46.604538+00:00,"{""door_main"": 0, ""door_sub"": 1, ""node"": ""occ_01"", ""pir_door"": 0, ""pir_seat"": -1}"
26776,3,closed,ok,2026-09-03T14:17:47.443260+00:00,2026-09-03T14:17:47.655650+00:00,"{""door_main"": 0, ""door_sub"": 1, ""node"": ""occ_01"", ""pir_door"": 0, ""pir_seat"": -1}"
26777,3,closed,ok,2026-09-03T14:17:48.455293+00:00,2026-09-03T14:17:48.754590+00:00,"{""door_main"": 0, ""door_sub"": 1, ""node"": ""occ_01"", ""pir_door"": 0, ""pir_seat"": -1}"
26778,3,closed,ok,2026-09-03T14:17:49.469254+00:00,2026-09-03T14:17:49.804371+00:00,"{""door_main"": 0, ""door_sub"": 1, ""node"": ""occ_01"", ""pir_door"": 0, ""pir_seat"": -1}"
26779,3,closed,ok,2026-09-03T14:17:50.479219+00:00,2026-09-03T14:17:50.669721+00:00,"{""door_main"": 0, ""door_sub"": 1, ""node"": ""occ_01"", ""pir_door"": 0, ""pir_seat"": -1}"
26780,3,closed,ok,2026-09-03T14:17:51.491225+00:00,2026-09-03T14:17:51.669503+00:00,"{""door_main"": 0, ""door_sub"": 1, ""node"": ""occ_01"", ""pir_door"": 0, ""pir_seat"": -1}"
26781,3,closed,ok,2026-09-03T14:17:52.503194+00:00,2026-09-03T14:17:52.664621+00:00,"{""door_main"": 0, ""door_sub"": 1, ""node"": ""occ_01"", ""pir_door"": 1, ""pir_seat"": -1}"
26782,3,closed,ok,2026-09-03T14:17:53.516692+00:00,2026-09-03T14:17:53.704551+00:00,"{""door_main"": 0, ""door_sub"": 1, ""node"": ""occ_01"", ""pir_door"": 0, ""pir_seat"": -1}"
26783,3,closed,ok,2026-09-03T14:17:54.530281+00:00,2026-09-03T14:17:54.720052+00:00,"{""door_main"": 0, ""door_sub"": 1, ""node"": ""occ_01"", ""pir_door"": 0, ""pir_seat"": -1}"
26784,3,closed,ok,2026-09-03T14:17:55.548375+00:00,2026-09-03T14:17:55.739889+00:00,"{""door_main"": 0, ""door_sub"": 1, ""node"": ""occ_01"", ""pir_door"": 0, ""pir_seat"": -1}"
26785,3,closed,ok,2026-09-03T14:17:56.553163+00:00,2026-09-03T14:17:56.724328+00:00,"{""door_main"": 0, ""door_sub"": 1, ""node"": ""occ_01"", ""pir_door"": 0, ""pir_seat"": -1}"
26786,3,closed,ok,2026-09-03T14:17:57.565209+00:00,2026-09-03T14:17:57.754625+00:00,"{""door_main"": 0, ""door_sub"": 1, ""node"": ""occ_01"", ""pir_door"": 0, ""pir_seat"": -1}"
26787,3,closed,ok,2026-09-03T14:17:58.575258+00:00,2026-09-03T14:17:58.969628+00:00,"{""door_main"": 0, ""door_sub"": 1, ""node"": ""occ_01"", ""pir_door"": 0, ""pir_seat"": -1}"
26788,3,closed,ok,2026-09-03T14:17:59.588045+00:00,2026-09-03T14:17:59.939821+00:00,"{""door_main"": 0, ""door_sub"": 1, ""node"": ""occ_01"", ""pir_door"": 0, ""pir_seat"": -1}"
26789,3,closed,ok,2026-09-03T14:18:00.601377+00:00,2026-09-03T14:18:00.809782+00:00,"{""door_main"": 0, ""door_sub"": 1, ""node"": ""occ_01"", ""pir_door"": 0, ""pir_seat"": -1}"
26790,3,closed,ok,2026-09-03T14:18:01.613281+00:00,2026-09-03T14:18:01.825120+00:00,"{""door_main"": 0, ""door_sub"": 1, ""node"": ""occ_01"", ""pir_door"": 0, ""pir_seat"": -1}"
26791,3,closed,ok,2026-09-03T14:18:02.625627+00:00,2026-09-03T14:18:02.834676+00:00,"{""door_main"": 0, ""door_sub"": 1, ""node"": ""occ_01"", ""pir_door"": 1, ""pir_seat"": -1}"
26792,3,closed,ok,2026-09-03T14:18:03.635192+00:00,2026-09-03T14:18:03.942359+00:00,"{""door_main"": 0, ""door_sub"": 1, ""node"": ""occ_01"", ""pir_door"": 0, ""pir_seat"": -1}"
26793,3,closed,ok,2026-09-03T14:18:04.647240+00:00,2026-09-03T14:18:04.841042+00:00,"{""door_main"": 0, ""door_sub"": 1, ""node"": ""occ_01"", ""pir_door"": 0, ""pir_seat"": -1}"
26794,3,closed,ok,2026-09-03T14:18:05.659286+00:00,2026-09-03T14:18:05.860077+00:00,"{""door_main"": 0, ""door_sub"": 1, ""node"": ""occ_01"", ""pir_door"": 1, ""pir_seat"": -1}"
26795,3,closed,ok,2026-09-03T14:18:07.307745+00:00,2026-09-03T14:18:07.640142+00:00,"{""door_main"": 0, ""door_sub"": 1, ""node"": ""occ_01"", ""pir_door"": 0, ""pir_seat"": -1}"
26796,3,closed,ok,2026-09-03T14:18:08.351727+00:00,2026-09-03T14:18:08.744561+00:00,"{""door_main"": 0, ""door_sub"": 1, ""node"": ""occ_01"", ""pir_door"": 0, ""pir_seat"": -1}"
26797,3,closed,ok,2026-09-03T14:18:08.847466+00:00,2026-09-03T14:18:09.169493+00:00,"{""door_main"": 0, ""door_sub"": 1, ""node"": ""occ_01"", ""pir_door"": 0, ""pir_seat"": -1}"
26798,3,closed,ok,2026-09-03T14:18:09.706780+00:00,2026-09-03T14:18:10.084568+00:00,"{""door_main"": 0, ""door_sub"": 1, ""node"": ""occ_01"", ""pir_door"": 0, ""pir_seat"": -1}"
26799,3,closed,ok,2026-09-03T14:18:10.719127+00:00,2026-09-03T14:18:11.020021+00:00,"{""door_main"": 0, ""door_sub"": 1, ""node"": ""occ_01"", ""pir_door"": 0, ""pir_seat"": -1}"
26800,3,closed,ok,2026-09-03T14:18:12.277558+00:00,2026-09-03T14:18:12.634885+00:00,"{""door_main"": 0, ""door_sub"": 1, ""node"": ""occ_01"", ""pir_door"": 0, ""pir_seat"": -1}"
26801,3,closed,ok,2026-09-03T14:18:13.437064+00:00,2026-09-03T14:18:13.782438+00:00,"{""door_main"": 0, ""door_sub"": 1, ""node"": ""occ_01"", ""pir_door"": 0, ""pir_seat"": -1}"
26802,3,closed,ok,2026-09-03T14:18:13.912200+00:00,2026-09-03T14:18:14.234752+00:00,"{""door_main"": 0, ""door_sub"": 1, ""node"": ""occ_01"", ""pir_door"": 1, ""pir_seat"": -1}"
26803,3,closed,ok,2026-09-03T14:18:14.767124+00:00,2026-09-03T14:18:14.966276+00:00,"{""door_main"": 0, ""door_sub"": 1, ""node"": ""occ_01"", ""pir_door"": 0, ""pir_seat"": -1}"
26804,3,closed,ok,2026-09-03T14:18:15.779177+00:00,2026-09-03T14:18:16.154940+00:00,"{""door_main"": 0, ""door_sub"": 1, ""node"": ""occ_01"", ""pir_door"": 0, ""pir_seat"": -1}"
26805,3,closed,ok,2026-09-03T14:18:17.273551+00:00,2026-09-03T14:18:17.644878+00:00,"{""door_main"": 0, ""door_sub"": 1, ""node"": ""occ_01"", ""pir_door"": 1, ""pir_seat"": -1}"
26806,3,closed,ok,2026-09-03T14:18:17.803775+00:00,2026-09-03T14:18:18.107668+00:00,"{""door_main"": 0, ""door_sub"": 1, ""node"": ""occ_01"", ""pir_door"": 0, ""pir_seat"": -1}"
26807,3,closed,ok,2026-09-03T14:18:18.816646+00:00,2026-09-03T14:18:19.170015+00:00,"{""door_main"": 0, ""door_sub"": 1, ""node"": ""occ_01"", ""pir_door"": 0, ""pir_seat"": -1}"
26808,3,closed,ok,2026-09-03T14:18:19.828780+00:00,2026-09-03T14:18:20.184827+00:00,"{""door_main"": 0, ""door_sub"": 1, ""node"": ""occ_01"", ""pir_door"": 0, ""pir_seat"": -1}"
26809,3,closed,ok,2026-09-03T14:18:20.840682+00:00,2026-09-03T14:18:21.134769+00:00,"{""door_main"": 0, ""door_sub"": 1, ""node"": ""occ_01"", ""pir_door"": 0, ""pir_seat"": -1}"
26810,3,closed,ok,2026-09-03T14:18:22.123563+00:00,2026-09-03T14:18:22.504918+00:00,"{""door_main"": 0, ""door_sub"": 1, ""node"": ""occ_01"", ""pir_door"": 0, ""pir_seat"": -1}"
26811,3,closed,ok,2026-09-03T14:18:22.863171+00:00,2026-09-03T14:18:23.190205+00:00,"{""door_main"": 0, ""door_sub"": 1, ""node"": ""occ_01"", ""pir_door"": 0, ""pir_seat"": -1}"
26812,3,closed,ok,2026-09-03T14:18:23.875389+00:00,2026-09-03T14:18:24.074778+00:00,"{""door_main"": 0, ""door_sub"": 1, ""node"": ""occ_01"", ""pir_door"": 1, ""pir_seat"": -1}"
26813,3,closed,ok,2026-09-03T14:18:24.888644+00:00,2026-09-03T14:18:25.059902+00:00,"{""door_main"": 0, ""door_sub"": 1, ""node"": ""occ_01"", ""pir_door"": 0, ""pir_seat"": -1}"
26814,3,closed,ok,2026-09-03T14:18:25.900661+00:00,2026-09-03T14:18:26.085404+00:00,"{""door_main"": 0, ""door_sub"": 1, ""node"": ""occ_01"", ""pir_door"": 0, ""pir_seat"": -1}"
26815,3,closed,ok,2026-09-03T14:18:27.217635+00:00,2026-09-03T14:18:27.574706+00:00,"{""door_main"": 0, ""door_sub"": 1, ""node"": ""occ_01"", ""pir_door"": 0, ""pir_seat"": -1}"
26816,3,closed,ok,2026-09-03T14:18:27.926805+00:00,2026-09-03T14:18:28.270296+00:00,"{""door_main"": 0, ""door_sub"": 1, ""node"": ""occ_01"", ""pir_door"": 0, ""pir_seat"": -1}"
26817,3,closed,ok,2026-09-03T14:18:28.935214+00:00,2026-09-03T14:18:29.314871+00:00,"{""door_main"": 0, ""door_sub"": 1, ""node"": ""occ_01"", ""pir_door"": 0, ""pir_seat"": -1}"
26818,3,closed,ok,2026-09-03T14:18:29.951592+00:00,2026-09-03T14:18:30.314733+00:00,"{""door_main"": 0, ""door_sub"": 1, ""node"": ""occ_01"", ""pir_door"": 0, ""pir_seat"": -1}"
26819,3,closed,ok,2026-09-03T14:18:30.960704+00:00,2026-09-03T14:18:31.144708+00:00,"{""door_main"": 0, ""door_sub"": 1, ""node"": ""occ_01"", ""pir_door"": 0, ""pir_seat"": -1}"
26820,3,closed,ok,2026-09-03T14:18:32.433485+00:00,2026-09-03T14:18:32.811698+00:00,"{""door_main"": 0, ""door_sub"": 1, ""node"": ""occ_01"", ""pir_door"": 0, ""pir_seat"": -1}"
26821,3,closed,ok,2026-09-03T14:18:32.983195+00:00,2026-09-03T14:18:33.320937+00:00,"{""door_main"": 0, ""door_sub"": 1, ""node"": ""occ_01"", ""pir_door"": 0, ""pir_seat"": -1}"
26822,3,closed,ok,2026-09-03T14:18:33.995512+00:00,2026-09-03T14:18:34.184579+00:00,"{""door_main"": 0, ""door_sub"": 1, ""node"": ""occ_01"", ""pir_door"": 0, ""pir_seat"": -1}"
26823,3,closed,ok,2026-09-03T14:18:35.009702+00:00,2026-09-03T14:18:35.159688+00:00,"{""door_main"": 0, ""door_sub"": 1, ""node"": ""occ_01"", ""pir_door"": 0, ""pir_seat"": -1}"
26824,3,closed,ok,2026-09-03T14:18:36.024541+00:00,2026-09-03T14:18:36.189611+00:00,"{""door_main"": 0, ""door_sub"": 1, ""node"": ""occ_01"", ""pir_door"": 0, ""pir_seat"": -1}"
26825,3,closed,ok,2026-09-03T14:18:37.221550+00:00,2026-09-03T14:18:37.399792+00:00,"{""door_main"": 0, ""door_sub"": 1, ""node"": ""occ_01"", ""pir_door"": 0, ""pir_seat"": -1}"
26826,3,closed,ok,2026-09-03T14:18:38.043091+00:00,2026-09-03T14:18:38.330004+00:00,"{""door_main"": 0, ""door_sub"": 1, ""node"": ""occ_01"", ""pir_door"": 0, ""pir_seat"": -1}"
26827,3,closed,ok,2026-09-03T14:18:39.055766+00:00,2026-09-03T14:18:39.414489+00:00,"{""door_main"": 0, ""door_sub"": 1, ""node"": ""occ_01"", ""pir_door"": 1, ""pir_seat"": -1}"
26828,3,closed,ok,2026-09-03T14:18:40.070872+00:00,2026-09-03T14:18:40.364826+00:00,"{""door_main"": 0, ""door_sub"": 1, ""node"": ""occ_01"", ""pir_door"": 0, ""pir_seat"": -1}"
26829,3,closed,ok,2026-09-03T14:18:41.081310+00:00,2026-09-03T14:18:41.314388+00:00,"{""door_main"": 0, ""door_sub"": 1, ""node"": ""occ_01"", ""pir_door"": 0, ""pir_seat"": -1}"
26830,3,closed,ok,2026-09-03T14:18:42.217368+00:00,2026-09-03T14:18:42.379926+00:00,"{""door_main"": 0, ""door_sub"": 1, ""node"": ""occ_01"", ""pir_door"": 0, ""pir_seat"": -1}"
26831,3,closed,ok,2026-09-03T14:18:43.103165+00:00,2026-09-03T14:18:43.434685+00:00,"{""door_main"": 0, ""door_sub"": 1, ""node"": ""occ_01"", ""pir_door"": 0, ""pir_seat"": -1}"
26832,3,closed,ok,2026-09-03T14:18:44.120961+00:00,2026-09-03T14:18:44.394927+00:00,"{""door_main"": 0, ""door_sub"": 1, ""node"": ""occ_01"", ""pir_door"": 0, ""pir_seat"": -1}"
26833,3,closed,ok,2026-09-03T14:18:45.127252+00:00,2026-09-03T14:18:45.304770+00:00,"{""door_main"": 0, ""door_sub"": 1, ""node"": ""occ_01"", ""pir_door"": 0, ""pir_seat"": -1}"
26834,3,closed,ok,2026-09-03T14:18:46.139134+00:00,2026-09-03T14:18:46.299822+00:00,"{""door_main"": 0, ""door_sub"": 1, ""node"": ""occ_01"", ""pir_door"": 0, ""pir_seat"": -1}"
26835,3,closed,ok,2026-09-03T14:18:47.587475+00:00,2026-09-03T14:18:47.894635+00:00,"{""door_main"": 0, ""door_sub"": 1, ""node"": ""occ_01"", ""pir_door"": 0, ""pir_seat"": -1}"
26836,3,closed,ok,2026-09-03T14:18:48.166061+00:00,2026-09-03T14:18:48.529861+00:00,"{""door_main"": 0, ""door_sub"": 1, ""node"": ""occ_01"", ""pir_door"": 0, ""pir_seat"": -1}"
26837,3,closed,ok,2026-09-03T14:18:49.175055+00:00,2026-09-03T14:18:49.500244+00:00,"{""door_main"": 0, ""door_sub"": 1, ""node"": ""occ_01"", ""pir_door"": 1, ""pir_seat"": -1}"
26838,3,closed,ok,2026-09-03T14:18:50.187160+00:00,2026-09-03T14:18:50.499620+00:00,"{""door_main"": 0, ""door_sub"": 1, ""node"": ""occ_01"", ""pir_door"": 0, ""pir_seat"": -1}"
26839,3,closed,ok,2026-09-03T14:18:51.199215+00:00,2026-09-03T14:18:51.479980+00:00,"{""door_main"": 0, ""door_sub"": 1, ""node"": ""occ_01"", ""pir_door"": 0, ""pir_seat"": -1}"
26840,3,closed,ok,2026-09-03T14:18:52.596416+00:00,2026-09-03T14:18:52.909437+00:00,"{""door_main"": 0, ""door_sub"": 1, ""node"": ""occ_01"", ""pir_door"": 0, ""pir_seat"": -1}"
26841,3,closed,ok,2026-09-03T14:18:53.223498+00:00,2026-09-03T14:18:53.529629+00:00,"{""door_main"": 0, ""door_sub"": 1, ""node"": ""occ_01"", ""pir_door"": 0, ""pir_seat"": -1}"
26842,3,closed,ok,2026-09-03T14:18:54.235865+00:00,2026-09-03T14:18:54.384537+00:00,"{""door_main"": 0, ""door_sub"": 1, ""node"": ""occ_01"", ""pir_door"": 0, ""pir_seat"": -1}"
26843,3,closed,ok,2026-09-03T14:18:55.248707+00:00,2026-09-03T14:18:55.419796+00:00,"{""door_main"": 0, ""door_sub"": 1, ""node"": ""occ_01"", ""pir_door"": 0, ""pir_seat"": -1}"
26844,3,closed,ok,2026-09-03T14:18:56.260642+00:00,2026-09-03T14:18:56.434654+00:00,"{""door_main"": 0, ""door_sub"": 1, ""node"": ""occ_01"", ""pir_door"": 0, ""pir_seat"": -1}"
26845,3,closed,ok,2026-09-03T14:18:57.661606+00:00,2026-09-03T14:18:57.940485+00:00,"{""door_main"": 0, ""door_sub"": 1, ""node"": ""occ_01"", ""pir_door"": 0, ""pir_seat"": -1}"
26846,3,closed,ok,2026-09-03T14:18:58.283203+00:00,2026-09-03T14:18:58.594655+00:00,"{""door_main"": 0, ""door_sub"": 1, ""node"": ""occ_01"", ""pir_door"": 0, ""pir_seat"": -1}"
26847,3,closed,ok,2026-09-03T14:18:59.295185+00:00,2026-09-03T14:18:59.624500+00:00,"{""door_main"": 0, ""door_sub"": 1, ""node"": ""occ_01"", ""pir_door"": 1, ""pir_seat"": -1}"
26848,3,closed,ok,2026-09-03T14:19:00.312128+00:00,2026-09-03T14:19:00.624571+00:00,"{""door_main"": 0, ""door_sub"": 1, ""node"": ""occ_01"", ""pir_door"": 0, ""pir_seat"": -1}"
26849,3,closed,ok,2026-09-03T14:19:01.322986+00:00,2026-09-03T14:19:01.702922+00:00,"{""door_main"": 0, ""door_sub"": 1, ""node"": ""occ_01"", ""pir_door"": 0, ""pir_seat"": -1}"
26850,3,closed,ok,2026-09-03T14:19:02.731559+00:00,2026-09-03T14:19:03.025893+00:00,"{""door_main"": 0, ""door_sub"": 1, ""node"": ""occ_01"", ""pir_door"": 0, ""pir_seat"": -1}"
26851,3,closed,ok,2026-09-03T14:19:03.343118+00:00,2026-09-03T14:19:03.663605+00:00,"{""door_main"": 0, ""door_sub"": 1, ""node"": ""occ_01"", ""pir_door"": 1, ""pir_seat"": -1}"
26852,3,closed,ok,2026-09-03T14:19:04.356598+00:00,2026-09-03T14:19:04.514598+00:00,"{""door_main"": 0, ""door_sub"": 1, ""node"": ""occ_01"", ""pir_door"": 0, ""pir_seat"": -1}"
26853,3,closed,ok,2026-09-03T14:19:05.371677+00:00,2026-09-03T14:19:05.544836+00:00,"{""door_main"": 0, ""door_sub"": 1, ""node"": ""occ_01"", ""pir_door"": 0, ""pir_seat"": -1}"
26854,3,closed,ok,2026-09-03T14:19:06.381018+00:00,2026-09-03T14:19:06.554580+00:00,"{""door_main"": 0, ""door_sub"": 1, ""node"": ""occ_01"", ""pir_door"": 0, ""pir_seat"": -1}"
26855,3,closed,ok,2026-09-03T14:19:07.819674+00:00,2026-09-03T14:19:08.004793+00:00,"{""door_main"": 0, ""door_sub"": 1, ""node"": ""occ_01"", ""pir_door"": 0, ""pir_seat"": -1}"
26856,3,closed,ok,2026-09-03T14:19:08.403086+00:00,2026-09-03T14:19:08.740314+00:00,"{""door_main"": 0, ""door_sub"": 1, ""node"": ""occ_01"", ""pir_door"": 0, ""pir_seat"": -1}"
26857,3,closed,ok,2026-09-03T14:19:09.418400+00:00,2026-09-03T14:19:09.769804+00:00,"{""door_main"": 0, ""door_sub"": 1, ""node"": ""occ_01"", ""pir_door"": 0, ""pir_seat"": -1}"
26858,3,closed,ok,2026-09-03T14:19:10.430973+00:00,2026-09-03T14:19:10.749727+00:00,"{""door_main"": 0, ""door_sub"": 1, ""node"": ""occ_01"", ""pir_door"": 0, ""pir_seat"": -1}"
26859,3,closed,ok,2026-09-03T14:19:11.441182+00:00,2026-09-03T14:19:11.720092+00:00,"{""door_main"": 0, ""door_sub"": 1, ""node"": ""occ_01"", ""pir_door"": 1, ""pir_seat"": -1}"
26860,3,closed,ok,2026-09-03T14:19:12.759342+00:00,2026-09-03T14:19:12.949628+00:00,"{""door_main"": 0, ""door_sub"": 1, ""node"": ""occ_01"", ""pir_door"": 0, ""pir_seat"": -1}"
26861,3,closed,ok,2026-09-03T14:19:13.464690+00:00,2026-09-03T14:19:13.754508+00:00,"{""door_main"": 0, ""door_sub"": 1, ""node"": ""occ_01"", ""pir_door"": 0, ""pir_seat"": -1}"
26862,3,closed,ok,2026-09-03T14:19:14.476604+00:00,2026-09-03T14:19:14.739897+00:00,"{""door_main"": 0, ""door_sub"": 1, ""node"": ""occ_01"", ""pir_door"": 0, ""pir_seat"": -1}"
26863,3,closed,ok,2026-09-03T14:19:15.487073+00:00,2026-09-03T14:19:15.680124+00:00,"{""door_main"": 0, ""door_sub"": 1, ""node"": ""occ_01"", ""pir_door"": 0, ""pir_seat"": -1}"
26864,3,closed,ok,2026-09-03T14:19:16.501939+00:00,2026-09-03T14:19:16.704605+00:00,"{""door_main"": 0, ""door_sub"": 1, ""node"": ""occ_01"", ""pir_door"": 0, ""pir_seat"": -1}"
26865,3,closed,ok,2026-09-03T14:19:17.777212+00:00,2026-09-03T14:19:18.089597+00:00,"{""door_main"": 0, ""door_sub"": 1, ""node"": ""occ_01"", ""pir_door"": 0, ""pir_seat"": -1}"
26866,3,closed,ok,2026-09-03T14:19:18.523998+00:00,2026-09-03T14:19:18.769602+00:00,"{""door_main"": 0, ""door_sub"": 1, ""node"": ""occ_01"", ""pir_door"": 0, ""pir_seat"": -1}"
26867,3,closed,ok,2026-09-03T14:19:19.535144+00:00,2026-09-03T14:19:19.829997+00:00,"{""door_main"": 0, ""door_sub"": 1, ""node"": ""occ_01"", ""pir_door"": 0, ""pir_seat"": -1}"
26868,3,closed,ok,2026-09-03T14:19:20.550042+00:00,2026-09-03T14:19:20.904550+00:00,"{""door_main"": 0, ""door_sub"": 1, ""node"": ""occ_01"", ""pir_door"": 0, ""pir_seat"": -1}"
26869,3,closed,ok,2026-09-03T14:19:21.560645+00:00,2026-09-03T14:19:21.894722+00:00,"{""door_main"": 0, ""door_sub"": 1, ""node"": ""occ_01"", ""pir_door"": 0, ""pir_seat"": -1}"
26870,3,closed,ok,2026-09-03T14:19:22.841758+00:00,2026-09-03T14:19:23.194451+00:00,"{""door_main"": 0, ""door_sub"": 1, ""node"": ""occ_01"", ""pir_door"": 0, ""pir_seat"": -1}"
26871,3,closed,ok,2026-09-03T14:19:23.584584+00:00,2026-09-03T14:19:23.929643+00:00,"{""door_main"": 0, ""door_sub"": 1, ""node"": ""occ_01"", ""pir_door"": 0, ""pir_seat"": -1}"
26872,3,closed,ok,2026-09-03T14:19:24.595088+00:00,2026-09-03T14:19:24.780199+00:00,"{""door_main"": 0, ""door_sub"": 1, ""node"": ""occ_01"", ""pir_door"": 1, ""pir_seat"": -1}"
26873,3,closed,ok,2026-09-03T14:19:25.607096+00:00,2026-09-03T14:19:25.779757+00:00,"{""door_main"": 0, ""door_sub"": 1, ""node"": ""occ_01"", ""pir_door"": 0, ""pir_seat"": -1}"
26874,3,closed,ok,2026-09-03T14:19:26.623432+00:00,2026-09-03T14:19:26.780270+00:00,"{""door_main"": 0, ""door_sub"": 1, ""node"": ""occ_01"", ""pir_door"": 0, ""pir_seat"": -1}"
26875,3,closed,ok,2026-09-03T14:19:27.821489+00:00,2026-09-03T14:19:28.214974+00:00,"{""door_main"": 0, ""door_sub"": 1, ""node"": ""occ_01"", ""pir_door"": 0, ""pir_seat"": -1}"
26876,3,closed,ok,2026-09-03T14:19:28.644709+00:00,2026-09-03T14:19:29.034480+00:00,"{""door_main"": 0, ""door_sub"": 1, ""node"": ""occ_01"", ""pir_door"": 0, ""pir_seat"": -1}"
26877,3,closed,ok,2026-09-03T14:19:29.655204+00:00,2026-09-03T14:19:29.994544+00:00,"{""door_main"": 0, ""door_sub"": 1, ""node"": ""occ_01"", ""pir_door"": 0, ""pir_seat"": -1}"
26878,3,closed,ok,2026-09-03T14:19:30.667245+00:00,2026-09-03T14:19:31.015229+00:00,"{""door_main"": 0, ""door_sub"": 1, ""node"": ""occ_01"", ""pir_door"": 0, ""pir_seat"": -1}"
26879,3,closed,ok,2026-09-03T14:19:31.680643+00:00,2026-09-03T14:19:31.989525+00:00,"{""door_main"": 0, ""door_sub"": 1, ""node"": ""occ_01"", ""pir_door"": 0, ""pir_seat"": -1}"
26880,3,closed,ok,2026-09-03T14:19:32.721144+00:00,2026-09-03T14:19:32.984648+00:00,"{""door_main"": 0, ""door_sub"": 1, ""node"": ""occ_01"", ""pir_door"": 0, ""pir_seat"": -1}"
26881,3,closed,ok,2026-09-03T14:19:33.707799+00:00,2026-09-03T14:19:33.894741+00:00,"{""door_main"": 0, ""door_sub"": 1, ""node"": ""occ_01"", ""pir_door"": 0, ""pir_seat"": -1}"
26882,3,closed,ok,2026-09-03T14:19:34.715338+00:00,2026-09-03T14:19:34.879917+00:00,"{""door_main"": 0, ""door_sub"": 1, ""node"": ""occ_01"", ""pir_door"": 0, ""pir_seat"": -1}"
26883,3,closed,ok,2026-09-03T14:19:35.729723+00:00,2026-09-03T14:19:35.899655+00:00,"{""door_main"": 0, ""door_sub"": 1, ""node"": ""occ_01"", ""pir_door"": 0, ""pir_seat"": -1}"
26884,3,closed,ok,2026-09-03T14:19:36.740865+00:00,2026-09-03T14:19:36.914741+00:00,"{""door_main"": 0, ""door_sub"": 1, ""node"": ""occ_01"", ""pir_door"": 0, ""pir_seat"": -1}"
26885,3,closed,ok,2026-09-03T14:19:37.751230+00:00,2026-09-03T14:19:38.079868+00:00,"{""door_main"": 0, ""door_sub"": 1, ""node"": ""occ_01"", ""pir_door"": 0, ""pir_seat"": -1}"
26886,3,closed,ok,2026-09-03T14:19:38.763536+00:00,2026-09-03T14:19:39.122264+00:00,"{""door_main"": 0, ""door_sub"": 1, ""node"": ""occ_01"", ""pir_door"": 1, ""pir_seat"": -1}"
26887,3,closed,ok,2026-09-03T14:19:39.775223+00:00,2026-09-03T14:19:40.054851+00:00,"{""door_main"": 0, ""door_sub"": 1, ""node"": ""occ_01"", ""pir_door"": 0, ""pir_seat"": -1}"
26888,3,closed,ok,2026-09-03T14:19:40.788630+00:00,2026-09-03T14:19:41.129577+00:00,"{""door_main"": 0, ""door_sub"": 1, ""node"": ""occ_01"", ""pir_door"": 0, ""pir_seat"": -1}"
26889,3,closed,ok,2026-09-03T14:19:41.799125+00:00,2026-09-03T14:19:42.154903+00:00,"{""door_main"": 0, ""door_sub"": 1, ""node"": ""occ_01"", ""pir_door"": 0, ""pir_seat"": -1}"
26890,3,closed,ok,2026-09-03T14:19:42.936188+00:00,2026-09-03T14:19:43.284621+00:00,"{""door_main"": 0, ""door_sub"": 1, ""node"": ""occ_01"", ""pir_door"": 0, ""pir_seat"": -1}"
26891,3,closed,ok,2026-09-03T14:19:43.823009+00:00,2026-09-03T14:19:44.069491+00:00,"{""door_main"": 0, ""door_sub"": 1, ""node"": ""occ_01"", ""pir_door"": 1, ""pir_seat"": -1}"
26892,3,closed,ok,2026-09-03T14:19:44.835357+00:00,2026-09-03T14:19:45.016542+00:00,"{""door_main"": 0, ""door_sub"": 1, ""node"": ""occ_01"", ""pir_door"": 0, ""pir_seat"": -1}"
26893,3,closed,ok,2026-09-03T14:19:45.849150+00:00,2026-09-03T14:19:46.020018+00:00,"{""door_main"": 0, ""door_sub"": 1, ""node"": ""occ_01"", ""pir_door"": 0, ""pir_seat"": -1}"
26894,3,closed,ok,2026-09-03T14:19:46.860720+00:00,2026-09-03T14:19:47.180014+00:00,"{""door_main"": 0, ""door_sub"": 1, ""node"": ""occ_01"", ""pir_door"": 0, ""pir_seat"": -1}"
26895,3,closed,ok,2026-09-03T14:19:48.021190+00:00,2026-09-03T14:19:48.324613+00:00,"{""door_main"": 0, ""door_sub"": 1, ""node"": ""occ_01"", ""pir_door"": 0, ""pir_seat"": -1}"
26896,3,closed,ok,2026-09-03T14:19:48.885042+00:00,2026-09-03T14:19:49.209432+00:00,"{""door_main"": 0, ""door_sub"": 1, ""node"": ""occ_01"", ""pir_door"": 0, ""pir_seat"": -1}"
26897,3,closed,ok,2026-09-03T14:19:49.895286+00:00,2026-09-03T14:19:50.244679+00:00,"{""door_main"": 0, ""door_sub"": 1, ""node"": ""occ_01"", ""pir_door"": 0, ""pir_seat"": -1}"
26898,3,closed,ok,2026-09-03T14:19:50.908777+00:00,2026-09-03T14:19:51.229698+00:00,"{""door_main"": 0, ""door_sub"": 1, ""node"": ""occ_01"", ""pir_door"": 0, ""pir_seat"": -1}"
26899,3,closed,ok,2026-09-03T14:19:51.921777+00:00,2026-09-03T14:19:52.189568+00:00,"{""door_main"": 0, ""door_sub"": 1, ""node"": ""occ_01"", ""pir_door"": 0, ""pir_seat"": -1}"
26900,3,closed,ok,2026-09-03T14:19:53.001445+00:00,2026-09-03T14:19:53.384541+00:00,"{""door_main"": 0, ""door_sub"": 1, ""node"": ""occ_01"", ""pir_door"": 1, ""pir_seat"": -1}"
26901,3,closed,ok,2026-09-03T14:19:53.943063+00:00,2026-09-03T14:19:54.324575+00:00,"{""door_main"": 0, ""door_sub"": 1, ""node"": ""occ_01"", ""pir_door"": 0, ""pir_seat"": -1}"
26902,3,closed,ok,2026-09-03T14:19:54.959878+00:00,2026-09-03T14:19:55.229596+00:00,"{""door_main"": 0, ""door_sub"": 1, ""node"": ""occ_01"", ""pir_door"": 0, ""pir_seat"": -1}"
26903,3,closed,ok,2026-09-03T14:19:55.967036+00:00,2026-09-03T14:19:56.139687+00:00,"{""door_main"": 0, ""door_sub"": 1, ""node"": ""occ_01"", ""pir_door"": 0, ""pir_seat"": -1}"
26904,3,closed,ok,2026-09-03T14:19:56.978996+00:00,2026-09-03T14:19:57.304483+00:00,"{""door_main"": 0, ""door_sub"": 1, ""node"": ""occ_01"", ""pir_door"": 1, ""pir_seat"": -1}"
26905,3,closed,ok,2026-09-03T14:19:58.036029+00:00,2026-09-03T14:19:58.424860+00:00,"{""door_main"": 0, ""door_sub"": 1, ""node"": ""occ_01"", ""pir_door"": 0, ""pir_seat"": -1}"
26906,3,closed,ok,2026-09-03T14:19:59.003103+00:00,2026-09-03T14:19:59.404579+00:00,"{""door_main"": 0, ""door_sub"": 1, ""node"": ""occ_01"", ""pir_door"": 0, ""pir_seat"": -1}"
26907,3,closed,ok,2026-09-03T14:20:00.015085+00:00,2026-09-03T14:20:00.390518+00:00,"{""door_main"": 0, ""door_sub"": 1, ""node"": ""occ_01"", ""pir_door"": 0, ""pir_seat"": -1}"
26908,3,closed,ok,2026-09-03T14:20:01.027017+00:00,2026-09-03T14:20:01.433930+00:00,"{""door_main"": 0, ""door_sub"": 1, ""node"": ""occ_01"", ""pir_door"": 1, ""pir_seat"": -1}"
26909,3,closed,ok,2026-09-03T14:20:02.047044+00:00,2026-09-03T14:20:02.394788+00:00,"{""door_main"": 0, ""door_sub"": 1, ""node"": ""occ_01"", ""pir_door"": 0, ""pir_seat"": -1}"
26910,3,closed,ok,2026-09-03T14:20:03.051017+00:00,2026-09-03T14:20:03.314723+00:00,"{""door_main"": 0, ""door_sub"": 1, ""node"": ""occ_01"", ""pir_door"": 0, ""pir_seat"": -1}"
26911,3,closed,ok,2026-09-03T14:20:04.064767+00:00,2026-09-03T14:20:04.454788+00:00,"{""door_main"": 0, ""door_sub"": 1, ""node"": ""occ_01"", ""pir_door"": 0, ""pir_seat"": -1}"
26912,3,closed,ok,2026-09-03T14:20:05.080582+00:00,2026-09-03T14:20:05.354620+00:00,"{""door_main"": 0, ""door_sub"": 1, ""node"": ""occ_01"", ""pir_door"": 1, ""pir_seat"": -1}"
26913,3,closed,ok,2026-09-03T14:20:06.088606+00:00,2026-09-03T14:20:06.264481+00:00,"{""door_main"": 0, ""door_sub"": 1, ""node"": ""occ_01"", ""pir_door"": 0, ""pir_seat"": -1}"
26914,3,closed,ok,2026-09-03T14:20:07.099020+00:00,2026-09-03T14:20:07.439802+00:00,"{""door_main"": 0, ""door_sub"": 1, ""node"": ""occ_01"", ""pir_door"": 0, ""pir_seat"": -1}"
26915,3,closed,ok,2026-09-03T14:20:08.111035+00:00,2026-09-03T14:20:08.454498+00:00,"{""door_main"": 0, ""door_sub"": 1, ""node"": ""occ_01"", ""pir_door"": 0, ""pir_seat"": -1}"
26916,3,closed,ok,2026-09-03T14:20:09.124838+00:00,2026-09-03T14:20:09.504566+00:00,"{""door_main"": 0, ""door_sub"": 1, ""node"": ""occ_01"", ""pir_door"": 0, ""pir_seat"": -1}"
26917,3,closed,ok,2026-09-03T14:20:10.135202+00:00,2026-09-03T14:20:10.534710+00:00,"{""door_main"": 0, ""door_sub"": 1, ""node"": ""occ_01"", ""pir_door"": 0, ""pir_seat"": -1}"
26918,3,closed,ok,2026-09-03T14:20:11.147406+00:00,2026-09-03T14:20:11.509651+00:00,"{""door_main"": 0, ""door_sub"": 1, ""node"": ""occ_01"", ""pir_door"": 0, ""pir_seat"": -1}"
26919,3,closed,ok,2026-09-03T14:20:12.159069+00:00,2026-09-03T14:20:12.544694+00:00,"{""door_main"": 0, ""door_sub"": 1, ""node"": ""occ_01"", ""pir_door"": 0, ""pir_seat"": -1}"
26920,3,closed,ok,2026-09-03T14:20:13.301022+00:00,2026-09-03T14:20:13.664547+00:00,"{""door_main"": 0, ""door_sub"": 1, ""node"": ""occ_01"", ""pir_door"": 0, ""pir_seat"": -1}"
26921,3,closed,ok,2026-09-03T14:20:14.186036+00:00,2026-09-03T14:20:14.549627+00:00,"{""door_main"": 0, ""door_sub"": 1, ""node"": ""occ_01"", ""pir_door"": 0, ""pir_seat"": -1}"
26922,3,closed,ok,2026-09-03T14:20:15.197175+00:00,2026-09-03T14:20:15.514587+00:00,"{""door_main"": 0, ""door_sub"": 1, ""node"": ""occ_01"", ""pir_door"": 0, ""pir_seat"": -1}"
26923,3,closed,ok,2026-09-03T14:20:16.207096+00:00,2026-09-03T14:20:16.385268+00:00,"{""door_main"": 0, ""door_sub"": 1, ""node"": ""occ_01"", ""pir_door"": 0, ""pir_seat"": -1}"
26924,3,closed,ok,2026-09-03T14:20:17.219023+00:00,2026-09-03T14:20:17.599911+00:00,"{""door_main"": 0, ""door_sub"": 1, ""node"": ""occ_01"", ""pir_door"": 0, ""pir_seat"": -1}"
26925,3,closed,ok,2026-09-03T14:20:18.232482+00:00,2026-09-03T14:20:18.584932+00:00,"{""door_main"": 0, ""door_sub"": 1, ""node"": ""occ_01"", ""pir_door"": 0, ""pir_seat"": -1}"
26926,3,closed,ok,2026-09-03T14:20:19.244509+00:00,2026-09-03T14:20:19.605238+00:00,"{""door_main"": 0, ""door_sub"": 1, ""node"": ""occ_01"", ""pir_door"": 0, ""pir_seat"": -1}"
26927,3,closed,ok,2026-09-03T14:20:20.256645+00:00,2026-09-03T14:20:20.544736+00:00,"{""door_main"": 0, ""door_sub"": 1, ""node"": ""occ_01"", ""pir_door"": 0, ""pir_seat"": -1}"
26928,3,closed,ok,2026-09-03T14:20:21.269326+00:00,2026-09-03T14:20:21.441408+00:00,"{""door_main"": 0, ""door_sub"": 1, ""node"": ""occ_01"", ""pir_door"": 1, ""pir_seat"": -1}"
26929,3,closed,ok,2026-09-03T14:20:22.283605+00:00,2026-09-03T14:20:22.600357+00:00,"{""door_main"": 0, ""door_sub"": 1, ""node"": ""occ_01"", ""pir_door"": 0, ""pir_seat"": -1}"
26930,3,closed,ok,2026-09-03T14:20:23.291094+00:00,2026-09-03T14:20:23.635263+00:00,"{""door_main"": 0, ""door_sub"": 1, ""node"": ""occ_01"", ""pir_door"": 0, ""pir_seat"": -1}"
26931,3,closed,ok,2026-09-03T14:20:24.303118+00:00,2026-09-03T14:20:24.645011+00:00,"{""door_main"": 0, ""door_sub"": 1, ""node"": ""occ_01"", ""pir_door"": 0, ""pir_seat"": -1}"
26932,3,closed,ok,2026-09-03T14:20:25.321050+00:00,2026-09-03T14:20:25.624594+00:00,"{""door_main"": 0, ""door_sub"": 1, ""node"": ""occ_01"", ""pir_door"": 0, ""pir_seat"": -1}"
26933,3,closed,ok,2026-09-03T14:20:26.327102+00:00,2026-09-03T14:20:26.531637+00:00,"{""door_main"": 0, ""door_sub"": 1, ""node"": ""occ_01"", ""pir_door"": 0, ""pir_seat"": -1}"
26934,3,closed,ok,2026-09-03T14:20:27.340744+00:00,2026-09-03T14:20:27.689786+00:00,"{""door_main"": 0, ""door_sub"": 1, ""node"": ""occ_01"", ""pir_door"": 0, ""pir_seat"": -1}"
26935,3,closed,ok,2026-09-03T14:20:28.501284+00:00,2026-09-03T14:20:28.815443+00:00,"{""door_main"": 0, ""door_sub"": 1, ""node"": ""occ_01"", ""pir_door"": 0, ""pir_seat"": -1}"
26936,3,closed,ok,2026-09-03T14:20:29.364457+00:00,2026-09-03T14:20:29.671542+00:00,"{""door_main"": 0, ""door_sub"": 1, ""node"": ""occ_01"", ""pir_door"": 0, ""pir_seat"": -1}"
26937,3,closed,ok,2026-09-03T14:20:30.374993+00:00,2026-09-03T14:20:30.650482+00:00,"{""door_main"": 0, ""door_sub"": 1, ""node"": ""occ_01"", ""pir_door"": 0, ""pir_seat"": -1}"
26938,3,closed,ok,2026-09-03T14:20:31.387126+00:00,2026-09-03T14:20:31.619807+00:00,"{""door_main"": 0, ""door_sub"": 1, ""node"": ""occ_01"", ""pir_door"": 0, ""pir_seat"": -1}"
26939,3,closed,ok,2026-09-03T14:20:32.402044+00:00,2026-09-03T14:20:32.584498+00:00,"{""door_main"": 0, ""door_sub"": 1, ""node"": ""occ_01"", ""pir_door"": 0, ""pir_seat"": -1}"
26940,3,closed,ok,2026-09-03T14:20:33.410941+00:00,2026-09-03T14:20:33.780227+00:00,"{""door_main"": 0, ""door_sub"": 1, ""node"": ""occ_01"", ""pir_door"": 0, ""pir_seat"": -1}"
26941,3,closed,ok,2026-09-03T14:20:34.423053+00:00,2026-09-03T14:20:34.770062+00:00,"{""door_main"": 0, ""door_sub"": 1, ""node"": ""occ_01"", ""pir_door"": 1, ""pir_seat"": -1}"
26942,3,closed,ok,2026-09-03T14:20:35.437192+00:00,2026-09-03T14:20:35.611263+00:00,"{""door_main"": 0, ""door_sub"": 1, ""node"": ""occ_01"", ""pir_door"": 0, ""pir_seat"": -1}"
26943,3,closed,ok,2026-09-03T14:20:36.451237+00:00,2026-09-03T14:20:36.640061+00:00,"{""door_main"": 0, ""door_sub"": 1, ""node"": ""occ_01"", ""pir_door"": 0, ""pir_seat"": -1}"
26944,3,closed,ok,2026-09-03T14:20:37.462118+00:00,2026-09-03T14:20:37.819736+00:00,"{""door_main"": 0, ""door_sub"": 1, ""node"": ""occ_01"", ""pir_door"": 0, ""pir_seat"": -1}"
26945,3,closed,ok,2026-09-03T14:20:38.521011+00:00,2026-09-03T14:20:38.854914+00:00,"{""door_main"": 0, ""door_sub"": 1, ""node"": ""occ_01"", ""pir_door"": 1, ""pir_seat"": -1}"
26946,3,closed,ok,2026-09-03T14:20:39.485409+00:00,2026-09-03T14:20:39.764849+00:00,"{""door_main"": 0, ""door_sub"": 1, ""node"": ""occ_01"", ""pir_door"": 0, ""pir_seat"": -1}"
26947,3,closed,ok,2026-09-03T14:20:40.495249+00:00,2026-09-03T14:20:40.715053+00:00,"{""door_main"": 0, ""door_sub"": 1, ""node"": ""occ_01"", ""pir_door"": 0, ""pir_seat"": -1}"
26948,3,closed,ok,2026-09-03T14:20:41.507070+00:00,2026-09-03T14:20:41.674613+00:00,"{""door_main"": 0, ""door_sub"": 1, ""node"": ""occ_01"", ""pir_door"": 0, ""pir_seat"": -1}"
26949,3,closed,ok,2026-09-03T14:20:42.522095+00:00,2026-09-03T14:20:42.839681+00:00,"{""door_main"": 0, ""door_sub"": 1, ""node"": ""occ_01"", ""pir_door"": 1, ""pir_seat"": -1}"
26950,3,closed,ok,2026-09-03T14:20:43.643686+00:00,2026-09-03T14:20:43.973285+00:00,"{""door_main"": 0, ""door_sub"": 1, ""node"": ""occ_01"", ""pir_door"": 0, ""pir_seat"": -1}"
26951,3,closed,ok,2026-09-03T14:20:44.545966+00:00,2026-09-03T14:20:44.915149+00:00,"{""door_main"": 0, ""door_sub"": 1, ""node"": ""occ_01"", ""pir_door"": 0, ""pir_seat"": -1}"
26952,3,closed,ok,2026-09-03T14:20:45.555005+00:00,2026-09-03T14:20:45.734534+00:00,"{""door_main"": 0, ""door_sub"": 1, ""node"": ""occ_01"", ""pir_door"": 0, ""pir_seat"": -1}"
26953,3,closed,ok,2026-09-03T14:20:46.567112+00:00,2026-09-03T14:20:46.740253+00:00,"{""door_main"": 0, ""door_sub"": 1, ""node"": ""occ_01"", ""pir_door"": 0, ""pir_seat"": -1}"
26954,3,closed,ok,2026-09-03T14:20:47.581847+00:00,2026-09-03T14:20:47.929880+00:00,"{""door_main"": 0, ""door_sub"": 1, ""node"": ""occ_01"", ""pir_door"": 0, ""pir_seat"": -1}"
26955,3,closed,ok,2026-09-03T14:20:48.650986+00:00,2026-09-03T14:20:49.029495+00:00,"{""door_main"": 0, ""door_sub"": 1, ""node"": ""occ_01"", ""pir_door"": 0, ""pir_seat"": -1}"
26956,3,closed,ok,2026-09-03T14:20:49.606512+00:00,2026-09-03T14:20:49.924793+00:00,"{""door_main"": 0, ""door_sub"": 1, ""node"": ""occ_01"", ""pir_door"": 0, ""pir_seat"": -1}"
26957,3,closed,ok,2026-09-03T14:20:50.619429+00:00,2026-09-03T14:20:50.884603+00:00,"{""door_main"": 0, ""door_sub"": 1, ""node"": ""occ_01"", ""pir_door"": 1, ""pir_seat"": -1}"
26958,3,closed,ok,2026-09-03T14:20:51.630059+00:00,2026-09-03T14:20:51.954534+00:00,"{""door_main"": 0, ""door_sub"": 1, ""node"": ""occ_01"", ""pir_door"": 0, ""pir_seat"": -1}"
26959,3,closed,ok,2026-09-03T14:20:52.640664+00:00,2026-09-03T14:20:52.924496+00:00,"{""door_main"": 0, ""door_sub"": 1, ""node"": ""occ_01"", ""pir_door"": 0, ""pir_seat"": -1}"
26960,3,closed,ok,2026-09-03T14:20:53.681017+00:00,2026-09-03T14:20:53.995218+00:00,"{""door_main"": 0, ""door_sub"": 1, ""node"": ""occ_01"", ""pir_door"": 0, ""pir_seat"": -1}"
26961,3,closed,ok,2026-09-03T14:20:54.663178+00:00,2026-09-03T14:20:54.854806+00:00,"{""door_main"": 0, ""door_sub"": 1, ""node"": ""occ_01"", ""pir_door"": 0, ""pir_seat"": -1}"
26962,3,closed,ok,2026-09-03T14:20:55.674992+00:00,2026-09-03T14:20:55.889653+00:00,"{""door_main"": 0, ""door_sub"": 1, ""node"": ""occ_01"", ""pir_door"": 0, ""pir_seat"": -1}"
26963,3,closed,ok,2026-09-03T14:20:56.688635+00:00,2026-09-03T14:20:57.044676+00:00,"{""door_main"": 0, ""door_sub"": 1, ""node"": ""occ_01"", ""pir_door"": 0, ""pir_seat"": -1}"
26964,3,closed,ok,2026-09-03T14:20:57.700611+00:00,2026-09-03T14:20:57.874582+00:00,"{""door_main"": 0, ""door_sub"": 1, ""node"": ""occ_01"", ""pir_door"": 1, ""pir_seat"": -1}"
26965,3,closed,ok,2026-09-03T14:20:58.713264+00:00,2026-09-03T14:20:59.044717+00:00,"{""door_main"": 0, ""door_sub"": 1, ""node"": ""occ_01"", ""pir_door"": 0, ""pir_seat"": -1}"
26966,3,closed,ok,2026-09-03T14:20:59.724618+00:00,2026-09-03T14:21:00.053124+00:00,"{""door_main"": 0, ""door_sub"": 1, ""node"": ""occ_01"", ""pir_door"": 0, ""pir_seat"": -1}"
26967,3,closed,ok,2026-09-03T14:21:00.735076+00:00,2026-09-03T14:21:00.959948+00:00,"{""door_main"": 0, ""door_sub"": 1, ""node"": ""occ_01"", ""pir_door"": 0, ""pir_seat"": -1}"
26968,3,closed,ok,2026-09-03T14:21:01.748576+00:00,2026-09-03T14:21:01.969697+00:00,"{""door_main"": 0, ""door_sub"": 1, ""node"": ""occ_01"", ""pir_door"": 0, ""pir_seat"": -1}"
26969,3,closed,ok,2026-09-03T14:21:02.762235+00:00,2026-09-03T14:21:03.130651+00:00,"{""door_main"": 0, ""door_sub"": 1, ""node"": ""occ_01"", ""pir_door"": 0, ""pir_seat"": -1}"
26970,3,closed,ok,2026-09-03T14:21:03.975781+00:00,2026-09-03T14:21:04.255523+00:00,"{""door_main"": 0, ""door_sub"": 1, ""node"": ""occ_01"", ""pir_door"": 0, ""pir_seat"": -1}"
26971,3,closed,ok,2026-09-03T14:21:04.783040+00:00,2026-09-03T14:21:04.995883+00:00,"{""door_main"": 0, ""door_sub"": 1, ""node"": ""occ_01"", ""pir_door"": 1, ""pir_seat"": -1}"
26972,3,closed,ok,2026-09-03T14:21:05.796566+00:00,2026-09-03T14:21:05.994902+00:00,"{""door_main"": 0, ""door_sub"": 1, ""node"": ""occ_01"", ""pir_door"": 0, ""pir_seat"": -1}"
26973,3,closed,ok,2026-09-03T14:21:06.809136+00:00,2026-09-03T14:21:07.034718+00:00,"{""door_main"": 0, ""door_sub"": 1, ""node"": ""occ_01"", ""pir_door"": 0, ""pir_seat"": -1}"
26974,3,closed,ok,2026-09-03T14:21:07.819086+00:00,2026-09-03T14:21:08.125096+00:00,"{""door_main"": 0, ""door_sub"": 1, ""node"": ""occ_01"", ""pir_door"": 0, ""pir_seat"": -1}"
26975,3,closed,ok,2026-09-03T14:21:08.831924+00:00,2026-09-03T14:21:09.129881+00:00,"{""door_main"": 0, ""door_sub"": 1, ""node"": ""occ_01"", ""pir_door"": 0, ""pir_seat"": -1}"
26976,3,closed,ok,2026-09-03T14:21:09.849514+00:00,2026-09-03T14:21:10.060455+00:00,"{""door_main"": 0, ""door_sub"": 1, ""node"": ""occ_01"", ""pir_door"": 0, ""pir_seat"": -1}"
26977,3,closed,ok,2026-09-03T14:21:10.857229+00:00,2026-09-03T14:21:11.066017+00:00,"{""door_main"": 0, ""door_sub"": 1, ""node"": ""occ_01"", ""pir_door"": 0, ""pir_seat"": -1}"
26978,3,closed,ok,2026-09-03T14:21:11.867033+00:00,2026-09-03T14:21:12.046866+00:00,"{""door_main"": 0, ""door_sub"": 1, ""node"": ""occ_01"", ""pir_door"": 0, ""pir_seat"": -1}"
26979,3,closed,ok,2026-09-03T14:21:12.881055+00:00,2026-09-03T14:21:13.219632+00:00,"{""door_main"": 0, ""door_sub"": 1, ""node"": ""occ_01"", ""pir_door"": 0, ""pir_seat"": -1}"
26980,3,closed,ok,2026-09-03T14:21:13.970911+00:00,2026-09-03T14:21:14.365197+00:00,"{""door_main"": 0, ""door_sub"": 1, ""node"": ""occ_01"", ""pir_door"": 0, ""pir_seat"": -1}"
26981,3,closed,ok,2026-09-03T14:21:14.910075+00:00,2026-09-03T14:21:15.124942+00:00,"{""door_main"": 0, ""door_sub"": 1, ""node"": ""occ_01"", ""pir_door"": 1, ""pir_seat"": -1}"
26982,3,closed,ok,2026-09-03T14:21:15.915043+00:00,2026-09-03T14:21:16.109929+00:00,"{""door_main"": 0, ""door_sub"": 1, ""node"": ""occ_01"", ""pir_door"": 0, ""pir_seat"": -1}"
26983,3,closed,ok,2026-09-03T14:21:16.927092+00:00,2026-09-03T14:21:17.178036+00:00,"{""door_main"": 0, ""door_sub"": 1, ""node"": ""occ_01"", ""pir_door"": 0, ""pir_seat"": -1}"
26984,3,closed,ok,2026-09-03T14:21:17.940662+00:00,2026-09-03T14:21:18.300098+00:00,"{""door_main"": 0, ""door_sub"": 1, ""node"": ""occ_01"", ""pir_door"": 0, ""pir_seat"": -1}"
26985,3,closed,ok,2026-09-03T14:21:18.952478+00:00,2026-09-03T14:21:19.305588+00:00,"{""door_main"": 0, ""door_sub"": 1, ""node"": ""occ_01"", ""pir_door"": 1, ""pir_seat"": -1}"
26986,3,closed,ok,2026-09-03T14:21:19.964559+00:00,2026-09-03T14:21:20.344997+00:00,"{""door_main"": 0, ""door_sub"": 1, ""node"": ""occ_01"", ""pir_door"": 0, ""pir_seat"": -1}"
26987,3,closed,ok,2026-09-03T14:21:20.979911+00:00,2026-09-03T14:21:21.199418+00:00,"{""door_main"": 0, ""door_sub"": 1, ""node"": ""occ_01"", ""pir_door"": 0, ""pir_seat"": -1}"
26988,3,closed,ok,2026-09-03T14:21:21.987135+00:00,2026-09-03T14:21:22.340313+00:00,"{""door_main"": 0, ""door_sub"": 1, ""node"": ""occ_01"", ""pir_door"": 1, ""pir_seat"": -1}"
26989,3,closed,ok,2026-09-03T14:21:22.999061+00:00,2026-09-03T14:21:23.364699+00:00,"{""door_main"": 0, ""door_sub"": 1, ""node"": ""occ_01"", ""pir_door"": 0, ""pir_seat"": -1}"
26990,3,closed,ok,2026-09-03T14:21:24.011141+00:00,2026-09-03T14:21:24.229963+00:00,"{""door_main"": 0, ""door_sub"": 1, ""node"": ""occ_01"", ""pir_door"": 0, ""pir_seat"": -1}"
26991,3,closed,ok,2026-09-03T14:21:25.023187+00:00,2026-09-03T14:21:25.361085+00:00,"{""door_main"": 0, ""door_sub"": 1, ""node"": ""occ_01"", ""pir_door"": 0, ""pir_seat"": -1}"
26992,3,closed,ok,2026-09-03T14:21:26.072832+00:00,2026-09-03T14:21:26.289988+00:00,"{""door_main"": 0, ""door_sub"": 1, ""node"": ""occ_01"", ""pir_door"": 0, ""pir_seat"": -1}"
26993,3,closed,ok,2026-09-03T14:21:27.049265+00:00,2026-09-03T14:21:27.444576+00:00,"{""door_main"": 0, ""door_sub"": 1, ""node"": ""occ_01"", ""pir_door"": 0, ""pir_seat"": -1}"
26994,3,closed,ok,2026-09-03T14:21:28.715565+00:00,2026-09-03T14:21:28.981171+00:00,"{""door_main"": 0, ""door_sub"": 1, ""node"": ""occ_01"", ""pir_door"": 0, ""pir_seat"": -1}"
26995,3,closed,ok,2026-09-03T14:21:29.071094+00:00,2026-09-03T14:21:29.414940+00:00,"{""door_main"": 0, ""door_sub"": 1, ""node"": ""occ_01"", ""pir_door"": 1, ""pir_seat"": -1}"
26996,3,closed,ok,2026-09-03T14:21:30.084696+00:00,2026-09-03T14:21:30.375395+00:00,"{""door_main"": 0, ""door_sub"": 1, ""node"": ""occ_01"", ""pir_door"": 0, ""pir_seat"": -1}"
26997,3,closed,ok,2026-09-03T14:21:31.096558+00:00,2026-09-03T14:21:31.284562+00:00,"{""door_main"": 0, ""door_sub"": 1, ""node"": ""occ_01"", ""pir_door"": 0, ""pir_seat"": -1}"
26998,3,closed,ok,2026-09-03T14:21:32.108886+00:00,2026-09-03T14:21:32.439789+00:00,"{""door_main"": 0, ""door_sub"": 1, ""node"": ""occ_01"", ""pir_door"": 0, ""pir_seat"": -1}"
26999,3,closed,ok,2026-09-03T14:21:33.692811+00:00,2026-09-03T14:21:33.989922+00:00,"{""door_main"": 0, ""door_sub"": 1, ""node"": ""occ_01"", ""pir_door"": 0, ""pir_seat"": -1}"
27000,3,closed,ok,2026-09-03T14:21:34.131065+00:00,2026-09-03T14:21:34.314736+00:00,"{""door_main"": 0, ""door_sub"": 1, ""node"": ""occ_01"", ""pir_door"": 0, ""pir_seat"": -1}"
27001,3,closed,ok,2026-09-03T14:21:35.143087+00:00,2026-09-03T14:21:35.315898+00:00,"{""door_main"": 0, ""door_sub"": 1, ""node"": ""occ_01"", ""pir_door"": 0, ""pir_seat"": -1}"
27002,3,closed,ok,2026-09-03T14:21:36.156625+00:00,2026-09-03T14:21:36.345104+00:00,"{""door_main"": 0, ""door_sub"": 1, ""node"": ""occ_01"", ""pir_door"": 1, ""pir_seat"": -1}"
27003,3,closed,ok,2026-09-03T14:21:37.170894+00:00,2026-09-03T14:21:37.445604+00:00,"{""door_main"": 0, ""door_sub"": 1, ""node"": ""occ_01"", ""pir_door"": 0, ""pir_seat"": -1}"
27004,3,closed,ok,2026-09-03T14:21:38.740455+00:00,2026-09-03T14:21:39.075669+00:00,"{""door_main"": 0, ""door_sub"": 1, ""node"": ""occ_01"", ""pir_door"": 0, ""pir_seat"": -1}"
27005,3,closed,ok,2026-09-03T14:21:39.191275+00:00,2026-09-03T14:21:39.484612+00:00,"{""door_main"": 0, ""door_sub"": 1, ""node"": ""occ_01"", ""pir_door"": 0, ""pir_seat"": -1}"
27006,3,closed,ok,2026-09-03T14:21:40.205212+00:00,2026-09-03T14:21:40.569396+00:00,"{""door_main"": 0, ""door_sub"": 1, ""node"": ""occ_01"", ""pir_door"": 0, ""pir_seat"": -1}"
27007,3,closed,ok,2026-09-03T14:21:41.215136+00:00,2026-09-03T14:21:41.411680+00:00,"{""door_main"": 0, ""door_sub"": 1, ""node"": ""occ_01"", ""pir_door"": 0, ""pir_seat"": -1}"
27008,3,closed,ok,2026-09-03T14:21:42.232555+00:00,2026-09-03T14:21:42.530939+00:00,"{""door_main"": 0, ""door_sub"": 1, ""node"": ""occ_01"", ""pir_door"": 0, ""pir_seat"": -1}"
27009,3,closed,ok,2026-09-03T14:21:43.720834+00:00,2026-09-03T14:21:43.974497+00:00,"{""door_main"": 0, ""door_sub"": 1, ""node"": ""occ_01"", ""pir_door"": 0, ""pir_seat"": -1}"
27010,3,closed,ok,2026-09-03T14:21:44.254073+00:00,2026-09-03T14:21:44.404424+00:00,"{""door_main"": 0, ""door_sub"": 1, ""node"": ""occ_01"", ""pir_door"": 0, ""pir_seat"": -1}"
27011,3,closed,ok,2026-09-03T14:21:45.266815+00:00,2026-09-03T14:21:45.444518+00:00,"{""door_main"": 0, ""door_sub"": 1, ""node"": ""occ_01"", ""pir_door"": 0, ""pir_seat"": -1}"
27012,3,closed,ok,2026-09-03T14:21:46.275169+00:00,2026-09-03T14:21:46.434633+00:00,"{""door_main"": 0, ""door_sub"": 1, ""node"": ""occ_01"", ""pir_door"": 0, ""pir_seat"": -1}"
27013,3,closed,ok,2026-09-03T14:21:47.291436+00:00,2026-09-03T14:21:47.619637+00:00,"{""door_main"": 0, ""door_sub"": 1, ""node"": ""occ_01"", ""pir_door"": 0, ""pir_seat"": -1}"
27014,3,closed,ok,2026-09-03T14:21:48.680729+00:00,2026-09-03T14:21:49.004442+00:00,"{""door_main"": 0, ""door_sub"": 1, ""node"": ""occ_01"", ""pir_door"": 0, ""pir_seat"": -1}"
27015,3,closed,ok,2026-09-03T14:21:49.311037+00:00,2026-09-03T14:21:49.654572+00:00,"{""door_main"": 0, ""door_sub"": 1, ""node"": ""occ_01"", ""pir_door"": 0, ""pir_seat"": -1}"
27016,3,closed,ok,2026-09-03T14:21:50.323141+00:00,2026-09-03T14:21:50.674715+00:00,"{""door_main"": 0, ""door_sub"": 1, ""node"": ""occ_01"", ""pir_door"": 0, ""pir_seat"": -1}"
27017,3,closed,ok,2026-09-03T14:21:51.336575+00:00,2026-09-03T14:21:51.639599+00:00,"{""door_main"": 0, ""door_sub"": 1, ""node"": ""occ_01"", ""pir_door"": 0, ""pir_seat"": -1}"
27018,3,closed,ok,2026-09-03T14:21:52.348964+00:00,2026-09-03T14:21:52.724603+00:00,"{""door_main"": 0, ""door_sub"": 1, ""node"": ""occ_01"", ""pir_door"": 0, ""pir_seat"": -1}"
27019,3,closed,ok,2026-09-03T14:21:53.735243+00:00,2026-09-03T14:21:54.084579+00:00,"{""door_main"": 0, ""door_sub"": 1, ""node"": ""occ_01"", ""pir_door"": 0, ""pir_seat"": -1}"
27020,3,closed,ok,2026-09-03T14:21:54.371118+00:00,2026-09-03T14:21:54.554549+00:00,"{""door_main"": 0, ""door_sub"": 1, ""node"": ""occ_01"", ""pir_door"": 0, ""pir_seat"": -1}"
27021,3,closed,ok,2026-09-03T14:21:55.383029+00:00,2026-09-03T14:21:55.659934+00:00,"{""door_main"": 0, ""door_sub"": 1, ""node"": ""occ_01"", ""pir_door"": 1, ""pir_seat"": -1}"
27022,3,closed,ok,2026-09-03T14:21:56.396703+00:00,2026-09-03T14:21:56.679647+00:00,"{""door_main"": 0, ""door_sub"": 1, ""node"": ""occ_01"", ""pir_door"": 0, ""pir_seat"": -1}"
27023,3,closed,ok,2026-09-03T14:21:57.410372+00:00,2026-09-03T14:21:57.774693+00:00,"{""door_main"": 0, ""door_sub"": 1, ""node"": ""occ_01"", ""pir_door"": 0, ""pir_seat"": -1}"
27024,3,closed,ok,2026-09-03T14:21:58.780330+00:00,2026-09-03T14:21:59.049542+00:00,"{""door_main"": 0, ""door_sub"": 1, ""node"": ""occ_01"", ""pir_door"": 0, ""pir_seat"": -1}"
27025,3,closed,ok,2026-09-03T14:21:59.432918+00:00,2026-09-03T14:21:59.734910+00:00,"{""door_main"": 0, ""door_sub"": 1, ""node"": ""occ_01"", ""pir_door"": 1, ""pir_seat"": -1}"
27026,3,closed,ok,2026-09-03T14:22:00.446021+00:00,2026-09-03T14:22:00.892370+00:00,"{""door_main"": 0, ""door_sub"": 1, ""node"": ""occ_01"", ""pir_door"": 0, ""pir_seat"": -1}"
27027,3,closed,ok,2026-09-03T14:22:01.459599+00:00,2026-09-03T14:22:01.827597+00:00,"{""door_main"": 0, ""door_sub"": 1, ""node"": ""occ_01"", ""pir_door"": 0, ""pir_seat"": -1}"
27028,3,closed,ok,2026-09-03T14:22:02.480433+00:00,2026-09-03T14:22:02.825693+00:00,"{""door_main"": 0, ""door_sub"": 1, ""node"": ""occ_01"", ""pir_door"": 0, ""pir_seat"": -1}"
27029,3,closed,ok,2026-09-03T14:22:03.910811+00:00,2026-09-03T14:22:04.269768+00:00,"{""door_main"": 0, ""door_sub"": 1, ""node"": ""occ_01"", ""pir_door"": 1, ""pir_seat"": -1}"
27030,3,closed,ok,2026-09-03T14:22:04.495645+00:00,2026-09-03T14:22:04.800727+00:00,"{""door_main"": 0, ""door_sub"": 1, ""node"": ""occ_01"", ""pir_door"": 0, ""pir_seat"": -1}"
27031,3,closed,ok,2026-09-03T14:22:05.504472+00:00,2026-09-03T14:22:05.830162+00:00,"{""door_main"": 0, ""door_sub"": 1, ""node"": ""occ_01"", ""pir_door"": 0, ""pir_seat"": -1}"
27032,3,closed,ok,2026-09-03T14:22:06.515184+00:00,2026-09-03T14:22:06.684590+00:00,"{""door_main"": 0, ""door_sub"": 1, ""node"": ""occ_01"", ""pir_door"": 0, ""pir_seat"": -1}"
27033,3,closed,ok,2026-09-03T14:22:07.527281+00:00,2026-09-03T14:22:07.859608+00:00,"{""door_main"": 0, ""door_sub"": 1, ""node"": ""occ_01"", ""pir_door"": 0, ""pir_seat"": -1}"
27034,3,closed,ok,2026-09-03T14:22:08.880763+00:00,2026-09-03T14:22:09.174659+00:00,"{""door_main"": 0, ""door_sub"": 1, ""node"": ""occ_01"", ""pir_door"": 0, ""pir_seat"": -1}"
27035,3,closed,ok,2026-09-03T14:22:09.551049+00:00,2026-09-03T14:22:09.724589+00:00,"{""door_main"": 0, ""door_sub"": 1, ""node"": ""occ_01"", ""pir_door"": 0, ""pir_seat"": -1}"
27036,3,closed,ok,2026-09-03T14:22:10.563306+00:00,2026-09-03T14:22:10.879567+00:00,"{""door_main"": 0, ""door_sub"": 1, ""node"": ""occ_01"", ""pir_door"": 0, ""pir_seat"": -1}"
27037,3,closed,ok,2026-09-03T14:22:11.576768+00:00,2026-09-03T14:22:11.909727+00:00,"{""door_main"": 0, ""door_sub"": 1, ""node"": ""occ_01"", ""pir_door"": 0, ""pir_seat"": -1}"
27038,3,closed,ok,2026-09-03T14:22:12.588582+00:00,2026-09-03T14:22:12.909581+00:00,"{""door_main"": 0, ""door_sub"": 1, ""node"": ""occ_01"", ""pir_door"": 1, ""pir_seat"": -1}"
27039,3,closed,ok,2026-09-03T14:22:13.890764+00:00,2026-09-03T14:22:14.244453+00:00,"{""door_main"": 0, ""door_sub"": 1, ""node"": ""occ_01"", ""pir_door"": 0, ""pir_seat"": -1}"
27040,3,closed,ok,2026-09-03T14:22:14.612972+00:00,2026-09-03T14:22:14.994614+00:00,"{""door_main"": 0, ""door_sub"": 1, ""node"": ""occ_01"", ""pir_door"": 0, ""pir_seat"": -1}"
27041,3,closed,ok,2026-09-03T14:22:15.623224+00:00,2026-09-03T14:22:15.984707+00:00,"{""door_main"": 0, ""door_sub"": 1, ""node"": ""occ_01"", ""pir_door"": 0, ""pir_seat"": -1}"
27042,3,closed,ok,2026-09-03T14:22:16.637128+00:00,2026-09-03T14:22:16.969598+00:00,"{""door_main"": 0, ""door_sub"": 1, ""node"": ""occ_01"", ""pir_door"": 1, ""pir_seat"": -1}"
27043,3,closed,ok,2026-09-03T14:22:17.647133+00:00,2026-09-03T14:22:17.939658+00:00,"{""door_main"": 0, ""door_sub"": 1, ""node"": ""occ_01"", ""pir_door"": 0, ""pir_seat"": -1}"
27044,3,closed,ok,2026-09-03T14:22:18.876974+00:00,2026-09-03T14:22:19.174530+00:00,"{""door_main"": 0, ""door_sub"": 1, ""node"": ""occ_01"", ""pir_door"": 0, ""pir_seat"": -1}"
27045,3,closed,ok,2026-09-03T14:22:19.671160+00:00,2026-09-03T14:22:19.844682+00:00,"{""door_main"": 0, ""door_sub"": 1, ""node"": ""occ_01"", ""pir_door"": 0, ""pir_seat"": -1}"
27046,3,closed,ok,2026-09-03T14:22:20.685738+00:00,2026-09-03T14:22:20.954702+00:00,"{""door_main"": 0, ""door_sub"": 1, ""node"": ""occ_01"", ""pir_door"": 0, ""pir_seat"": -1}"
27047,3,closed,ok,2026-09-03T14:22:21.695125+00:00,2026-09-03T14:22:22.019982+00:00,"{""door_main"": 0, ""door_sub"": 1, ""node"": ""occ_01"", ""pir_door"": 0, ""pir_seat"": -1}"
27048,3,closed,ok,2026-09-03T14:22:22.708756+00:00,2026-09-03T14:22:23.044804+00:00,"{""door_main"": 0, ""door_sub"": 1, ""node"": ""occ_01"", ""pir_door"": 0, ""pir_seat"": -1}"
27049,3,closed,ok,2026-09-03T14:22:24.040225+00:00,2026-09-03T14:22:24.320351+00:00,"{""door_main"": 0, ""door_sub"": 1, ""node"": ""occ_01"", ""pir_door"": 0, ""pir_seat"": -1}"
27050,3,closed,ok,2026-09-03T14:22:24.731119+00:00,2026-09-03T14:22:25.110355+00:00,"{""door_main"": 0, ""door_sub"": 1, ""node"": ""occ_01"", ""pir_door"": 0, ""pir_seat"": -1}"
27051,3,closed,ok,2026-09-03T14:22:25.748524+00:00,2026-09-03T14:22:26.074870+00:00,"{""door_main"": 0, ""door_sub"": 1, ""node"": ""occ_01"", ""pir_door"": 0, ""pir_seat"": -1}"
27052,3,closed,ok,2026-09-03T14:22:26.755089+00:00,2026-09-03T14:22:27.108974+00:00,"{""door_main"": 0, ""door_sub"": 1, ""node"": ""occ_01"", ""pir_door"": 0, ""pir_seat"": -1}"
27053,3,closed,ok,2026-09-03T14:22:27.767186+00:00,2026-09-03T14:22:28.104456+00:00,"{""door_main"": 0, ""door_sub"": 1, ""node"": ""occ_01"", ""pir_door"": 0, ""pir_seat"": -1}"
27054,3,closed,ok,2026-09-03T14:22:28.995329+00:00,2026-09-03T14:22:29.379570+00:00,"{""door_main"": 0, ""door_sub"": 1, ""node"": ""occ_01"", ""pir_door"": 0, ""pir_seat"": -1}"
27055,3,closed,ok,2026-09-03T14:22:29.791187+00:00,2026-09-03T14:22:29.979734+00:00,"{""door_main"": 0, ""door_sub"": 1, ""node"": ""occ_01"", ""pir_door"": 1, ""pir_seat"": -1}"
27056,3,closed,ok,2026-09-03T14:22:30.804989+00:00,2026-09-03T14:22:31.154534+00:00,"{""door_main"": 0, ""door_sub"": 1, ""node"": ""occ_01"", ""pir_door"": 0, ""pir_seat"": -1}"
27057,3,closed,ok,2026-09-03T14:22:31.815324+00:00,2026-09-03T14:22:32.115313+00:00,"{""door_main"": 0, ""door_sub"": 1, ""node"": ""occ_01"", ""pir_door"": 0, ""pir_seat"": -1}"
27058,3,closed,ok,2026-09-03T14:22:32.829335+00:00,2026-09-03T14:22:33.175187+00:00,"{""door_main"": 0, ""door_sub"": 1, ""node"": ""occ_01"", ""pir_door"": 0, ""pir_seat"": -1}"
27059,3,closed,ok,2026-09-03T14:22:34.050591+00:00,2026-09-03T14:22:34.284639+00:00,"{""door_main"": 0, ""door_sub"": 1, ""node"": ""occ_01"", ""pir_door"": 1, ""pir_seat"": -1}"
27060,3,closed,ok,2026-09-03T14:22:34.851302+00:00,2026-09-03T14:22:35.164370+00:00,"{""door_main"": 0, ""door_sub"": 1, ""node"": ""occ_01"", ""pir_door"": 0, ""pir_seat"": -1}"
27061,3,closed,ok,2026-09-03T14:22:35.863304+00:00,2026-09-03T14:22:36.194935+00:00,"{""door_main"": 0, ""door_sub"": 1, ""node"": ""occ_01"", ""pir_door"": 0, ""pir_seat"": -1}"
27062,3,closed,ok,2026-09-03T14:22:36.876267+00:00,2026-09-03T14:22:37.184559+00:00,"{""door_main"": 0, ""door_sub"": 1, ""node"": ""occ_01"", ""pir_door"": 0, ""pir_seat"": -1}"
27063,3,closed,ok,2026-09-03T14:22:37.887131+00:00,2026-09-03T14:22:38.230054+00:00,"{""door_main"": 0, ""door_sub"": 1, ""node"": ""occ_01"", ""pir_door"": 0, ""pir_seat"": -1}"
27064,3,closed,ok,2026-09-03T14:22:39.046153+00:00,2026-09-03T14:22:39.369424+00:00,"{""door_main"": 0, ""door_sub"": 1, ""node"": ""occ_01"", ""pir_door"": 0, ""pir_seat"": -1}"
27065,3,closed,ok,2026-09-03T14:22:39.912677+00:00,2026-09-03T14:22:40.084452+00:00,"{""door_main"": 0, ""door_sub"": 1, ""node"": ""occ_01"", ""pir_door"": 0, ""pir_seat"": -1}"
27066,3,closed,ok,2026-09-03T14:22:40.923222+00:00,2026-09-03T14:22:41.264585+00:00,"{""door_main"": 0, ""door_sub"": 1, ""node"": ""occ_01"", ""pir_door"": 0, ""pir_seat"": -1}"
27067,3,closed,ok,2026-09-03T14:22:41.938703+00:00,2026-09-03T14:22:42.239622+00:00,"{""door_main"": 0, ""door_sub"": 1, ""node"": ""occ_01"", ""pir_door"": 0, ""pir_seat"": -1}"
27068,3,closed,ok,2026-09-03T14:22:42.950388+00:00,2026-09-03T14:22:43.299958+00:00,"{""door_main"": 0, ""door_sub"": 1, ""node"": ""occ_01"", ""pir_door"": 0, ""pir_seat"": -1}"
27069,3,closed,ok,2026-09-03T14:22:44.085042+00:00,2026-09-03T14:22:44.380061+00:00,"{""door_main"": 0, ""door_sub"": 1, ""node"": ""occ_01"", ""pir_door"": 0, ""pir_seat"": -1}"
27070,3,closed,ok,2026-09-03T14:22:44.971183+00:00,2026-09-03T14:22:45.339800+00:00,"{""door_main"": 0, ""door_sub"": 1, ""node"": ""occ_01"", ""pir_door"": 0, ""pir_seat"": -1}"
27071,3,closed,ok,2026-09-03T14:22:45.982821+00:00,2026-09-03T14:22:46.274706+00:00,"{""door_main"": 0, ""door_sub"": 1, ""node"": ""occ_01"", ""pir_door"": 1, ""pir_seat"": -1}"
27072,3,closed,ok,2026-09-03T14:22:47.003166+00:00,2026-09-03T14:22:47.344723+00:00,"{""door_main"": 0, ""door_sub"": 1, ""node"": ""occ_01"", ""pir_door"": 0, ""pir_seat"": -1}"
27073,3,closed,ok,2026-09-03T14:22:48.010304+00:00,2026-09-03T14:22:48.359719+00:00,"{""door_main"": 0, ""door_sub"": 1, ""node"": ""occ_01"", ""pir_door"": 0, ""pir_seat"": -1}"
27074,3,closed,ok,2026-09-03T14:22:49.191055+00:00,2026-09-03T14:22:49.384727+00:00,"{""door_main"": 0, ""door_sub"": 1, ""node"": ""occ_01"", ""pir_door"": 1, ""pir_seat"": -1}"
27075,3,closed,ok,2026-09-03T14:22:50.032708+00:00,2026-09-03T14:22:50.219625+00:00,"{""door_main"": 0, ""door_sub"": 1, ""node"": ""occ_01"", ""pir_door"": 0, ""pir_seat"": -1}"
27076,3,closed,ok,2026-09-03T14:22:51.045315+00:00,2026-09-03T14:22:51.314692+00:00,"{""door_main"": 0, ""door_sub"": 1, ""node"": ""occ_01"", ""pir_door"": 0, ""pir_seat"": -1}"
27077,3,closed,ok,2026-09-03T14:22:52.056655+00:00,2026-09-03T14:22:52.344493+00:00,"{""door_main"": 0, ""door_sub"": 1, ""node"": ""occ_01"", ""pir_door"": 0, ""pir_seat"": -1}"
27078,3,closed,ok,2026-09-03T14:22:53.067282+00:00,2026-09-03T14:22:53.399734+00:00,"{""door_main"": 0, ""door_sub"": 1, ""node"": ""occ_01"", ""pir_door"": 0, ""pir_seat"": -1}"
27079,3,closed,ok,2026-09-03T14:22:54.210010+00:00,2026-09-03T14:22:54.514588+00:00,"{""door_main"": 0, ""door_sub"": 1, ""node"": ""occ_01"", ""pir_door"": 0, ""pir_seat"": -1}"
27080,3,closed,ok,2026-09-03T14:22:55.092932+00:00,2026-09-03T14:22:55.449541+00:00,"{""door_main"": 0, ""door_sub"": 1, ""node"": ""occ_01"", ""pir_door"": 0, ""pir_seat"": -1}"
27081,3,closed,ok,2026-09-03T14:22:56.103223+00:00,2026-09-03T14:22:56.389775+00:00,"{""door_main"": 0, ""door_sub"": 1, ""node"": ""occ_01"", ""pir_door"": 1, ""pir_seat"": -1}"
27082,3,closed,ok,2026-09-03T14:22:57.115281+00:00,2026-09-03T14:22:57.429830+00:00,"{""door_main"": 0, ""door_sub"": 1, ""node"": ""occ_01"", ""pir_door"": 0, ""pir_seat"": -1}"
27083,3,closed,ok,2026-09-03T14:22:58.127213+00:00,2026-09-03T14:22:58.424700+00:00,"{""door_main"": 0, ""door_sub"": 1, ""node"": ""occ_01"", ""pir_door"": 0, ""pir_seat"": -1}"
27084,3,closed,ok,2026-09-03T14:22:59.200133+00:00,2026-09-03T14:22:59.529429+00:00,"{""door_main"": 0, ""door_sub"": 1, ""node"": ""occ_01"", ""pir_door"": 0, ""pir_seat"": -1}"
27085,3,closed,ok,2026-09-03T14:23:00.151214+00:00,2026-09-03T14:23:00.329615+00:00,"{""door_main"": 0, ""door_sub"": 1, ""node"": ""occ_01"", ""pir_door"": 0, ""pir_seat"": -1}"
27086,3,closed,ok,2026-09-03T14:23:01.165853+00:00,2026-09-03T14:23:01.422664+00:00,"{""door_main"": 0, ""door_sub"": 1, ""node"": ""occ_01"", ""pir_door"": 0, ""pir_seat"": -1}"
27087,3,closed,ok,2026-09-03T14:23:02.176599+00:00,2026-09-03T14:23:02.535288+00:00,"{""door_main"": 0, ""door_sub"": 1, ""node"": ""occ_01"", ""pir_door"": 0, ""pir_seat"": -1}"
27088,3,closed,ok,2026-09-03T14:23:03.192829+00:00,2026-09-03T14:23:03.546031+00:00,"{""door_main"": 0, ""door_sub"": 1, ""node"": ""occ_01"", ""pir_door"": 1, ""pir_seat"": -1}"
27089,3,closed,ok,2026-09-03T14:23:04.364643+00:00,2026-09-03T14:23:04.694699+00:00,"{""door_main"": 0, ""door_sub"": 1, ""node"": ""occ_01"", ""pir_door"": 0, ""pir_seat"": -1}"
27090,3,closed,ok,2026-09-03T14:23:05.211221+00:00,2026-09-03T14:23:05.586323+00:00,"{""door_main"": 0, ""door_sub"": 1, ""node"": ""occ_01"", ""pir_door"": 0, ""pir_seat"": -1}"
27091,3,closed,ok,2026-09-03T14:23:06.223205+00:00,2026-09-03T14:23:06.560305+00:00,"{""door_main"": 0, ""door_sub"": 1, ""node"": ""occ_01"", ""pir_door"": 0, ""pir_seat"": -1}"
27092,3,closed,ok,2026-09-03T14:23:07.236644+00:00,2026-09-03T14:23:07.545512+00:00,"{""door_main"": 0, ""door_sub"": 1, ""node"": ""occ_01"", ""pir_door"": 1, ""pir_seat"": -1}"
27093,3,closed,ok,2026-09-03T14:23:08.249990+00:00,2026-09-03T14:23:08.575208+00:00,"{""door_main"": 0, ""door_sub"": 1, ""node"": ""occ_01"", ""pir_door"": 0, ""pir_seat"": -1}"
27094,3,closed,ok,2026-09-03T14:23:09.259402+00:00,2026-09-03T14:23:09.670919+00:00,"{""door_main"": 0, ""door_sub"": 1, ""node"": ""occ_01"", ""pir_door"": 0, ""pir_seat"": -1}"
27095,3,closed,ok,2026-09-03T14:23:10.271281+00:00,2026-09-03T14:23:10.440577+00:00,"{""door_main"": 0, ""door_sub"": 1, ""node"": ""occ_01"", ""pir_door"": 1, ""pir_seat"": -1}"
27096,3,closed,ok,2026-09-03T14:23:11.284817+00:00,2026-09-03T14:23:11.644948+00:00,"{""door_main"": 0, ""door_sub"": 1, ""node"": ""occ_01"", ""pir_door"": 0, ""pir_seat"": -1}"
27097,3,closed,ok,2026-09-03T14:23:12.295170+00:00,2026-09-03T14:23:12.575555+00:00,"{""door_main"": 0, ""door_sub"": 1, ""node"": ""occ_01"", ""pir_door"": 0, ""pir_seat"": -1}"
27098,3,closed,ok,2026-09-03T14:23:13.307259+00:00,2026-09-03T14:23:13.634853+00:00,"{""door_main"": 0, ""door_sub"": 1, ""node"": ""occ_01"", ""pir_door"": 0, ""pir_seat"": -1}"
27099,3,closed,ok,2026-09-03T14:23:14.322748+00:00,2026-09-03T14:23:14.584565+00:00,"{""door_main"": 0, ""door_sub"": 1, ""node"": ""occ_01"", ""pir_door"": 1, ""pir_seat"": -1}"
27100,3,closed,ok,2026-09-03T14:23:15.331158+00:00,2026-09-03T14:23:15.659707+00:00,"{""door_main"": 0, ""door_sub"": 1, ""node"": ""occ_01"", ""pir_door"": 0, ""pir_seat"": -1}"
27101,3,closed,ok,2026-09-03T14:23:16.347172+00:00,2026-09-03T14:23:16.681066+00:00,"{""door_main"": 0, ""door_sub"": 1, ""node"": ""occ_01"", ""pir_door"": 0, ""pir_seat"": -1}"
27102,3,closed,ok,2026-09-03T14:23:17.357047+00:00,2026-09-03T14:23:17.654861+00:00,"{""door_main"": 0, ""door_sub"": 1, ""node"": ""occ_01"", ""pir_door"": 0, ""pir_seat"": -1}"
27103,3,closed,ok,2026-09-03T14:23:18.369072+00:00,2026-09-03T14:23:18.684951+00:00,"{""door_main"": 0, ""door_sub"": 1, ""node"": ""occ_01"", ""pir_door"": 1, ""pir_seat"": -1}"
27104,3,closed,ok,2026-09-03T14:23:19.384649+00:00,2026-09-03T14:23:19.559725+00:00,"{""door_main"": 0, ""door_sub"": 1, ""node"": ""occ_01"", ""pir_door"": 0, ""pir_seat"": -1}"
27105,3,closed,ok,2026-09-03T14:23:20.393392+00:00,2026-09-03T14:23:20.579727+00:00,"{""door_main"": 0, ""door_sub"": 1, ""node"": ""occ_01"", ""pir_door"": 0, ""pir_seat"": -1}"
27106,3,closed,ok,2026-09-03T14:23:21.406302+00:00,2026-09-03T14:23:21.730548+00:00,"{""door_main"": 0, ""door_sub"": 1, ""node"": ""occ_01"", ""pir_door"": 0, ""pir_seat"": -1}"
27107,3,closed,ok,2026-09-03T14:23:22.415195+00:00,2026-09-03T14:23:22.754600+00:00,"{""door_main"": 0, ""door_sub"": 1, ""node"": ""occ_01"", ""pir_door"": 1, ""pir_seat"": -1}"
27108,3,closed,ok,2026-09-03T14:23:23.427364+00:00,2026-09-03T14:23:23.769642+00:00,"{""door_main"": 0, ""door_sub"": 1, ""node"": ""occ_01"", ""pir_door"": 0, ""pir_seat"": -1}"
27109,3,closed,ok,2026-09-03T14:23:24.439208+00:00,2026-09-03T14:23:24.840095+00:00,"{""door_main"": 0, ""door_sub"": 1, ""node"": ""occ_01"", ""pir_door"": 0, ""pir_seat"": -1}"
27110,3,closed,ok,2026-09-03T14:23:25.453959+00:00,2026-09-03T14:23:25.680294+00:00,"{""door_main"": 0, ""door_sub"": 1, ""node"": ""occ_01"", ""pir_door"": 0, ""pir_seat"": -1}"
27111,3,closed,ok,2026-09-03T14:23:27.779982+00:00,2026-09-03T14:23:28.049706+00:00,"{""door_main"": 0, ""door_sub"": 1, ""node"": ""occ_01"", ""pir_door"": 1, ""pir_seat"": -1}"
27112,3,closed,ok,2026-09-03T14:23:28.120607+00:00,2026-09-03T14:23:28.439886+00:00,"{""door_main"": 0, ""door_sub"": 1, ""node"": ""occ_01"", ""pir_door"": 0, ""pir_seat"": -1}"
27113,3,closed,ok,2026-09-03T14:23:28.559950+00:00,2026-09-03T14:23:28.794508+00:00,"{""door_main"": 0, ""door_sub"": 1, ""node"": ""occ_01"", ""pir_door"": 0, ""pir_seat"": -1}"
27114,3,closed,ok,2026-09-03T14:23:29.499288+00:00,2026-09-03T14:23:29.669653+00:00,"{""door_main"": 0, ""door_sub"": 1, ""node"": ""occ_01"", ""pir_door"": 1, ""pir_seat"": -1}"
27115,3,closed,ok,2026-09-03T14:23:30.514457+00:00,2026-09-03T14:23:30.834728+00:00,"{""door_main"": 0, ""door_sub"": 1, ""node"": ""occ_01"", ""pir_door"": 0, ""pir_seat"": -1}"
27116,3,closed,ok,2026-09-03T14:23:31.526254+00:00,2026-09-03T14:23:31.875031+00:00,"{""door_main"": 0, ""door_sub"": 1, ""node"": ""occ_01"", ""pir_door"": 0, ""pir_seat"": -1}"
27117,3,closed,ok,2026-09-03T14:23:32.536753+00:00,2026-09-03T14:23:32.879620+00:00,"{""door_main"": 0, ""door_sub"": 1, ""node"": ""occ_01"", ""pir_door"": 0, ""pir_seat"": -1}"
27118,3,closed,ok,2026-09-03T14:23:33.547261+00:00,2026-09-03T14:23:33.869783+00:00,"{""door_main"": 0, ""door_sub"": 1, ""node"": ""occ_01"", ""pir_door"": 1, ""pir_seat"": -1}"
27119,3,closed,ok,2026-09-03T14:23:34.560658+00:00,2026-09-03T14:23:34.919672+00:00,"{""door_main"": 0, ""door_sub"": 1, ""node"": ""occ_01"", ""pir_door"": 0, ""pir_seat"": -1}"
27120,3,closed,ok,2026-09-03T14:23:35.573321+00:00,2026-09-03T14:23:35.924644+00:00,"{""door_main"": 0, ""door_sub"": 1, ""node"": ""occ_01"", ""pir_door"": 0, ""pir_seat"": -1}"
27121,3,closed,ok,2026-09-03T14:23:36.583477+00:00,2026-09-03T14:23:36.919591+00:00,"{""door_main"": 0, ""door_sub"": 1, ""node"": ""occ_01"", ""pir_door"": 0, ""pir_seat"": -1}"
27122,3,closed,ok,2026-09-03T14:23:37.601182+00:00,2026-09-03T14:23:37.894532+00:00,"{""door_main"": 0, ""door_sub"": 1, ""node"": ""occ_01"", ""pir_door"": 0, ""pir_seat"": -1}"
27123,3,closed,ok,2026-09-03T14:23:38.607242+00:00,2026-09-03T14:23:38.940305+00:00,"{""door_main"": 0, ""door_sub"": 1, ""node"": ""occ_01"", ""pir_door"": 0, ""pir_seat"": -1}"
27124,3,closed,ok,2026-09-03T14:23:39.620945+00:00,2026-09-03T14:23:39.799830+00:00,"{""door_main"": 0, ""door_sub"": 1, ""node"": ""occ_01"", ""pir_door"": 0, ""pir_seat"": -1}"
27125,3,closed,ok,2026-09-03T14:23:40.631356+00:00,2026-09-03T14:23:40.824830+00:00,"{""door_main"": 0, ""door_sub"": 1, ""node"": ""occ_01"", ""pir_door"": 0, ""pir_seat"": -1}"
27126,3,closed,ok,2026-09-03T14:23:41.643558+00:00,2026-09-03T14:23:41.964485+00:00,"{""door_main"": 0, ""door_sub"": 1, ""node"": ""occ_01"", ""pir_door"": 0, ""pir_seat"": -1}"
27127,3,closed,ok,2026-09-03T14:23:42.655262+00:00,2026-09-03T14:23:42.980123+00:00,"{""door_main"": 0, ""door_sub"": 1, ""node"": ""occ_01"", ""pir_door"": 0, ""pir_seat"": -1}"
27128,3,closed,ok,2026-09-03T14:23:43.685194+00:00,2026-09-03T14:23:44.034723+00:00,"{""door_main"": 0, ""door_sub"": 1, ""node"": ""occ_01"", ""pir_door"": 0, ""pir_seat"": -1}"
27129,3,closed,ok,2026-09-03T14:23:44.679391+00:00,2026-09-03T14:23:44.854622+00:00,"{""door_main"": 0, ""door_sub"": 1, ""node"": ""occ_01"", ""pir_door"": 0, ""pir_seat"": -1}"
27130,3,closed,ok,2026-09-03T14:23:45.691356+00:00,2026-09-03T14:23:45.945174+00:00,"{""door_main"": 0, ""door_sub"": 1, ""node"": ""occ_01"", ""pir_door"": 0, ""pir_seat"": -1}"
27131,3,closed,ok,2026-09-03T14:23:46.706977+00:00,2026-09-03T14:23:46.989612+00:00,"{""door_main"": 0, ""door_sub"": 1, ""node"": ""occ_01"", ""pir_door"": 0, ""pir_seat"": -1}"
27132,3,closed,ok,2026-09-03T14:23:47.718273+00:00,2026-09-03T14:23:48.020657+00:00,"{""door_main"": 0, ""door_sub"": 1, ""node"": ""occ_01"", ""pir_door"": 1, ""pir_seat"": -1}"
27133,3,closed,ok,2026-09-03T14:23:48.727248+00:00,2026-09-03T14:23:49.049631+00:00,"{""door_main"": 0, ""door_sub"": 1, ""node"": ""occ_01"", ""pir_door"": 0, ""pir_seat"": -1}"
27134,3,closed,ok,2026-09-03T14:23:49.739252+00:00,2026-09-03T14:23:49.909627+00:00,"{""door_main"": 0, ""door_sub"": 1, ""node"": ""occ_01"", ""pir_door"": 0, ""pir_seat"": -1}"
27135,3,closed,ok,2026-09-03T14:23:50.751320+00:00,2026-09-03T14:23:51.059611+00:00,"{""door_main"": 0, ""door_sub"": 1, ""node"": ""occ_01"", ""pir_door"": 1, ""pir_seat"": -1}"
27136,3,closed,ok,2026-09-03T14:23:51.770973+00:00,2026-09-03T14:23:52.074734+00:00,"{""door_main"": 0, ""door_sub"": 1, ""node"": ""occ_01"", ""pir_door"": 0, ""pir_seat"": -1}"
27137,3,closed,ok,2026-09-03T14:23:52.777146+00:00,2026-09-03T14:23:53.122125+00:00,"{""door_main"": 0, ""door_sub"": 1, ""node"": ""occ_01"", ""pir_door"": 0, ""pir_seat"": -1}"
27138,3,closed,ok,2026-09-03T14:23:53.788700+00:00,2026-09-03T14:23:53.964648+00:00,"{""door_main"": 0, ""door_sub"": 1, ""node"": ""occ_01"", ""pir_door"": 0, ""pir_seat"": -1}"
27139,3,closed,ok,2026-09-03T14:23:54.802713+00:00,2026-09-03T14:23:54.984631+00:00,"{""door_main"": 0, ""door_sub"": 1, ""node"": ""occ_01"", ""pir_door"": 0, ""pir_seat"": -1}"
27140,3,closed,ok,2026-09-03T14:23:55.812759+00:00,2026-09-03T14:23:56.129752+00:00,"{""door_main"": 0, ""door_sub"": 1, ""node"": ""occ_01"", ""pir_door"": 0, ""pir_seat"": -1}"
27141,3,closed,ok,2026-09-03T14:23:56.823357+00:00,2026-09-03T14:23:57.120366+00:00,"{""door_main"": 0, ""door_sub"": 1, ""node"": ""occ_01"", ""pir_door"": 0, ""pir_seat"": -1}"
27142,3,closed,ok,2026-09-03T14:23:57.838281+00:00,2026-09-03T14:23:58.149694+00:00,"{""door_main"": 0, ""door_sub"": 1, ""node"": ""occ_01"", ""pir_door"": 1, ""pir_seat"": -1}"
27143,3,closed,ok,2026-09-03T14:23:58.849080+00:00,2026-09-03T14:23:59.009481+00:00,"{""door_main"": 0, ""door_sub"": 1, ""node"": ""occ_01"", ""pir_door"": 0, ""pir_seat"": -1}"
27144,3,closed,ok,2026-09-03T14:23:59.863845+00:00,2026-09-03T14:24:00.064651+00:00,"{""door_main"": 0, ""door_sub"": 1, ""node"": ""occ_01"", ""pir_door"": 0, ""pir_seat"": -1}"
27145,3,closed,ok,2026-09-03T14:24:00.871326+00:00,2026-09-03T14:24:01.206127+00:00,"{""door_main"": 0, ""door_sub"": 1, ""node"": ""occ_01"", ""pir_door"": 0, ""pir_seat"": -1}"
27146,3,closed,ok,2026-09-03T14:24:01.883403+00:00,2026-09-03T14:24:02.338588+00:00,"{""door_main"": 0, ""door_sub"": 1, ""node"": ""occ_01"", ""pir_door"": 1, ""pir_seat"": -1}"
27147,3,closed,ok,2026-09-03T14:24:02.895278+00:00,2026-09-03T14:24:03.302687+00:00,"{""door_main"": 0, ""door_sub"": 1, ""node"": ""occ_01"", ""pir_door"": 0, ""pir_seat"": -1}"
27148,3,closed,ok,2026-09-03T14:24:03.914212+00:00,2026-09-03T14:24:04.264877+00:00,"{""door_main"": 0, ""door_sub"": 1, ""node"": ""occ_01"", ""pir_door"": 0, ""pir_seat"": -1}"
27149,3,closed,ok,2026-09-03T14:24:04.919251+00:00,2026-09-03T14:24:05.135353+00:00,"{""door_main"": 0, ""door_sub"": 1, ""node"": ""occ_01"", ""pir_door"": 0, ""pir_seat"": -1}"
27150,3,closed,ok,2026-09-03T14:24:05.932915+00:00,2026-09-03T14:24:06.284715+00:00,"{""door_main"": 0, ""door_sub"": 1, ""node"": ""occ_01"", ""pir_door"": 0, ""pir_seat"": -1}"
27151,3,closed,ok,2026-09-03T14:24:06.943377+00:00,2026-09-03T14:24:07.250529+00:00,"{""door_main"": 0, ""door_sub"": 1, ""node"": ""occ_01"", ""pir_door"": 0, ""pir_seat"": -1}"
27152,3,closed,ok,2026-09-03T14:24:07.959811+00:00,2026-09-03T14:24:08.305003+00:00,"{""door_main"": 0, ""door_sub"": 1, ""node"": ""occ_01"", ""pir_door"": 0, ""pir_seat"": -1}"
27153,3,closed,ok,2026-09-03T14:24:08.970451+00:00,2026-09-03T14:24:09.164489+00:00,"{""door_main"": 0, ""door_sub"": 1, ""node"": ""occ_01"", ""pir_door"": 0, ""pir_seat"": -1}"
27154,3,closed,ok,2026-09-03T14:24:09.980889+00:00,2026-09-03T14:24:10.154576+00:00,"{""door_main"": 0, ""door_sub"": 1, ""node"": ""occ_01"", ""pir_door"": 0, ""pir_seat"": -1}"
27155,3,closed,ok,2026-09-03T14:24:10.993153+00:00,2026-09-03T14:24:11.324542+00:00,"{""door_main"": 0, ""door_sub"": 1, ""node"": ""occ_01"", ""pir_door"": 0, ""pir_seat"": -1}"
27156,3,closed,ok,2026-09-03T14:24:12.005339+00:00,2026-09-03T14:24:12.290076+00:00,"{""door_main"": 0, ""door_sub"": 1, ""node"": ""occ_01"", ""pir_door"": 0, ""pir_seat"": -1}"
27157,3,closed,ok,2026-09-03T14:24:13.017460+00:00,2026-09-03T14:24:13.254731+00:00,"{""door_main"": 0, ""door_sub"": 1, ""node"": ""occ_01"", ""pir_door"": 0, ""pir_seat"": -1}"
27158,3,closed,ok,2026-09-03T14:24:14.027779+00:00,2026-09-03T14:24:14.234503+00:00,"{""door_main"": 0, ""door_sub"": 1, ""node"": ""occ_01"", ""pir_door"": 0, ""pir_seat"": -1}"
27159,3,closed,ok,2026-09-03T14:24:15.039354+00:00,2026-09-03T14:24:15.199776+00:00,"{""door_main"": 0, ""door_sub"": 1, ""node"": ""occ_01"", ""pir_door"": 0, ""pir_seat"": -1}"
27160,3,closed,ok,2026-09-03T14:24:16.051346+00:00,2026-09-03T14:24:16.419578+00:00,"{""door_main"": 0, ""door_sub"": 1, ""node"": ""occ_01"", ""pir_door"": 0, ""pir_seat"": -1}"
27161,3,closed,ok,2026-09-03T14:24:17.064903+00:00,2026-09-03T14:24:17.359675+00:00,"{""door_main"": 0, ""door_sub"": 1, ""node"": ""occ_01"", ""pir_door"": 0, ""pir_seat"": -1}"
27162,3,closed,ok,2026-09-03T14:24:18.075383+00:00,2026-09-03T14:24:18.350279+00:00,"{""door_main"": 0, ""door_sub"": 1, ""node"": ""occ_01"", ""pir_door"": 0, ""pir_seat"": -1}"
27163,3,closed,ok,2026-09-03T14:24:19.088867+00:00,2026-09-03T14:24:19.259898+00:00,"{""door_main"": 0, ""door_sub"": 1, ""node"": ""occ_01"", ""pir_door"": 1, ""pir_seat"": -1}"
27164,3,closed,ok,2026-09-03T14:24:20.099409+00:00,2026-09-03T14:24:20.264989+00:00,"{""door_main"": 0, ""door_sub"": 1, ""node"": ""occ_01"", ""pir_door"": 0, ""pir_seat"": -1}"
27165,3,closed,ok,2026-09-03T14:24:21.111403+00:00,2026-09-03T14:24:21.440092+00:00,"{""door_main"": 0, ""door_sub"": 1, ""node"": ""occ_01"", ""pir_door"": 0, ""pir_seat"": -1}"
27166,3,closed,ok,2026-09-03T14:24:22.123289+00:00,2026-09-03T14:24:22.441966+00:00,"{""door_main"": 0, ""door_sub"": 1, ""node"": ""occ_01"", ""pir_door"": 1, ""pir_seat"": -1}"
27167,3,closed,ok,2026-09-03T14:24:23.135370+00:00,2026-09-03T14:24:23.299639+00:00,"{""door_main"": 0, ""door_sub"": 1, ""node"": ""occ_01"", ""pir_door"": 0, ""pir_seat"": -1}"
27168,3,closed,ok,2026-09-03T14:24:24.152373+00:00,2026-09-03T14:24:24.339920+00:00,"{""door_main"": 0, ""door_sub"": 1, ""node"": ""occ_01"", ""pir_door"": 0, ""pir_seat"": -1}"
27169,3,closed,ok,2026-09-03T14:24:25.161162+00:00,2026-09-03T14:24:25.360240+00:00,"{""door_main"": 0, ""door_sub"": 1, ""node"": ""occ_01"", ""pir_door"": 0, ""pir_seat"": -1}"
27170,3,closed,ok,2026-09-03T14:24:26.171444+00:00,2026-09-03T14:24:26.534616+00:00,"{""door_main"": 0, ""door_sub"": 1, ""node"": ""occ_01"", ""pir_door"": 1, ""pir_seat"": -1}"
27171,3,closed,ok,2026-09-03T14:24:27.183544+00:00,2026-09-03T14:24:27.449487+00:00,"{""door_main"": 0, ""door_sub"": 1, ""node"": ""occ_01"", ""pir_door"": 0, ""pir_seat"": -1}"
27172,3,closed,ok,2026-09-03T14:24:28.195337+00:00,2026-09-03T14:24:28.356506+00:00,"{""door_main"": 0, ""door_sub"": 1, ""node"": ""occ_01"", ""pir_door"": 0, ""pir_seat"": -1}"
27173,3,closed,ok,2026-09-03T14:24:29.209091+00:00,2026-09-03T14:24:29.379682+00:00,"{""door_main"": 0, ""door_sub"": 1, ""node"": ""occ_01"", ""pir_door"": 1, ""pir_seat"": -1}"
27174,3,closed,ok,2026-09-03T14:24:30.219338+00:00,2026-09-03T14:24:30.424506+00:00,"{""door_main"": 0, ""door_sub"": 1, ""node"": ""occ_01"", ""pir_door"": 0, ""pir_seat"": -1}"
27175,3,closed,ok,2026-09-03T14:24:31.233601+00:00,2026-09-03T14:24:31.600449+00:00,"{""door_main"": 0, ""door_sub"": 1, ""node"": ""occ_01"", ""pir_door"": 0, ""pir_seat"": -1}"
27176,3,closed,ok,2026-09-03T14:24:32.243440+00:00,2026-09-03T14:24:32.424721+00:00,"{""door_main"": 0, ""door_sub"": 1, ""node"": ""occ_01"", ""pir_door"": 0, ""pir_seat"": -1}"
27177,3,closed,ok,2026-09-03T14:24:33.255417+00:00,2026-09-03T14:24:33.550506+00:00,"{""door_main"": 0, ""door_sub"": 1, ""node"": ""occ_01"", ""pir_door"": 0, ""pir_seat"": -1}"
27178,3,closed,ok,2026-09-03T14:24:34.267356+00:00,2026-09-03T14:24:34.465172+00:00,"{""door_main"": 0, ""door_sub"": 1, ""node"": ""occ_01"", ""pir_door"": 0, ""pir_seat"": -1}"
27179,3,closed,ok,2026-09-03T14:24:35.280992+00:00,2026-09-03T14:24:35.584609+00:00,"{""door_main"": 0, ""door_sub"": 1, ""node"": ""occ_01"", ""pir_door"": 0, ""pir_seat"": -1}"
27180,3,closed,ok,2026-09-03T14:24:36.291379+00:00,2026-09-03T14:24:36.664909+00:00,"{""door_main"": 0, ""door_sub"": 1, ""node"": ""occ_01"", ""pir_door"": 1, ""pir_seat"": -1}"
27181,3,closed,ok,2026-09-03T14:24:37.305099+00:00,2026-09-03T14:24:37.609688+00:00,"{""door_main"": 0, ""door_sub"": 1, ""node"": ""occ_01"", ""pir_door"": 0, ""pir_seat"": -1}"
27182,3,closed,ok,2026-09-03T14:24:38.315495+00:00,2026-09-03T14:24:38.564562+00:00,"{""door_main"": 0, ""door_sub"": 1, ""node"": ""occ_01"", ""pir_door"": 0, ""pir_seat"": -1}"
27183,3,closed,ok,2026-09-03T14:24:39.328861+00:00,2026-09-03T14:24:39.494578+00:00,"{""door_main"": 0, ""door_sub"": 1, ""node"": ""occ_01"", ""pir_door"": 0, ""pir_seat"": -1}"
27184,3,closed,ok,2026-09-03T14:24:40.344290+00:00,2026-09-03T14:24:40.504610+00:00,"{""door_main"": 0, ""door_sub"": 1, ""node"": ""occ_01"", ""pir_door"": 0, ""pir_seat"": -1}"
27185,3,closed,ok,2026-09-03T14:24:41.352969+00:00,2026-09-03T14:24:41.694497+00:00,"{""door_main"": 0, ""door_sub"": 1, ""node"": ""occ_01"", ""pir_door"": 0, ""pir_seat"": -1}"
27186,3,closed,ok,2026-09-03T14:24:42.364850+00:00,2026-09-03T14:24:42.594539+00:00,"{""door_main"": 0, ""door_sub"": 1, ""node"": ""occ_01"", ""pir_door"": 0, ""pir_seat"": -1}"
27187,3,closed,ok,2026-09-03T14:24:43.377348+00:00,2026-09-03T14:24:43.544543+00:00,"{""door_main"": 0, ""door_sub"": 1, ""node"": ""occ_01"", ""pir_door"": 1, ""pir_seat"": -1}"
27188,3,closed,ok,2026-09-03T14:24:44.387366+00:00,2026-09-03T14:24:44.579808+00:00,"{""door_main"": 0, ""door_sub"": 1, ""node"": ""occ_01"", ""pir_door"": 0, ""pir_seat"": -1}"
27189,3,closed,ok,2026-09-03T14:24:45.399415+00:00,2026-09-03T14:24:45.574898+00:00,"{""door_main"": 0, ""door_sub"": 1, ""node"": ""occ_01"", ""pir_door"": 0, ""pir_seat"": -1}"
27190,3,closed,ok,2026-09-03T14:24:46.413034+00:00,2026-09-03T14:24:46.760884+00:00,"{""door_main"": 0, ""door_sub"": 1, ""node"": ""occ_01"", ""pir_door"": 1, ""pir_seat"": -1}"
27191,3,closed,ok,2026-09-03T14:24:47.425032+00:00,2026-09-03T14:24:47.604487+00:00,"{""door_main"": 0, ""door_sub"": 1, ""node"": ""occ_01"", ""pir_door"": 0, ""pir_seat"": -1}"
27192,3,closed,ok,2026-09-03T14:24:48.437117+00:00,2026-09-03T14:24:48.629847+00:00,"{""door_main"": 0, ""door_sub"": 1, ""node"": ""occ_01"", ""pir_door"": 0, ""pir_seat"": -1}"
27193,3,closed,ok,2026-09-03T14:24:49.739768+00:00,2026-09-03T14:24:49.914641+00:00,"{""door_main"": 0, ""door_sub"": 1, ""node"": ""occ_01"", ""pir_door"": 0, ""pir_seat"": -1}"
27194,3,closed,ok,2026-09-03T14:24:50.459467+00:00,2026-09-03T14:24:50.629583+00:00,"{""door_main"": 0, ""door_sub"": 1, ""node"": ""occ_01"", ""pir_door"": 0, ""pir_seat"": -1}"
27195,3,closed,ok,2026-09-03T14:24:51.473033+00:00,2026-09-03T14:24:51.749553+00:00,"{""door_main"": 0, ""door_sub"": 1, ""node"": ""occ_01"", ""pir_door"": 0, ""pir_seat"": -1}"
27196,3,closed,ok,2026-09-03T14:24:52.485366+00:00,2026-09-03T14:24:52.664423+00:00,"{""door_main"": 0, ""door_sub"": 1, ""node"": ""occ_01"", ""pir_door"": 0, ""pir_seat"": -1}"
27197,3,closed,ok,2026-09-03T14:24:53.495419+00:00,2026-09-03T14:24:53.659765+00:00,"{""door_main"": 0, ""door_sub"": 1, ""node"": ""occ_01"", ""pir_door"": 0, ""pir_seat"": -1}"
27198,3,closed,ok,2026-09-03T14:24:54.799501+00:00,2026-09-03T14:24:54.984539+00:00,"{""door_main"": 0, ""door_sub"": 1, ""node"": ""occ_01"", ""pir_door"": 0, ""pir_seat"": -1}"
27199,3,closed,ok,2026-09-03T14:24:55.519457+00:00,2026-09-03T14:24:55.684566+00:00,"{""door_main"": 0, ""door_sub"": 1, ""node"": ""occ_01"", ""pir_door"": 0, ""pir_seat"": -1}"
27200,3,closed,ok,2026-09-03T14:24:56.537045+00:00,2026-09-03T14:24:56.775356+00:00,"{""door_main"": 0, ""door_sub"": 1, ""node"": ""occ_01"", ""pir_door"": 1, ""pir_seat"": -1}"
27201,3,closed,ok,2026-09-03T14:24:57.545307+00:00,2026-09-03T14:24:57.710246+00:00,"{""door_main"": 0, ""door_sub"": 1, ""node"": ""occ_01"", ""pir_door"": 0, ""pir_seat"": -1}"
27202,3,closed,ok,2026-09-03T14:24:58.555525+00:00,2026-09-03T14:24:58.759689+00:00,"{""door_main"": 0, ""door_sub"": 1, ""node"": ""occ_01"", ""pir_door"": 0, ""pir_seat"": -1}"
27203,3,closed,ok,2026-09-03T14:24:59.819477+00:00,2026-09-03T14:24:59.984919+00:00,"{""door_main"": 0, ""door_sub"": 1, ""node"": ""occ_01"", ""pir_door"": 0, ""pir_seat"": -1}"
27204,3,closed,ok,2026-09-03T14:25:00.579468+00:00,2026-09-03T14:25:00.759760+00:00,"{""door_main"": 0, ""door_sub"": 1, ""node"": ""occ_01"", ""pir_door"": 1, ""pir_seat"": -1}"
27205,3,closed,ok,2026-09-03T14:25:01.591521+00:00,2026-09-03T14:25:01.875157+00:00,"{""door_main"": 0, ""door_sub"": 1, ""node"": ""occ_01"", ""pir_door"": 0, ""pir_seat"": -1}"
27206,3,closed,ok,2026-09-03T14:25:02.603497+00:00,2026-09-03T14:25:02.874834+00:00,"{""door_main"": 0, ""door_sub"": 1, ""node"": ""occ_01"", ""pir_door"": 0, ""pir_seat"": -1}"
27207,3,closed,ok,2026-09-03T14:25:03.617027+00:00,2026-09-03T14:25:03.878521+00:00,"{""door_main"": 0, ""door_sub"": 1, ""node"": ""occ_01"", ""pir_door"": 1, ""pir_seat"": -1}"
27208,3,closed,ok,2026-09-03T14:25:04.904592+00:00,2026-09-03T14:25:05.090916+00:00,"{""door_main"": 0, ""door_sub"": 1, ""node"": ""occ_01"", ""pir_door"": 0, ""pir_seat"": -1}"
27209,3,closed,ok,2026-09-03T14:25:05.641197+00:00,2026-09-03T14:25:05.819559+00:00,"{""door_main"": 0, ""door_sub"": 1, ""node"": ""occ_01"", ""pir_door"": 0, ""pir_seat"": -1}"
27210,3,closed,ok,2026-09-03T14:25:06.654560+00:00,2026-09-03T14:25:06.989635+00:00,"{""door_main"": 0, ""door_sub"": 1, ""node"": ""occ_01"", ""pir_door"": 0, ""pir_seat"": -1}"
27211,3,closed,ok,2026-09-03T14:25:07.663439+00:00,2026-09-03T14:25:07.934554+00:00,"{""door_main"": 0, ""door_sub"": 1, ""node"": ""occ_01"", ""pir_door"": 0, ""pir_seat"": -1}"
27212,3,closed,ok,2026-09-03T14:25:08.675572+00:00,2026-09-03T14:25:08.864537+00:00,"{""door_main"": 0, ""door_sub"": 1, ""node"": ""occ_01"", ""pir_door"": 0, ""pir_seat"": -1}"
27213,3,closed,ok,2026-09-03T14:25:09.884505+00:00,2026-09-03T14:25:10.059831+00:00,"{""door_main"": 0, ""door_sub"": 1, ""node"": ""occ_01"", ""pir_door"": 0, ""pir_seat"": -1}"
27214,3,closed,ok,2026-09-03T14:25:10.701164+00:00,2026-09-03T14:25:10.880050+00:00,"{""door_main"": 0, ""door_sub"": 1, ""node"": ""occ_01"", ""pir_door"": 1, ""pir_seat"": -1}"
27215,3,closed,ok,2026-09-03T14:25:11.713005+00:00,2026-09-03T14:25:12.029602+00:00,"{""door_main"": 0, ""door_sub"": 1, ""node"": ""occ_01"", ""pir_door"": 0, ""pir_seat"": -1}"
27216,3,closed,ok,2026-09-03T14:25:12.727007+00:00,2026-09-03T14:25:12.919695+00:00,"{""door_main"": 0, ""door_sub"": 1, ""node"": ""occ_01"", ""pir_door"": 0, ""pir_seat"": -1}"
27217,3,closed,ok,2026-09-03T14:25:13.735667+00:00,2026-09-03T14:25:13.894430+00:00,"{""door_main"": 0, ""door_sub"": 1, ""node"": ""occ_01"", ""pir_door"": 0, ""pir_seat"": -1}"
27218,3,closed,ok,2026-09-03T14:25:14.904585+00:00,2026-09-03T14:25:15.074776+00:00,"{""door_main"": 0, ""door_sub"": 1, ""node"": ""occ_01"", ""pir_door"": 0, ""pir_seat"": -1}"
27219,3,closed,ok,2026-09-03T14:25:15.762406+00:00,2026-09-03T14:25:15.959905+00:00,"{""door_main"": 0, ""door_sub"": 1, ""node"": ""occ_01"", ""pir_door"": 0, ""pir_seat"": -1}"
27220,3,closed,ok,2026-09-03T14:25:16.773371+00:00,2026-09-03T14:25:17.059995+00:00,"{""door_main"": 0, ""door_sub"": 1, ""node"": ""occ_01"", ""pir_door"": 0, ""pir_seat"": -1}"
27221,3,closed,ok,2026-09-03T14:25:17.783558+00:00,2026-09-03T14:25:18.054389+00:00,"{""door_main"": 0, ""door_sub"": 1, ""node"": ""occ_01"", ""pir_door"": 0, ""pir_seat"": -1}"
27222,3,closed,ok,2026-09-03T14:25:18.795585+00:00,2026-09-03T14:25:19.104623+00:00,"{""door_main"": 0, ""door_sub"": 1, ""node"": ""occ_01"", ""pir_door"": 0, ""pir_seat"": -1}"
27223,3,closed,ok,2026-09-03T14:25:19.959425+00:00,2026-09-03T14:25:20.144598+00:00,"{""door_main"": 0, ""door_sub"": 1, ""node"": ""occ_01"", ""pir_door"": 0, ""pir_seat"": -1}"
27224,3,closed,ok,2026-09-03T14:25:20.821186+00:00,2026-09-03T14:25:21.044614+00:00,"{""door_main"": 0, ""door_sub"": 1, ""node"": ""occ_01"", ""pir_door"": 1, ""pir_seat"": -1}"
27225,3,closed,ok,2026-09-03T14:25:21.832933+00:00,2026-09-03T14:25:22.149564+00:00,"{""door_main"": 0, ""door_sub"": 1, ""node"": ""occ_01"", ""pir_door"": 0, ""pir_seat"": -1}"
27226,3,closed,ok,2026-09-03T14:25:22.843524+00:00,2026-09-03T14:25:23.040342+00:00,"{""door_main"": 0, ""door_sub"": 1, ""node"": ""occ_01"", ""pir_door"": 0, ""pir_seat"": -1}"
27227,3,closed,ok,2026-09-03T14:25:23.855568+00:00,2026-09-03T14:25:24.199691+00:00,"{""door_main"": 0, ""door_sub"": 1, ""node"": ""occ_01"", ""pir_door"": 0, ""pir_seat"": -1}"
27228,3,closed,ok,2026-09-03T14:25:25.014401+00:00,2026-09-03T14:25:25.180261+00:00,"{""door_main"": 0, ""door_sub"": 1, ""node"": ""occ_01"", ""pir_door"": 0, ""pir_seat"": -1}"
27229,3,closed,ok,2026-09-03T14:25:25.881433+00:00,2026-09-03T14:25:26.189577+00:00,"{""door_main"": 0, ""door_sub"": 1, ""node"": ""occ_01"", ""pir_door"": 0, ""pir_seat"": -1}"
27230,3,closed,ok,2026-09-03T14:25:26.892963+00:00,2026-09-03T14:25:27.189742+00:00,"{""door_main"": 0, ""door_sub"": 1, ""node"": ""occ_01"", ""pir_door"": 0, ""pir_seat"": -1}"
27231,3,closed,ok,2026-09-03T14:25:27.907926+00:00,2026-09-03T14:25:28.079959+00:00,"{""door_main"": 0, ""door_sub"": 1, ""node"": ""occ_01"", ""pir_door"": 1, ""pir_seat"": -1}"
27232,3,closed,ok,2026-09-03T14:25:28.919127+00:00,2026-09-03T14:25:29.269570+00:00,"{""door_main"": 0, ""door_sub"": 1, ""node"": ""occ_01"", ""pir_door"": 0, ""pir_seat"": -1}"
27233,3,closed,ok,2026-09-03T14:25:30.184453+00:00,2026-09-03T14:25:30.359620+00:00,"{""door_main"": 0, ""door_sub"": 1, ""node"": ""occ_01"", ""pir_door"": 0, ""pir_seat"": -1}"
27234,3,closed,ok,2026-09-03T14:25:30.939586+00:00,2026-09-03T14:25:31.284745+00:00,"{""door_main"": 0, ""door_sub"": 1, ""node"": ""occ_01"", ""pir_door"": 1, ""pir_seat"": -1}"
27235,3,closed,ok,2026-09-03T14:25:31.951616+00:00,2026-09-03T14:25:32.309548+00:00,"{""door_main"": 0, ""door_sub"": 1, ""node"": ""occ_01"", ""pir_door"": 0, ""pir_seat"": -1}"
27236,3,closed,ok,2026-09-03T14:25:32.963489+00:00,2026-09-03T14:25:33.119674+00:00,"{""door_main"": 0, ""door_sub"": 1, ""node"": ""occ_01"", ""pir_door"": 0, ""pir_seat"": -1}"
27237,3,closed,ok,2026-09-03T14:25:33.978998+00:00,2026-09-03T14:25:34.279793+00:00,"{""door_main"": 0, ""door_sub"": 1, ""node"": ""occ_01"", ""pir_door"": 0, ""pir_seat"": -1}"
27238,3,closed,ok,2026-09-03T14:25:35.409656+00:00,2026-09-03T14:25:35.760570+00:00,"{""door_main"": 0, ""door_sub"": 1, ""node"": ""occ_01"", ""pir_door"": 0, ""pir_seat"": -1}"
27239,3,closed,ok,2026-09-03T14:25:36.001640+00:00,2026-09-03T14:25:36.319788+00:00,"{""door_main"": 0, ""door_sub"": 1, ""node"": ""occ_01"", ""pir_door"": 0, ""pir_seat"": -1}"
27240,3,closed,ok,2026-09-03T14:25:37.011722+00:00,2026-09-03T14:25:37.359570+00:00,"{""door_main"": 0, ""door_sub"": 1, ""node"": ""occ_01"", ""pir_door"": 0, ""pir_seat"": -1}"
27241,3,closed,ok,2026-09-03T14:25:38.025068+00:00,2026-09-03T14:25:38.349564+00:00,"{""door_main"": 0, ""door_sub"": 1, ""node"": ""occ_01"", ""pir_door"": 1, ""pir_seat"": -1}"
27242,3,closed,ok,2026-09-03T14:25:39.037588+00:00,2026-09-03T14:25:39.379736+00:00,"{""door_main"": 0, ""door_sub"": 1, ""node"": ""occ_01"", ""pir_door"": 0, ""pir_seat"": -1}"
27243,3,closed,ok,2026-09-03T14:25:40.284343+00:00,2026-09-03T14:25:40.454687+00:00,"{""door_main"": 0, ""door_sub"": 1, ""node"": ""occ_01"", ""pir_door"": 0, ""pir_seat"": -1}"
27244,3,closed,ok,2026-09-03T14:25:41.059575+00:00,2026-09-03T14:25:41.224705+00:00,"{""door_main"": 0, ""door_sub"": 1, ""node"": ""occ_01"", ""pir_door"": 0, ""pir_seat"": -1}"
27245,3,closed,ok,2026-09-03T14:25:42.071599+00:00,2026-09-03T14:25:42.254498+00:00,"{""door_main"": 0, ""door_sub"": 1, ""node"": ""occ_01"", ""pir_door"": 0, ""pir_seat"": -1}"
27246,3,closed,ok,2026-09-03T14:25:43.083623+00:00,2026-09-03T14:25:43.304408+00:00,"{""door_main"": 0, ""door_sub"": 1, ""node"": ""occ_01"", ""pir_door"": 0, ""pir_seat"": -1}"
27247,3,closed,ok,2026-09-03T14:25:44.101741+00:00,2026-09-03T14:25:44.354652+00:00,"{""door_main"": 0, ""door_sub"": 1, ""node"": ""occ_01"", ""pir_door"": 0, ""pir_seat"": -1}"
27248,3,closed,ok,2026-09-03T14:25:45.116425+00:00,2026-09-03T14:25:45.294655+00:00,"{""door_main"": 0, ""door_sub"": 1, ""node"": ""occ_01"", ""pir_door"": 1, ""pir_seat"": -1}"
27249,3,closed,ok,2026-09-03T14:25:46.119751+00:00,2026-09-03T14:25:46.464555+00:00,"{""door_main"": 0, ""door_sub"": 1, ""node"": ""occ_01"", ""pir_door"": 0, ""pir_seat"": -1}"
27250,3,closed,ok,2026-09-03T14:25:47.133185+00:00,2026-09-03T14:25:47.495348+00:00,"{""door_main"": 0, ""door_sub"": 1, ""node"": ""occ_01"", ""pir_door"": 0, ""pir_seat"": -1}"
27251,3,closed,ok,2026-09-03T14:25:48.146834+00:00,2026-09-03T14:25:48.340883+00:00,"{""door_main"": 0, ""door_sub"": 1, ""node"": ""occ_01"", ""pir_door"": 1, ""pir_seat"": -1}"
27252,3,closed,ok,2026-09-03T14:25:49.155579+00:00,2026-09-03T14:25:49.444647+00:00,"{""door_main"": 0, ""door_sub"": 1, ""node"": ""occ_01"", ""pir_door"": 0, ""pir_seat"": -1}"
27253,3,closed,ok,2026-09-03T14:25:50.167623+00:00,2026-09-03T14:25:50.334699+00:00,"{""door_main"": 0, ""door_sub"": 1, ""node"": ""occ_01"", ""pir_door"": 0, ""pir_seat"": -1}"
27254,3,closed,ok,2026-09-03T14:25:51.181961+00:00,2026-09-03T14:25:51.349570+00:00,"{""door_main"": 0, ""door_sub"": 1, ""node"": ""occ_01"", ""pir_door"": 0, ""pir_seat"": -1}"
27255,3,closed,ok,2026-09-03T14:25:52.193111+00:00,2026-09-03T14:25:52.380666+00:00,"{""door_main"": 0, ""door_sub"": 1, ""node"": ""occ_01"", ""pir_door"": 0, ""pir_seat"": -1}"
27256,3,closed,ok,2026-09-03T14:25:53.204996+00:00,2026-09-03T14:25:53.439616+00:00,"{""door_main"": 0, ""door_sub"": 1, ""node"": ""occ_01"", ""pir_door"": 0, ""pir_seat"": -1}"
27257,3,closed,ok,2026-09-03T14:25:54.218669+00:00,2026-09-03T14:25:54.524711+00:00,"{""door_main"": 0, ""door_sub"": 1, ""node"": ""occ_01"", ""pir_door"": 0, ""pir_seat"": -1}"
27258,3,closed,ok,2026-09-03T14:25:55.227534+00:00,2026-09-03T14:25:55.394656+00:00,"{""door_main"": 0, ""door_sub"": 1, ""node"": ""occ_01"", ""pir_door"": 1, ""pir_seat"": -1}"
27259,3,closed,ok,2026-09-03T14:25:56.239667+00:00,2026-09-03T14:25:56.404726+00:00,"{""door_main"": 0, ""door_sub"": 1, ""node"": ""occ_01"", ""pir_door"": 0, ""pir_seat"": -1}"
27260,3,closed,ok,2026-09-03T14:25:57.251643+00:00,2026-09-03T14:25:57.409714+00:00,"{""door_main"": 0, ""door_sub"": 1, ""node"": ""occ_01"", ""pir_door"": 0, ""pir_seat"": -1}"
27261,3,closed,ok,2026-09-03T14:25:58.263587+00:00,2026-09-03T14:25:58.429650+00:00,"{""door_main"": 0, ""door_sub"": 1, ""node"": ""occ_01"", ""pir_door"": 1, ""pir_seat"": -1}"
27262,3,closed,ok,2026-09-03T14:25:59.277166+00:00,2026-09-03T14:25:59.564628+00:00,"{""door_main"": 0, ""door_sub"": 1, ""node"": ""occ_01"", ""pir_door"": 0, ""pir_seat"": -1}"
27263,3,closed,ok,2026-09-03T14:26:00.289381+00:00,2026-09-03T14:26:00.454579+00:00,"{""door_main"": 0, ""door_sub"": 1, ""node"": ""occ_01"", ""pir_door"": 0, ""pir_seat"": -1}"
27264,3,closed,ok,2026-09-03T14:26:01.301706+00:00,2026-09-03T14:26:01.497592+00:00,"{""door_main"": 0, ""door_sub"": 1, ""node"": ""occ_01"", ""pir_door"": 0, ""pir_seat"": -1}"
27265,3,closed,ok,2026-09-03T14:26:02.314127+00:00,2026-09-03T14:26:02.499756+00:00,"{""door_main"": 0, ""door_sub"": 1, ""node"": ""occ_01"", ""pir_door"": 0, ""pir_seat"": -1}"
27266,3,closed,ok,2026-09-03T14:26:03.325550+00:00,2026-09-03T14:26:03.660794+00:00,"{""door_main"": 0, ""door_sub"": 1, ""node"": ""occ_01"", ""pir_door"": 0, ""pir_seat"": -1}"
27267,3,closed,ok,2026-09-03T14:26:04.338721+00:00,2026-09-03T14:26:04.635704+00:00,"{""door_main"": 0, ""door_sub"": 1, ""node"": ""occ_01"", ""pir_door"": 0, ""pir_seat"": -1}"
27268,3,closed,ok,2026-09-03T14:26:05.347610+00:00,2026-09-03T14:26:05.524604+00:00,"{""door_main"": 0, ""door_sub"": 1, ""node"": ""occ_01"", ""pir_door"": 1, ""pir_seat"": -1}"
27269,3,closed,ok,2026-09-03T14:26:06.359680+00:00,2026-09-03T14:26:06.694709+00:00,"{""door_main"": 0, ""door_sub"": 1, ""node"": ""occ_01"", ""pir_door"": 0, ""pir_seat"": -1}"
27270,3,closed,ok,2026-09-03T14:26:07.371575+00:00,2026-09-03T14:26:07.719866+00:00,"{""door_main"": 0, ""door_sub"": 1, ""node"": ""occ_01"", ""pir_door"": 0, ""pir_seat"": -1}"
27271,3,closed,ok,2026-09-03T14:26:08.383706+00:00,2026-09-03T14:26:08.744577+00:00,"{""door_main"": 0, ""door_sub"": 1, ""node"": ""occ_01"", ""pir_door"": 1, ""pir_seat"": -1}"
27272,3,closed,ok,2026-09-03T14:26:09.397173+00:00,2026-09-03T14:26:09.609567+00:00,"{""door_main"": 0, ""door_sub"": 1, ""node"": ""occ_01"", ""pir_door"": 0, ""pir_seat"": -1}"
27273,3,closed,ok,2026-09-03T14:26:10.409129+00:00,2026-09-03T14:26:10.594745+00:00,"{""door_main"": 0, ""door_sub"": 1, ""node"": ""occ_01"", ""pir_door"": 0, ""pir_seat"": -1}"
27274,3,closed,ok,2026-09-03T14:26:11.422432+00:00,2026-09-03T14:26:11.760085+00:00,"{""door_main"": 0, ""door_sub"": 1, ""node"": ""occ_01"", ""pir_door"": 0, ""pir_seat"": -1}"
27275,3,closed,ok,2026-09-03T14:26:12.432180+00:00,2026-09-03T14:26:12.635787+00:00,"{""door_main"": 0, ""door_sub"": 1, ""node"": ""occ_01"", ""pir_door"": 0, ""pir_seat"": -1}"
27276,3,closed,ok,2026-09-03T14:26:13.443689+00:00,2026-09-03T14:26:13.624577+00:00,"{""door_main"": 0, ""door_sub"": 1, ""node"": ""occ_01"", ""pir_door"": 0, ""pir_seat"": -1}"
27277,3,closed,ok,2026-09-03T14:26:14.457254+00:00,2026-09-03T14:26:14.799914+00:00,"{""door_main"": 0, ""door_sub"": 1, ""node"": ""occ_01"", ""pir_door"": 0, ""pir_seat"": -1}"
27278,3,closed,ok,2026-09-03T14:26:15.564314+00:00,2026-09-03T14:26:15.769637+00:00,"{""door_main"": 0, ""door_sub"": 1, ""node"": ""occ_01"", ""pir_door"": 1, ""pir_seat"": -1}"
27279,3,closed,ok,2026-09-03T14:26:16.481320+00:00,2026-09-03T14:26:16.644455+00:00,"{""door_main"": 0, ""door_sub"": 1, ""node"": ""occ_01"", ""pir_door"": 0, ""pir_seat"": -1}"
27280,3,closed,ok,2026-09-03T14:26:17.494008+00:00,2026-09-03T14:26:17.674737+00:00,"{""door_main"": 0, ""door_sub"": 1, ""node"": ""occ_01"", ""pir_door"": 0, ""pir_seat"": -1}"
27281,3,closed,ok,2026-09-03T14:26:18.503954+00:00,2026-09-03T14:26:18.819713+00:00,"{""door_main"": 0, ""door_sub"": 1, ""node"": ""occ_01"", ""pir_door"": 0, ""pir_seat"": -1}"
27282,3,closed,ok,2026-09-03T14:26:19.515673+00:00,2026-09-03T14:26:19.864748+00:00,"{""door_main"": 0, ""door_sub"": 1, ""node"": ""occ_01"", ""pir_door"": 0, ""pir_seat"": -1}"
27283,3,closed,ok,2026-09-03T14:26:20.529029+00:00,2026-09-03T14:26:20.699591+00:00,"{""door_main"": 0, ""door_sub"": 1, ""node"": ""occ_01"", ""pir_door"": 0, ""pir_seat"": -1}"
27284,3,closed,ok,2026-09-03T14:26:21.541336+00:00,2026-09-03T14:26:21.739661+00:00,"{""door_main"": 0, ""door_sub"": 1, ""node"": ""occ_01"", ""pir_door"": 0, ""pir_seat"": -1}"
27285,3,closed,ok,2026-09-03T14:26:22.551684+00:00,2026-09-03T14:26:22.704622+00:00,"{""door_main"": 0, ""door_sub"": 1, ""node"": ""occ_01"", ""pir_door"": 1, ""pir_seat"": -1}"
27286,3,closed,ok,2026-09-03T14:26:23.563738+00:00,2026-09-03T14:26:23.884528+00:00,"{""door_main"": 0, ""door_sub"": 1, ""node"": ""occ_01"", ""pir_door"": 0, ""pir_seat"": -1}"
27287,3,closed,ok,2026-09-03T14:26:24.579657+00:00,2026-09-03T14:26:24.849726+00:00,"{""door_main"": 0, ""door_sub"": 1, ""node"": ""occ_01"", ""pir_door"": 0, ""pir_seat"": -1}"
27288,3,closed,ok,2026-09-03T14:26:25.591667+00:00,2026-09-03T14:26:25.765035+00:00,"{""door_main"": 0, ""door_sub"": 1, ""node"": ""occ_01"", ""pir_door"": 1, ""pir_seat"": -1}"
27289,3,closed,ok,2026-09-03T14:26:26.603600+00:00,2026-09-03T14:26:26.804571+00:00,"{""door_main"": 0, ""door_sub"": 1, ""node"": ""occ_01"", ""pir_door"": 0, ""pir_seat"": -1}"
27290,3,closed,ok,2026-09-03T14:26:27.614788+00:00,2026-09-03T14:26:27.799765+00:00,"{""door_main"": 0, ""door_sub"": 1, ""node"": ""occ_01"", ""pir_door"": 0, ""pir_seat"": -1}"
27291,3,closed,ok,2026-09-03T14:26:28.626800+00:00,2026-09-03T14:26:28.974623+00:00,"{""door_main"": 0, ""door_sub"": 1, ""node"": ""occ_01"", ""pir_door"": 0, ""pir_seat"": -1}"
27292,3,closed,ok,2026-09-03T14:26:29.639583+00:00,2026-09-03T14:26:29.904796+00:00,"{""door_main"": 0, ""door_sub"": 1, ""node"": ""occ_01"", ""pir_door"": 0, ""pir_seat"": -1}"
27293,3,closed,ok,2026-09-03T14:26:30.652749+00:00,2026-09-03T14:26:30.824518+00:00,"{""door_main"": 0, ""door_sub"": 1, ""node"": ""occ_01"", ""pir_door"": 0, ""pir_seat"": -1}"
27294,3,closed,ok,2026-09-03T14:26:31.662754+00:00,2026-09-03T14:26:31.855329+00:00,"{""door_main"": 0, ""door_sub"": 1, ""node"": ""occ_01"", ""pir_door"": 0, ""pir_seat"": -1}"
27295,3,closed,ok,2026-09-03T14:26:32.674778+00:00,2026-09-03T14:26:32.856640+00:00,"{""door_main"": 0, ""door_sub"": 1, ""node"": ""occ_01"", ""pir_door"": 0, ""pir_seat"": -1}"
27296,3,closed,ok,2026-09-03T14:26:33.687309+00:00,2026-09-03T14:26:34.024607+00:00,"{""door_main"": 0, ""door_sub"": 1, ""node"": ""occ_01"", ""pir_door"": 0, ""pir_seat"": -1}"
27297,3,closed,ok,2026-09-03T14:26:34.699571+00:00,2026-09-03T14:26:34.904482+00:00,"{""door_main"": 0, ""door_sub"": 1, ""node"": ""occ_01"", ""pir_door"": 0, ""pir_seat"": -1}"
27298,3,closed,ok,2026-09-03T14:26:35.711664+00:00,2026-09-03T14:26:35.884427+00:00,"{""door_main"": 0, ""door_sub"": 1, ""node"": ""occ_01"", ""pir_door"": 0, ""pir_seat"": -1}"
27299,3,closed,ok,2026-09-03T14:26:36.723337+00:00,2026-09-03T14:26:36.904654+00:00,"{""door_main"": 0, ""door_sub"": 1, ""node"": ""occ_01"", ""pir_door"": 0, ""pir_seat"": -1}"
27300,3,closed,ok,2026-09-03T14:26:37.734853+00:00,2026-09-03T14:26:38.085096+00:00,"{""door_main"": 0, ""door_sub"": 1, ""node"": ""occ_01"", ""pir_door"": 0, ""pir_seat"": -1}"
27301,3,closed,ok,2026-09-03T14:26:38.748281+00:00,2026-09-03T14:26:39.069637+00:00,"{""door_main"": 0, ""door_sub"": 1, ""node"": ""occ_01"", ""pir_door"": 0, ""pir_seat"": -1}"
27302,3,closed,ok,2026-09-03T14:26:39.759660+00:00,2026-09-03T14:26:40.079889+00:00,"{""door_main"": 0, ""door_sub"": 1, ""node"": ""occ_01"", ""pir_door"": 0, ""pir_seat"": -1}"
27303,3,closed,ok,2026-09-03T14:26:40.770732+00:00,2026-09-03T14:26:40.949795+00:00,"{""door_main"": 0, ""door_sub"": 1, ""node"": ""occ_01"", ""pir_door"": 0, ""pir_seat"": -1}"
27304,3,closed,ok,2026-09-03T14:26:41.782729+00:00,2026-09-03T14:26:41.954535+00:00,"{""door_main"": 0, ""door_sub"": 1, ""node"": ""occ_01"", ""pir_door"": 0, ""pir_seat"": -1}"
27305,3,closed,ok,2026-09-03T14:26:42.792053+00:00,2026-09-03T14:26:42.964630+00:00,"{""door_main"": 0, ""door_sub"": 1, ""node"": ""occ_01"", ""pir_door"": 0, ""pir_seat"": -1}"
27306,3,closed,ok,2026-09-03T14:26:43.807567+00:00,2026-09-03T14:26:44.144609+00:00,"{""door_main"": 0, ""door_sub"": 1, ""node"": ""occ_01"", ""pir_door"": 0, ""pir_seat"": -1}"
27307,3,closed,ok,2026-09-03T14:26:44.819579+00:00,2026-09-03T14:26:45.019543+00:00,"{""door_main"": 0, ""door_sub"": 1, ""node"": ""occ_01"", ""pir_door"": 0, ""pir_seat"": -1}"
27308,3,closed,ok,2026-09-03T14:26:45.830878+00:00,2026-09-03T14:26:46.059785+00:00,"{""door_main"": 0, ""door_sub"": 1, ""node"": ""occ_01"", ""pir_door"": 0, ""pir_seat"": -1}"
27309,3,closed,ok,2026-09-03T14:26:46.842814+00:00,2026-09-03T14:26:47.109418+00:00,"{""door_main"": 0, ""door_sub"": 1, ""node"": ""occ_01"", ""pir_door"": 1, ""pir_seat"": -1}"
27310,3,closed,ok,2026-09-03T14:26:47.854776+00:00,2026-09-03T14:26:48.034630+00:00,"{""door_main"": 0, ""door_sub"": 1, ""node"": ""occ_01"", ""pir_door"": 0, ""pir_seat"": -1}"
27311,3,closed,ok,2026-09-03T14:26:48.863804+00:00,2026-09-03T14:26:49.199768+00:00,"{""door_main"": 0, ""door_sub"": 1, ""node"": ""occ_01"", ""pir_door"": 0, ""pir_seat"": -1}"
27312,3,closed,ok,2026-09-03T14:26:49.885313+00:00,2026-09-03T14:26:50.064870+00:00,"{""door_main"": 0, ""door_sub"": 1, ""node"": ""occ_01"", ""pir_door"": 0, ""pir_seat"": -1}"
27313,3,closed,ok,2026-09-03T14:26:50.890999+00:00,2026-09-03T14:26:51.074511+00:00,"{""door_main"": 0, ""door_sub"": 1, ""node"": ""occ_01"", ""pir_door"": 0, ""pir_seat"": -1}"
27314,3,closed,ok,2026-09-03T14:26:51.899772+00:00,2026-09-03T14:26:52.089637+00:00,"{""door_main"": 0, ""door_sub"": 1, ""node"": ""occ_01"", ""pir_door"": 0, ""pir_seat"": -1}"
27315,3,closed,ok,2026-09-03T14:26:52.914895+00:00,2026-09-03T14:26:53.239770+00:00,"{""door_main"": 0, ""door_sub"": 1, ""node"": ""occ_01"", ""pir_door"": 0, ""pir_seat"": -1}"
27316,3,closed,ok,2026-09-03T14:26:53.927584+00:00,2026-09-03T14:26:54.184640+00:00,"{""door_main"": 0, ""door_sub"": 1, ""node"": ""occ_01"", ""pir_door"": 0, ""pir_seat"": -1}"
27317,3,closed,ok,2026-09-03T14:26:54.941903+00:00,2026-09-03T14:26:55.149575+00:00,"{""door_main"": 0, ""door_sub"": 1, ""node"": ""occ_01"", ""pir_door"": 0, ""pir_seat"": -1}"
27318,3,open,ok,2026-09-03T14:26:55.950850+00:00,2026-09-03T14:26:56.119913+00:00,"{""door_main"": 1, ""door_sub"": 1, ""node"": ""occ_01"", ""pir_door"": 0, ""pir_seat"": -1}"
27319,3,open,ok,2026-09-03T14:26:56.962859+00:00,2026-09-03T14:26:57.304433+00:00,"{""door_main"": 1, ""door_sub"": 1, ""node"": ""occ_01"", ""pir_door"": 0, ""pir_seat"": -1}"
27320,3,open,ok,2026-09-03T14:26:57.975566+00:00,2026-09-03T14:26:58.264576+00:00,"{""door_main"": 1, ""door_sub"": 1, ""node"": ""occ_01"", ""pir_door"": 0, ""pir_seat"": -1}"
27321,3,open,ok,2026-09-03T14:26:58.986892+00:00,2026-09-03T14:26:59.339864+00:00,"{""door_main"": 1, ""door_sub"": 1, ""node"": ""occ_01"", ""pir_door"": 1, ""pir_seat"": -1}"
27322,3,open,ok,2026-09-03T14:26:59.998897+00:00,2026-09-03T14:27:00.184725+00:00,"{""door_main"": 1, ""door_sub"": 1, ""node"": ""occ_01"", ""pir_door"": 0, ""pir_seat"": -1}"
27323,3,open,ok,2026-09-03T14:27:01.010776+00:00,2026-09-03T14:27:01.209964+00:00,"{""door_main"": 1, ""door_sub"": 1, ""node"": ""occ_01"", ""pir_door"": 0, ""pir_seat"": -1}"
27324,3,open,ok,2026-09-03T14:27:02.021997+00:00,2026-09-03T14:27:02.379569+00:00,"{""door_main"": 1, ""door_sub"": 1, ""node"": ""occ_01"", ""pir_door"": 0, ""pir_seat"": -1}"
27325,3,open,ok,2026-09-03T14:27:03.034837+00:00,2026-09-03T14:27:03.226936+00:00,"{""door_main"": 1, ""door_sub"": 1, ""node"": ""occ_01"", ""pir_door"": 0, ""pir_seat"": -1}"
27326,3,open,ok,2026-09-03T14:27:04.046331+00:00,2026-09-03T14:27:04.384578+00:00,"{""door_main"": 1, ""door_sub"": 1, ""node"": ""occ_01"", ""pir_door"": 0, ""pir_seat"": -1}"
27327,3,open,ok,2026-09-03T14:27:05.058899+00:00,2026-09-03T14:27:05.244508+00:00,"{""door_main"": 1, ""door_sub"": 1, ""node"": ""occ_01"", ""pir_door"": 0, ""pir_seat"": -1}"
27328,3,open,ok,2026-09-03T14:27:06.071808+00:00,2026-09-03T14:27:06.264483+00:00,"{""door_main"": 1, ""door_sub"": 1, ""node"": ""occ_01"", ""pir_door"": 0, ""pir_seat"": -1}"
27329,3,open,ok,2026-09-03T14:27:07.081620+00:00,2026-09-03T14:27:07.384734+00:00,"{""door_main"": 1, ""door_sub"": 1, ""node"": ""occ_01"", ""pir_door"": 0, ""pir_seat"": -1}"
27330,3,open,ok,2026-09-03T14:27:08.094942+00:00,2026-09-03T14:27:08.279730+00:00,"{""door_main"": 1, ""door_sub"": 1, ""node"": ""occ_01"", ""pir_door"": 0, ""pir_seat"": -1}"
27331,3,open,ok,2026-09-03T14:27:09.106939+00:00,2026-09-03T14:27:09.424599+00:00,"{""door_main"": 1, ""door_sub"": 1, ""node"": ""occ_01"", ""pir_door"": 0, ""pir_seat"": -1}"
27332,3,open,ok,2026-09-03T14:27:10.118860+00:00,2026-09-03T14:27:10.489654+00:00,"{""door_main"": 1, ""door_sub"": 1, ""node"": ""occ_01"", ""pir_door"": 0, ""pir_seat"": -1}"
27333,3,open,ok,2026-09-03T14:27:11.131403+00:00,2026-09-03T14:27:11.299556+00:00,"{""door_main"": 1, ""door_sub"": 1, ""node"": ""occ_01"", ""pir_door"": 0, ""pir_seat"": -1}"
27334,3,open,ok,2026-09-03T14:27:12.146415+00:00,2026-09-03T14:27:12.419840+00:00,"{""door_main"": 1, ""door_sub"": 1, ""node"": ""occ_01"", ""pir_door"": 0, ""pir_seat"": -1}"
27335,3,open,ok,2026-09-03T14:27:13.156774+00:00,2026-09-03T14:27:13.334594+00:00,"{""door_main"": 1, ""door_sub"": 1, ""node"": ""occ_01"", ""pir_door"": 0, ""pir_seat"": -1}"
27336,3,open,ok,2026-09-03T14:27:14.166552+00:00,2026-09-03T14:27:14.449797+00:00,"{""door_main"": 1, ""door_sub"": 1, ""node"": ""occ_01"", ""pir_door"": 0, ""pir_seat"": -1}"
27337,3,open,ok,2026-09-03T14:27:15.175894+00:00,2026-09-03T14:27:15.339646+00:00,"{""door_main"": 1, ""door_sub"": 1, ""node"": ""occ_01"", ""pir_door"": 0, ""pir_seat"": -1}"
27338,3,open,ok,2026-09-03T14:27:16.187494+00:00,2026-09-03T14:27:16.424652+00:00,"{""door_main"": 1, ""door_sub"": 1, ""node"": ""occ_01"", ""pir_door"": 0, ""pir_seat"": -1}"
27339,3,open,ok,2026-09-03T14:27:17.201406+00:00,2026-09-03T14:27:17.474643+00:00,"{""door_main"": 1, ""door_sub"": 1, ""node"": ""occ_01"", ""pir_door"": 0, ""pir_seat"": -1}"
27340,3,open,ok,2026-09-03T14:27:18.211866+00:00,2026-09-03T14:27:18.394482+00:00,"{""door_main"": 1, ""door_sub"": 1, ""node"": ""occ_01"", ""pir_door"": 0, ""pir_seat"": -1}"
27341,3,open,ok,2026-09-03T14:27:19.225378+00:00,2026-09-03T14:27:19.534437+00:00,"{""door_main"": 1, ""door_sub"": 1, ""node"": ""occ_01"", ""pir_door"": 0, ""pir_seat"": -1}"
27342,3,open,ok,2026-09-03T14:27:20.235844+00:00,2026-09-03T14:27:20.424622+00:00,"{""door_main"": 1, ""door_sub"": 1, ""node"": ""occ_01"", ""pir_door"": 0, ""pir_seat"": -1}"
27343,3,open,ok,2026-09-03T14:27:21.250029+00:00,2026-09-03T14:27:21.454443+00:00,"{""door_main"": 1, ""door_sub"": 1, ""node"": ""occ_01"", ""pir_door"": 0, ""pir_seat"": -1}"
27344,3,open,ok,2026-09-03T14:27:22.268594+00:00,2026-09-03T14:27:22.580085+00:00,"{""door_main"": 1, ""door_sub"": 1, ""node"": ""occ_01"", ""pir_door"": 1, ""pir_seat"": -1}"
27345,3,open,ok,2026-09-03T14:27:23.273136+00:00,2026-09-03T14:27:23.599542+00:00,"{""door_main"": 1, ""door_sub"": 1, ""node"": ""occ_01"", ""pir_door"": 0, ""pir_seat"": -1}"
27346,3,open,ok,2026-09-03T14:27:24.284946+00:00,2026-09-03T14:27:24.629559+00:00,"{""door_main"": 1, ""door_sub"": 1, ""node"": ""occ_01"", ""pir_door"": 0, ""pir_seat"": -1}"
27347,3,open,ok,2026-09-03T14:27:25.296856+00:00,2026-09-03T14:27:25.464432+00:00,"{""door_main"": 1, ""door_sub"": 1, ""node"": ""occ_01"", ""pir_door"": 0, ""pir_seat"": -1}"
27348,3,open,ok,2026-09-03T14:27:26.308866+00:00,2026-09-03T14:27:26.470771+00:00,"{""door_main"": 1, ""door_sub"": 1, ""node"": ""occ_01"", ""pir_door"": 1, ""pir_seat"": -1}"
27349,3,open,ok,2026-09-03T14:27:27.321138+00:00,2026-09-03T14:27:27.669748+00:00,"{""door_main"": 1, ""door_sub"": 1, ""node"": ""occ_01"", ""pir_door"": 0, ""pir_seat"": -1}"
27350,3,open,ok,2026-09-03T14:27:28.334079+00:00,2026-09-03T14:27:28.644614+00:00,"{""door_main"": 1, ""door_sub"": 1, ""node"": ""occ_01"", ""pir_door"": 0, ""pir_seat"": -1}"
27351,3,open,ok,2026-09-03T14:27:29.347762+00:00,2026-09-03T14:27:29.709741+00:00,"{""door_main"": 1, ""door_sub"": 1, ""node"": ""occ_01"", ""pir_door"": 0, ""pir_seat"": -1}"
27352,3,open,ok,2026-09-03T14:27:30.360154+00:00,2026-09-03T14:27:30.539660+00:00,"{""door_main"": 1, ""door_sub"": 1, ""node"": ""occ_01"", ""pir_door"": 0, ""pir_seat"": -1}"
27353,3,open,ok,2026-09-03T14:27:31.370544+00:00,2026-09-03T14:27:31.539990+00:00,"{""door_main"": 1, ""door_sub"": 1, ""node"": ""occ_01"", ""pir_door"": 0, ""pir_seat"": -1}"
27354,3,open,ok,2026-09-03T14:27:32.380947+00:00,2026-09-03T14:27:32.714612+00:00,"{""door_main"": 1, ""door_sub"": 1, ""node"": ""occ_01"", ""pir_door"": 0, ""pir_seat"": -1}"
27355,3,open,ok,2026-09-03T14:27:33.396249+00:00,2026-09-03T14:27:33.717232+00:00,"{""door_main"": 1, ""door_sub"": 1, ""node"": ""occ_01"", ""pir_door"": 0, ""pir_seat"": -1}"
27356,3,open,ok,2026-09-03T14:27:34.408028+00:00,2026-09-03T14:27:34.719860+00:00,"{""door_main"": 1, ""door_sub"": 1, ""node"": ""occ_01"", ""pir_door"": 0, ""pir_seat"": -1}"
27357,3,open,ok,2026-09-03T14:27:35.420811+00:00,2026-09-03T14:27:35.610211+00:00,"{""door_main"": 1, ""door_sub"": 1, ""node"": ""occ_01"", ""pir_door"": 0, ""pir_seat"": -1}"
27358,3,open,ok,2026-09-03T14:27:36.430340+00:00,2026-09-03T14:27:36.614617+00:00,"{""door_main"": 1, ""door_sub"": 1, ""node"": ""occ_01"", ""pir_door"": 1, ""pir_seat"": -1}"
27359,3,open,ok,2026-09-03T14:27:37.440928+00:00,2026-09-03T14:27:37.784648+00:00,"{""door_main"": 1, ""door_sub"": 1, ""node"": ""occ_01"", ""pir_door"": 0, ""pir_seat"": -1}"
27360,3,open,ok,2026-09-03T14:27:38.456759+00:00,2026-09-03T14:27:38.784758+00:00,"{""door_main"": 1, ""door_sub"": 1, ""node"": ""occ_01"", ""pir_door"": 0, ""pir_seat"": -1}"
27361,3,open,ok,2026-09-03T14:27:39.468630+00:00,2026-09-03T14:27:39.784503+00:00,"{""door_main"": 1, ""door_sub"": 1, ""node"": ""occ_01"", ""pir_door"": 0, ""pir_seat"": -1}"
27362,3,open,ok,2026-09-03T14:27:40.481148+00:00,2026-09-03T14:27:40.794665+00:00,"{""door_main"": 1, ""door_sub"": 1, ""node"": ""occ_01"", ""pir_door"": 0, ""pir_seat"": -1}"
27363,3,open,ok,2026-09-03T14:27:41.589331+00:00,2026-09-03T14:27:41.954905+00:00,"{""door_main"": 1, ""door_sub"": 1, ""node"": ""occ_01"", ""pir_door"": 0, ""pir_seat"": -1}"
27364,3,open,ok,2026-09-03T14:27:42.502326+00:00,2026-09-03T14:27:42.859829+00:00,"{""door_main"": 1, ""door_sub"": 1, ""node"": ""occ_01"", ""pir_door"": 1, ""pir_seat"": -1}"
27365,3,open,ok,2026-09-03T14:27:43.514999+00:00,2026-09-03T14:27:43.780028+00:00,"{""door_main"": 1, ""door_sub"": 1, ""node"": ""occ_01"", ""pir_door"": 0, ""pir_seat"": -1}"
27366,3,open,ok,2026-09-03T14:27:44.526387+00:00,2026-09-03T14:27:44.789352+00:00,"{""door_main"": 1, ""door_sub"": 1, ""node"": ""occ_01"", ""pir_door"": 0, ""pir_seat"": -1}"
27367,3,open,ok,2026-09-03T14:27:45.537038+00:00,2026-09-03T14:27:45.744559+00:00,"{""door_main"": 1, ""door_sub"": 1, ""node"": ""occ_01"", ""pir_door"": 0, ""pir_seat"": -1}"
27368,3,open,ok,2026-09-03T14:27:46.549138+00:00,2026-09-03T14:27:46.899648+00:00,"{""door_main"": 1, ""door_sub"": 1, ""node"": ""occ_01"", ""pir_door"": 1, ""pir_seat"": -1}"
27369,3,open,ok,2026-09-03T14:27:47.563768+00:00,2026-09-03T14:27:47.929619+00:00,"{""door_main"": 1, ""door_sub"": 1, ""node"": ""occ_01"", ""pir_door"": 0, ""pir_seat"": -1}"
27370,3,open,ok,2026-09-03T14:27:48.573014+00:00,2026-09-03T14:27:48.894724+00:00,"{""door_main"": 1, ""door_sub"": 1, ""node"": ""occ_01"", ""pir_door"": 0, ""pir_seat"": -1}"
27371,3,open,ok,2026-09-03T14:27:49.584974+00:00,2026-09-03T14:27:49.924602+00:00,"{""door_main"": 1, ""door_sub"": 1, ""node"": ""occ_01"", ""pir_door"": 0, ""pir_seat"": -1}"
27372,3,open,ok,2026-09-03T14:27:50.597271+00:00,2026-09-03T14:27:50.774798+00:00,"{""door_main"": 1, ""door_sub"": 1, ""node"": ""occ_01"", ""pir_door"": 1, ""pir_seat"": -1}"
27373,3,open,ok,2026-09-03T14:27:51.610294+00:00,2026-09-03T14:27:51.789859+00:00,"{""door_main"": 1, ""door_sub"": 1, ""node"": ""occ_01"", ""pir_door"": 0, ""pir_seat"": -1}"
27374,3,open,ok,2026-09-03T14:27:52.621046+00:00,2026-09-03T14:27:52.984561+00:00,"{""door_main"": 1, ""door_sub"": 1, ""node"": ""occ_01"", ""pir_door"": 0, ""pir_seat"": -1}"
27375,3,open,ok,2026-09-03T14:27:53.632988+00:00,2026-09-03T14:27:53.941518+00:00,"{""door_main"": 1, ""door_sub"": 1, ""node"": ""occ_01"", ""pir_door"": 0, ""pir_seat"": -1}"
27376,3,open,ok,2026-09-03T14:27:54.649194+00:00,2026-09-03T14:27:54.959718+00:00,"{""door_main"": 1, ""door_sub"": 1, ""node"": ""occ_01"", ""pir_door"": 0, ""pir_seat"": -1}"
27377,3,open,ok,2026-09-03T14:27:55.659845+00:00,2026-09-03T14:27:55.859736+00:00,"{""door_main"": 1, ""door_sub"": 1, ""node"": ""occ_01"", ""pir_door"": 0, ""pir_seat"": -1}"
27378,3,open,ok,2026-09-03T14:27:56.673452+00:00,2026-09-03T14:27:56.854643+00:00,"{""door_main"": 1, ""door_sub"": 1, ""node"": ""occ_01"", ""pir_door"": 0, ""pir_seat"": -1}"
27379,3,open,ok,2026-09-03T14:27:57.681028+00:00,2026-09-03T14:27:58.024773+00:00,"{""door_main"": 1, ""door_sub"": 1, ""node"": ""occ_01"", ""pir_door"": 1, ""pir_seat"": -1}"
27380,3,open,ok,2026-09-03T14:27:58.693219+00:00,2026-09-03T14:27:58.949684+00:00,"{""door_main"": 1, ""door_sub"": 1, ""node"": ""occ_01"", ""pir_door"": 0, ""pir_seat"": -1}"
27381,3,open,ok,2026-09-03T14:27:59.705140+00:00,2026-09-03T14:27:59.994636+00:00,"{""door_main"": 1, ""door_sub"": 1, ""node"": ""occ_01"", ""pir_door"": 0, ""pir_seat"": -1}"
27382,3,open,ok,2026-09-03T14:28:01.053800+00:00,2026-09-03T14:28:01.248303+00:00,"{""door_main"": 1, ""door_sub"": 1, ""node"": ""occ_01"", ""pir_door"": 1, ""pir_seat"": -1}"
27383,3,open,ok,2026-09-03T14:28:01.734230+00:00,2026-09-03T14:28:02.009433+00:00,"{""door_main"": 1, ""door_sub"": 1, ""node"": ""occ_01"", ""pir_door"": 0, ""pir_seat"": -1}"
27384,3,open,ok,2026-09-03T14:28:02.741022+00:00,2026-09-03T14:28:02.970082+00:00,"{""door_main"": 1, ""door_sub"": 1, ""node"": ""occ_01"", ""pir_door"": 0, ""pir_seat"": -1}"
27385,3,open,ok,2026-09-03T14:28:03.754583+00:00,2026-09-03T14:28:04.104612+00:00,"{""door_main"": 1, ""door_sub"": 1, ""node"": ""occ_01"", ""pir_door"": 1, ""pir_seat"": -1}"
27386,3,open,ok,2026-09-03T14:28:04.764982+00:00,2026-09-03T14:28:05.069851+00:00,"{""door_main"": 1, ""door_sub"": 1, ""node"": ""occ_01"", ""pir_door"": 0, ""pir_seat"": -1}"
27387,3,open,ok,2026-09-03T14:28:06.023930+00:00,2026-09-03T14:28:06.194592+00:00,"{""door_main"": 1, ""door_sub"": 1, ""node"": ""occ_01"", ""pir_door"": 0, ""pir_seat"": -1}"
27388,3,open,ok,2026-09-03T14:28:06.789032+00:00,2026-09-03T14:28:06.949422+00:00,"{""door_main"": 1, ""door_sub"": 1, ""node"": ""occ_01"", ""pir_door"": 0, ""pir_seat"": -1}"
27389,3,open,ok,2026-09-03T14:28:07.801084+00:00,2026-09-03T14:28:08.129582+00:00,"{""door_main"": 1, ""door_sub"": 1, ""node"": ""occ_01"", ""pir_door"": 0, ""pir_seat"": -1}"
27390,3,open,ok,2026-09-03T14:28:08.813068+00:00,2026-09-03T14:28:09.174650+00:00,"{""door_main"": 1, ""door_sub"": 1, ""node"": ""occ_01"", ""pir_door"": 0, ""pir_seat"": -1}"
27391,3,open,ok,2026-09-03T14:28:09.825048+00:00,2026-09-03T14:28:10.179986+00:00,"{""door_main"": 1, ""door_sub"": 1, ""node"": ""occ_01"", ""pir_door"": 0, ""pir_seat"": -1}"
27392,3,open,ok,2026-09-03T14:28:11.074040+00:00,2026-09-03T14:28:11.244659+00:00,"{""door_main"": 1, ""door_sub"": 1, ""node"": ""occ_01"", ""pir_door"": 1, ""pir_seat"": -1}"
27393,3,open,ok,2026-09-03T14:28:11.851953+00:00,2026-09-03T14:28:12.029620+00:00,"{""door_main"": 1, ""door_sub"": 1, ""node"": ""occ_01"", ""pir_door"": 0, ""pir_seat"": -1}"
27394,3,open,ok,2026-09-03T14:28:12.861050+00:00,2026-09-03T14:28:13.160725+00:00,"{""door_main"": 1, ""door_sub"": 1, ""node"": ""occ_01"", ""pir_door"": 0, ""pir_seat"": -1}"
27395,3,open,ok,2026-09-03T14:28:13.875182+00:00,2026-09-03T14:28:14.194763+00:00,"{""door_main"": 1, ""door_sub"": 1, ""node"": ""occ_01"", ""pir_door"": 1, ""pir_seat"": -1}"
27396,3,open,ok,2026-09-03T14:28:14.885016+00:00,2026-09-03T14:28:15.144495+00:00,"{""door_main"": 1, ""door_sub"": 1, ""node"": ""occ_01"", ""pir_door"": 0, ""pir_seat"": -1}"
27397,3,open,ok,2026-09-03T14:28:16.143885+00:00,2026-09-03T14:28:16.314599+00:00,"{""door_main"": 1, ""door_sub"": 1, ""node"": ""occ_01"", ""pir_door"": 0, ""pir_seat"": -1}"
27398,3,open,ok,2026-09-03T14:28:16.909187+00:00,2026-09-03T14:28:17.099662+00:00,"{""door_main"": 1, ""door_sub"": 1, ""node"": ""occ_01"", ""pir_door"": 0, ""pir_seat"": -1}"
27399,3,open,ok,2026-09-03T14:28:17.923242+00:00,2026-09-03T14:28:18.244846+00:00,"{""door_main"": 1, ""door_sub"": 1, ""node"": ""occ_01"", ""pir_door"": 0, ""pir_seat"": -1}"
27400,3,open,ok,2026-09-03T14:28:18.933157+00:00,2026-09-03T14:28:19.204618+00:00,"{""door_main"": 1, ""door_sub"": 1, ""node"": ""occ_01"", ""pir_door"": 0, ""pir_seat"": -1}"
27401,3,open,ok,2026-09-03T14:28:19.946875+00:00,2026-09-03T14:28:20.129563+00:00,"{""door_main"": 1, ""door_sub"": 1, ""node"": ""occ_01"", ""pir_door"": 0, ""pir_seat"": -1}"
27402,3,open,ok,2026-09-03T14:28:21.163868+00:00,2026-09-03T14:28:21.334733+00:00,"{""door_main"": 1, ""door_sub"": 1, ""node"": ""occ_01"", ""pir_door"": 1, ""pir_seat"": -1}"
27403,3,open,ok,2026-09-03T14:28:21.969054+00:00,2026-09-03T14:28:22.169424+00:00,"{""door_main"": 1, ""door_sub"": 1, ""node"": ""occ_01"", ""pir_door"": 0, ""pir_seat"": -1}"
27404,3,open,ok,2026-09-03T14:28:22.981045+00:00,2026-09-03T14:28:23.154637+00:00,"{""door_main"": 1, ""door_sub"": 1, ""node"": ""occ_01"", ""pir_door"": 0, ""pir_seat"": -1}"
27405,3,open,ok,2026-09-03T14:28:23.993268+00:00,2026-09-03T14:28:24.209589+00:00,"{""door_main"": 1, ""door_sub"": 1, ""node"": ""occ_01"", ""pir_door"": 1, ""pir_seat"": -1}"
27406,3,open,ok,2026-09-03T14:28:25.005053+00:00,2026-09-03T14:28:25.194705+00:00,"{""door_main"": 1, ""door_sub"": 1, ""node"": ""occ_01"", ""pir_door"": 0, ""pir_seat"": -1}"
27407,3,open,ok,2026-09-03T14:28:26.203889+00:00,2026-09-03T14:28:26.384360+00:00,"{""door_main"": 1, ""door_sub"": 1, ""node"": ""occ_01"", ""pir_door"": 0, ""pir_seat"": -1}"
27408,3,open,ok,2026-09-03T14:28:27.032798+00:00,2026-09-03T14:28:27.209555+00:00,"{""door_main"": 1, ""door_sub"": 1, ""node"": ""occ_01"", ""pir_door"": 0, ""pir_seat"": -1}"
27409,3,open,ok,2026-09-03T14:28:28.044161+00:00,2026-09-03T14:28:28.214638+00:00,"{""door_main"": 1, ""door_sub"": 1, ""node"": ""occ_01"", ""pir_door"": 0, ""pir_seat"": -1}"
27410,3,open,ok,2026-09-03T14:28:29.054818+00:00,2026-09-03T14:28:29.414580+00:00,"{""door_main"": 1, ""door_sub"": 1, ""node"": ""occ_01"", ""pir_door"": 0, ""pir_seat"": -1}"
27411,3,open,ok,2026-09-03T14:28:30.065630+00:00,2026-09-03T14:28:30.269685+00:00,"{""door_main"": 1, ""door_sub"": 1, ""node"": ""occ_01"", ""pir_door"": 0, ""pir_seat"": -1}"
27412,3,open,ok,2026-09-03T14:28:31.243813+00:00,2026-09-03T14:28:31.434574+00:00,"{""door_main"": 1, ""door_sub"": 1, ""node"": ""occ_01"", ""pir_door"": 1, ""pir_seat"": -1}"
27413,3,open,ok,2026-09-03T14:28:32.089132+00:00,2026-09-03T14:28:32.279625+00:00,"{""door_main"": 1, ""door_sub"": 1, ""node"": ""occ_01"", ""pir_door"": 0, ""pir_seat"": -1}"
27414,3,open,ok,2026-09-03T14:28:33.101154+00:00,2026-09-03T14:28:33.279632+00:00,"{""door_main"": 1, ""door_sub"": 1, ""node"": ""occ_01"", ""pir_door"": 0, ""pir_seat"": -1}"
27415,3,open,ok,2026-09-03T14:28:34.113164+00:00,2026-09-03T14:28:34.449591+00:00,"{""door_main"": 1, ""door_sub"": 1, ""node"": ""occ_01"", ""pir_door"": 0, ""pir_seat"": -1}"
27416,3,open,ok,2026-09-03T14:28:35.131241+00:00,2026-09-03T14:28:35.319796+00:00,"{""door_main"": 1, ""door_sub"": 1, ""node"": ""occ_01"", ""pir_door"": 0, ""pir_seat"": -1}"
27417,3,open,ok,2026-09-03T14:28:36.228975+00:00,2026-09-03T14:28:36.403244+00:00,"{""door_main"": 1, ""door_sub"": 1, ""node"": ""occ_01"", ""pir_door"": 0, ""pir_seat"": -1}"
27418,3,open,ok,2026-09-03T14:28:37.152220+00:00,2026-09-03T14:28:37.340328+00:00,"{""door_main"": 1, ""door_sub"": 1, ""node"": ""occ_01"", ""pir_door"": 0, ""pir_seat"": -1}"
27419,3,open,ok,2026-09-03T14:28:38.161222+00:00,2026-09-03T14:28:38.340394+00:00,"{""door_main"": 1, ""door_sub"": 1, ""node"": ""occ_01"", ""pir_door"": 0, ""pir_seat"": -1}"
27420,3,open,ok,2026-09-03T14:28:39.177227+00:00,2026-09-03T14:28:39.499690+00:00,"{""door_main"": 1, ""door_sub"": 1, ""node"": ""occ_01"", ""pir_door"": 0, ""pir_seat"": -1}"
27421,3,open,ok,2026-09-03T14:28:40.185180+00:00,2026-09-03T14:28:40.534454+00:00,"{""door_main"": 1, ""door_sub"": 1, ""node"": ""occ_01"", ""pir_door"": 0, ""pir_seat"": -1}"
27422,3,open,ok,2026-09-03T14:28:41.553752+00:00,2026-09-03T14:28:41.940316+00:00,"{""door_main"": 1, ""door_sub"": 1, ""node"": ""occ_01"", ""pir_door"": 0, ""pir_seat"": -1}"
27423,3,open,ok,2026-09-03T14:28:42.209219+00:00,2026-09-03T14:28:42.384437+00:00,"{""door_main"": 1, ""door_sub"": 1, ""node"": ""occ_01"", ""pir_door"": 0, ""pir_seat"": -1}"
27424,3,open,ok,2026-09-03T14:28:43.223212+00:00,2026-09-03T14:28:43.440068+00:00,"{""door_main"": 1, ""door_sub"": 1, ""node"": ""occ_01"", ""pir_door"": 0, ""pir_seat"": -1}"
27425,3,open,ok,2026-09-03T14:28:44.238184+00:00,2026-09-03T14:28:44.554680+00:00,"{""door_main"": 1, ""door_sub"": 1, ""node"": ""occ_01"", ""pir_door"": 0, ""pir_seat"": -1}"
27426,3,open,ok,2026-09-03T14:28:45.245154+00:00,2026-09-03T14:28:45.600206+00:00,"{""door_main"": 1, ""door_sub"": 1, ""node"": ""occ_01"", ""pir_door"": 0, ""pir_seat"": -1}"
27427,3,open,ok,2026-09-03T14:28:46.623790+00:00,2026-09-03T14:28:46.924483+00:00,"{""door_main"": 1, ""door_sub"": 1, ""node"": ""occ_01"", ""pir_door"": 0, ""pir_seat"": -1}"
27428,3,open,ok,2026-09-03T14:28:47.269140+00:00,2026-09-03T14:28:47.564671+00:00,"{""door_main"": 1, ""door_sub"": 1, ""node"": ""occ_01"", ""pir_door"": 0, ""pir_seat"": -1}"
27429,3,closed,ok,2026-09-03T14:28:48.283329+00:00,2026-09-03T14:28:48.594630+00:00,"{""door_main"": 0, ""door_sub"": 1, ""node"": ""occ_01"", ""pir_door"": 0, ""pir_seat"": -1}"
27430,3,closed,ok,2026-09-03T14:28:49.295580+00:00,2026-09-03T14:28:49.579616+00:00,"{""door_main"": 0, ""door_sub"": 1, ""node"": ""occ_01"", ""pir_door"": 0, ""pir_seat"": -1}"
27431,3,closed,ok,2026-09-03T14:28:50.305267+00:00,2026-09-03T14:28:50.504623+00:00,"{""door_main"": 0, ""door_sub"": 1, ""node"": ""occ_01"", ""pir_door"": 0, ""pir_seat"": -1}"
27432,3,closed,ok,2026-09-03T14:28:51.343963+00:00,2026-09-03T14:28:51.514509+00:00,"{""door_main"": 0, ""door_sub"": 1, ""node"": ""occ_01"", ""pir_door"": 0, ""pir_seat"": -1}"
27433,3,closed,ok,2026-09-03T14:28:52.330933+00:00,2026-09-03T14:28:52.509549+00:00,"{""door_main"": 0, ""door_sub"": 1, ""node"": ""occ_01"", ""pir_door"": 0, ""pir_seat"": -1}"
27434,3,closed,ok,2026-09-03T14:28:53.343618+00:00,2026-09-03T14:28:53.699983+00:00,"{""door_main"": 0, ""door_sub"": 1, ""node"": ""occ_01"", ""pir_door"": 1, ""pir_seat"": -1}"
27435,3,closed,ok,2026-09-03T14:28:54.353277+00:00,2026-09-03T14:28:54.604650+00:00,"{""door_main"": 0, ""door_sub"": 1, ""node"": ""occ_01"", ""pir_door"": 0, ""pir_seat"": -1}"
27436,3,closed,ok,2026-09-03T14:28:55.365175+00:00,2026-09-03T14:28:55.599855+00:00,"{""door_main"": 0, ""door_sub"": 1, ""node"": ""occ_01"", ""pir_door"": 0, ""pir_seat"": -1}"
27437,3,closed,ok,2026-09-03T14:28:56.393807+00:00,2026-09-03T14:28:56.554697+00:00,"{""door_main"": 0, ""door_sub"": 1, ""node"": ""occ_01"", ""pir_door"": 0, ""pir_seat"": -1}"
27438,3,closed,ok,2026-09-03T14:28:57.390657+00:00,2026-09-03T14:28:57.574494+00:00,"{""door_main"": 0, ""door_sub"": 1, ""node"": ""occ_01"", ""pir_door"": 0, ""pir_seat"": -1}"
27439,3,closed,ok,2026-09-03T14:28:58.401648+00:00,2026-09-03T14:28:58.634500+00:00,"{""door_main"": 0, ""door_sub"": 1, ""node"": ""occ_01"", ""pir_door"": 0, ""pir_seat"": -1}"
27440,3,closed,ok,2026-09-03T14:28:59.419178+00:00,2026-09-03T14:28:59.709584+00:00,"{""door_main"": 0, ""door_sub"": 1, ""node"": ""occ_01"", ""pir_door"": 0, ""pir_seat"": -1}"
27441,3,closed,ok,2026-09-03T14:29:00.425414+00:00,2026-09-03T14:29:00.609598+00:00,"{""door_main"": 0, ""door_sub"": 1, ""node"": ""occ_01"", ""pir_door"": 0, ""pir_seat"": -1}"
27442,3,closed,ok,2026-09-03T14:29:01.498818+00:00,2026-09-03T14:29:01.726495+00:00,"{""door_main"": 0, ""door_sub"": 1, ""node"": ""occ_01"", ""pir_door"": 1, ""pir_seat"": -1}"
27443,3,closed,ok,2026-09-03T14:29:02.449778+00:00,2026-09-03T14:29:02.792034+00:00,"{""door_main"": 0, ""door_sub"": 1, ""node"": ""occ_01"", ""pir_door"": 0, ""pir_seat"": -1}"
27444,3,closed,ok,2026-09-03T14:29:03.462893+00:00,2026-09-03T14:29:03.809496+00:00,"{""door_main"": 0, ""door_sub"": 1, ""node"": ""occ_01"", ""pir_door"": 0, ""pir_seat"": -1}"
27445,3,closed,ok,2026-09-03T14:29:04.475347+00:00,2026-09-03T14:29:04.854667+00:00,"{""door_main"": 0, ""door_sub"": 1, ""node"": ""occ_01"", ""pir_door"": 1, ""pir_seat"": -1}"
27446,3,closed,ok,2026-09-03T14:29:05.488105+00:00,2026-09-03T14:29:05.654672+00:00,"{""door_main"": 0, ""door_sub"": 1, ""node"": ""occ_01"", ""pir_door"": 0, ""pir_seat"": -1}"
27447,3,closed,ok,2026-09-03T14:29:06.514225+00:00,2026-09-03T14:29:06.869891+00:00,"{""door_main"": 0, ""door_sub"": 1, ""node"": ""occ_01"", ""pir_door"": 0, ""pir_seat"": -1}"
27448,3,closed,ok,2026-09-03T14:29:07.509379+00:00,2026-09-03T14:29:07.814554+00:00,"{""door_main"": 0, ""door_sub"": 1, ""node"": ""occ_01"", ""pir_door"": 0, ""pir_seat"": -1}"
27449,3,closed,ok,2026-09-03T14:29:08.521589+00:00,2026-09-03T14:29:08.889392+00:00,"{""door_main"": 0, ""door_sub"": 1, ""node"": ""occ_01"", ""pir_door"": 0, ""pir_seat"": -1}"
27450,3,closed,ok,2026-09-03T14:29:09.533374+00:00,2026-09-03T14:29:09.834679+00:00,"{""door_main"": 0, ""door_sub"": 1, ""node"": ""occ_01"", ""pir_door"": 0, ""pir_seat"": -1}"
27451,3,closed,ok,2026-09-03T14:29:10.548931+00:00,2026-09-03T14:29:10.719654+00:00,"{""door_main"": 0, ""door_sub"": 1, ""node"": ""occ_01"", ""pir_door"": 0, ""pir_seat"": -1}"
27452,3,closed,ok,2026-09-03T14:29:11.560985+00:00,2026-09-03T14:29:11.829558+00:00,"{""door_main"": 0, ""door_sub"": 1, ""node"": ""occ_01"", ""pir_door"": 1, ""pir_seat"": -1}"
27453,3,closed,ok,2026-09-03T14:29:12.573145+00:00,2026-09-03T14:29:12.744381+00:00,"{""door_main"": 0, ""door_sub"": 1, ""node"": ""occ_01"", ""pir_door"": 0, ""pir_seat"": -1}"
27454,3,closed,ok,2026-09-03T14:29:13.582783+00:00,2026-09-03T14:29:13.909434+00:00,"{""door_main"": 0, ""door_sub"": 1, ""node"": ""occ_01"", ""pir_door"": 0, ""pir_seat"": -1}"
27455,3,closed,ok,2026-09-03T14:29:14.593359+00:00,2026-09-03T14:29:14.914564+00:00,"{""door_main"": 0, ""door_sub"": 1, ""node"": ""occ_01"", ""pir_door"": 0, ""pir_seat"": -1}"
27456,3,closed,ok,2026-09-03T14:29:15.611740+00:00,2026-09-03T14:29:15.929522+00:00,"{""door_main"": 0, ""door_sub"": 1, ""node"": ""occ_01"", ""pir_door"": 0, ""pir_seat"": -1}"
27457,3,closed,ok,2026-09-03T14:29:16.823742+00:00,2026-09-03T14:29:17.199653+00:00,"{""door_main"": 0, ""door_sub"": 1, ""node"": ""occ_01"", ""pir_door"": 1, ""pir_seat"": -1}"
27458,3,closed,ok,2026-09-03T14:29:17.629273+00:00,2026-09-03T14:29:17.799632+00:00,"{""door_main"": 0, ""door_sub"": 1, ""node"": ""occ_01"", ""pir_door"": 0, ""pir_seat"": -1}"
27459,3,closed,ok,2026-09-03T14:29:18.641297+00:00,2026-09-03T14:29:18.904681+00:00,"{""door_main"": 0, ""door_sub"": 1, ""node"": ""occ_01"", ""pir_door"": 0, ""pir_seat"": -1}"
27460,3,closed,ok,2026-09-03T14:29:19.656736+00:00,2026-09-03T14:29:19.819995+00:00,"{""door_main"": 0, ""door_sub"": 1, ""node"": ""occ_01"", ""pir_door"": 0, ""pir_seat"": -1}"
27461,3,closed,ok,2026-09-03T14:29:20.665350+00:00,2026-09-03T14:29:20.844651+00:00,"{""door_main"": 0, ""door_sub"": 1, ""node"": ""occ_01"", ""pir_door"": 1, ""pir_seat"": -1}"
27462,3,closed,ok,2026-09-03T14:29:21.823686+00:00,2026-09-03T14:29:22.134674+00:00,"{""door_main"": 0, ""door_sub"": 1, ""node"": ""occ_01"", ""pir_door"": 0, ""pir_seat"": -1}"
27463,3,closed,ok,2026-09-03T14:29:22.690998+00:00,2026-09-03T14:29:23.009733+00:00,"{""door_main"": 0, ""door_sub"": 1, ""node"": ""occ_01"", ""pir_door"": 0, ""pir_seat"": -1}"
27464,3,closed,ok,2026-09-03T14:29:23.703053+00:00,2026-09-03T14:29:24.009649+00:00,"{""door_main"": 0, ""door_sub"": 1, ""node"": ""occ_01"", ""pir_door"": 0, ""pir_seat"": -1}"
27465,3,closed,ok,2026-09-03T14:29:24.714924+00:00,2026-09-03T14:29:24.884529+00:00,"{""door_main"": 0, ""door_sub"": 1, ""node"": ""occ_01"", ""pir_door"": 0, ""pir_seat"": -1}"
27466,3,closed,ok,2026-09-03T14:29:25.725433+00:00,2026-09-03T14:29:26.009904+00:00,"{""door_main"": 0, ""door_sub"": 1, ""node"": ""occ_01"", ""pir_door"": 0, ""pir_seat"": -1}"
27467,3,closed,ok,2026-09-03T14:29:26.943844+00:00,2026-09-03T14:29:27.300101+00:00,"{""door_main"": 0, ""door_sub"": 1, ""node"": ""occ_01"", ""pir_door"": 0, ""pir_seat"": -1}"
27468,3,closed,ok,2026-09-03T14:29:27.749395+00:00,2026-09-03T14:29:27.944436+00:00,"{""door_main"": 0, ""door_sub"": 1, ""node"": ""occ_01"", ""pir_door"": 0, ""pir_seat"": -1}"
27469,3,closed,ok,2026-09-03T14:29:28.761360+00:00,2026-09-03T14:29:29.109425+00:00,"{""door_main"": 0, ""door_sub"": 1, ""node"": ""occ_01"", ""pir_door"": 1, ""pir_seat"": -1}"
27470,3,closed,ok,2026-09-03T14:29:29.777609+00:00,2026-09-03T14:29:29.949747+00:00,"{""door_main"": 0, ""door_sub"": 1, ""node"": ""occ_01"", ""pir_door"": 0, ""pir_seat"": -1}"
27471,3,closed,ok,2026-09-03T14:29:30.788163+00:00,2026-09-03T14:29:30.944437+00:00,"{""door_main"": 0, ""door_sub"": 1, ""node"": ""occ_01"", ""pir_door"": 0, ""pir_seat"": -1}"
27472,3,closed,ok,2026-09-03T14:29:31.963703+00:00,2026-09-03T14:29:32.234611+00:00,"{""door_main"": 0, ""door_sub"": 1, ""node"": ""occ_01"", ""pir_door"": 1, ""pir_seat"": -1}"
27473,3,closed,ok,2026-09-03T14:29:32.811572+00:00,2026-09-03T14:29:32.984671+00:00,"{""door_main"": 0, ""door_sub"": 1, ""node"": ""occ_01"", ""pir_door"": 0, ""pir_seat"": -1}"
27474,3,closed,ok,2026-09-03T14:29:33.823053+00:00,2026-09-03T14:29:34.159741+00:00,"{""door_main"": 0, ""door_sub"": 1, ""node"": ""occ_01"", ""pir_door"": 0, ""pir_seat"": -1}"
27475,3,closed,ok,2026-09-03T14:29:34.834609+00:00,2026-09-03T14:29:35.019599+00:00,"{""door_main"": 0, ""door_sub"": 1, ""node"": ""occ_01"", ""pir_door"": 0, ""pir_seat"": -1}"
27476,3,closed,ok,2026-09-03T14:29:35.845319+00:00,2026-09-03T14:29:36.039604+00:00,"{""door_main"": 0, ""door_sub"": 1, ""node"": ""occ_01"", ""pir_door"": 1, ""pir_seat"": -1}"
27477,3,closed,ok,2026-09-03T14:29:36.978747+00:00,2026-09-03T14:29:37.374780+00:00,"{""door_main"": 0, ""door_sub"": 1, ""node"": ""occ_01"", ""pir_door"": 0, ""pir_seat"": -1}"
27478,3,closed,ok,2026-09-03T14:29:37.872647+00:00,2026-09-03T14:29:38.029495+00:00,"{""door_main"": 0, ""door_sub"": 1, ""node"": ""occ_01"", ""pir_door"": 0, ""pir_seat"": -1}"
27479,3,closed,ok,2026-09-03T14:29:38.885818+00:00,2026-09-03T14:29:39.239608+00:00,"{""door_main"": 0, ""door_sub"": 1, ""node"": ""occ_01"", ""pir_door"": 1, ""pir_seat"": -1}"
27480,3,closed,ok,2026-09-03T14:29:39.893381+00:00,2026-09-03T14:29:40.084658+00:00,"{""door_main"": 0, ""door_sub"": 1, ""node"": ""occ_01"", ""pir_door"": 0, ""pir_seat"": -1}"
27481,3,closed,ok,2026-09-03T14:29:40.905410+00:00,2026-09-03T14:29:41.239835+00:00,"{""door_main"": 0, ""door_sub"": 1, ""node"": ""occ_01"", ""pir_door"": 0, ""pir_seat"": -1}"
27482,3,closed,ok,2026-09-03T14:29:41.984423+00:00,2026-09-03T14:29:42.309646+00:00,"{""door_main"": 0, ""door_sub"": 1, ""node"": ""occ_01"", ""pir_door"": 0, ""pir_seat"": -1}"
27483,3,closed,ok,2026-09-03T14:29:42.931041+00:00,2026-09-03T14:29:43.209882+00:00,"{""door_main"": 0, ""door_sub"": 1, ""node"": ""occ_01"", ""pir_door"": 1, ""pir_seat"": -1}"
27484,3,closed,ok,2026-09-03T14:29:43.944855+00:00,2026-09-03T14:29:44.275922+00:00,"{""door_main"": 0, ""door_sub"": 1, ""node"": ""occ_01"", ""pir_door"": 0, ""pir_seat"": -1}"
27485,3,closed,ok,2026-09-03T14:29:44.955246+00:00,2026-09-03T14:29:45.124401+00:00,"{""door_main"": 0, ""door_sub"": 1, ""node"": ""occ_01"", ""pir_door"": 0, ""pir_seat"": -1}"
27486,3,closed,ok,2026-09-03T14:29:45.965391+00:00,2026-09-03T14:29:46.289529+00:00,"{""door_main"": 0, ""door_sub"": 1, ""node"": ""occ_01"", ""pir_door"": 0, ""pir_seat"": -1}"
27487,3,closed,ok,2026-09-03T14:29:47.018608+00:00,2026-09-03T14:29:47.414446+00:00,"{""door_main"": 0, ""door_sub"": 1, ""node"": ""occ_01"", ""pir_door"": 0, ""pir_seat"": -1}"
27488,3,closed,ok,2026-09-03T14:29:47.994421+00:00,2026-09-03T14:29:48.375403+00:00,"{""door_main"": 0, ""door_sub"": 1, ""node"": ""occ_01"", ""pir_door"": 0, ""pir_seat"": -1}"
27489,3,closed,ok,2026-09-03T14:29:49.006096+00:00,2026-09-03T14:29:49.360188+00:00,"{""door_main"": 0, ""door_sub"": 1, ""node"": ""occ_01"", ""pir_door"": 0, ""pir_seat"": -1}"
27490,3,closed,ok,2026-09-03T14:29:50.013490+00:00,2026-09-03T14:29:50.220001+00:00,"{""door_main"": 0, ""door_sub"": 1, ""node"": ""occ_01"", ""pir_door"": 0, ""pir_seat"": -1}"
27491,3,closed,ok,2026-09-03T14:29:51.025453+00:00,2026-09-03T14:29:51.379819+00:00,"{""door_main"": 0, ""door_sub"": 1, ""node"": ""occ_01"", ""pir_door"": 0, ""pir_seat"": -1}"
27492,3,closed,ok,2026-09-03T14:29:52.128632+00:00,2026-09-03T14:29:52.459479+00:00,"{""door_main"": 0, ""door_sub"": 1, ""node"": ""occ_01"", ""pir_door"": 0, ""pir_seat"": -1}"
27493,3,closed,ok,2026-09-03T14:29:53.049499+00:00,2026-09-03T14:29:53.224640+00:00,"{""door_main"": 0, ""door_sub"": 1, ""node"": ""occ_01"", ""pir_door"": 0, ""pir_seat"": -1}"
27494,3,closed,ok,2026-09-03T14:29:54.064000+00:00,2026-09-03T14:29:54.394610+00:00,"{""door_main"": 0, ""door_sub"": 1, ""node"": ""occ_01"", ""pir_door"": 0, ""pir_seat"": -1}"
27495,3,closed,ok,2026-09-03T14:29:55.075380+00:00,2026-09-03T14:29:55.276050+00:00,"{""door_main"": 0, ""door_sub"": 1, ""node"": ""occ_01"", ""pir_door"": 0, ""pir_seat"": -1}"
27496,3,closed,ok,2026-09-03T14:29:56.085428+00:00,2026-09-03T14:29:56.439875+00:00,"{""door_main"": 0, ""door_sub"": 1, ""node"": ""occ_01"", ""pir_door"": 1, ""pir_seat"": -1}"
27497,3,closed,ok,2026-09-03T14:29:57.098955+00:00,2026-09-03T14:29:57.410782+00:00,"{""door_main"": 0, ""door_sub"": 1, ""node"": ""occ_01"", ""pir_door"": 0, ""pir_seat"": -1}"
27498,3,closed,ok,2026-09-03T14:29:58.109518+00:00,2026-09-03T14:29:58.324695+00:00,"{""door_main"": 0, ""door_sub"": 1, ""node"": ""occ_01"", ""pir_door"": 0, ""pir_seat"": -1}"
27499,3,closed,ok,2026-09-03T14:29:59.121577+00:00,2026-09-03T14:29:59.464508+00:00,"{""door_main"": 0, ""door_sub"": 1, ""node"": ""occ_01"", ""pir_door"": 0, ""pir_seat"": -1}"
27500,3,closed,ok,2026-09-03T14:30:00.133569+00:00,2026-09-03T14:30:00.335204+00:00,"{""door_main"": 0, ""door_sub"": 1, ""node"": ""occ_01"", ""pir_door"": 0, ""pir_seat"": -1}"
27501,3,closed,ok,2026-09-03T14:30:01.145492+00:00,2026-09-03T14:30:01.574505+00:00,"{""door_main"": 0, ""door_sub"": 1, ""node"": ""occ_01"", ""pir_door"": 1, ""pir_seat"": -1}"
27502,3,closed,ok,2026-09-03T14:30:02.203599+00:00,2026-09-03T14:30:02.559657+00:00,"{""door_main"": 0, ""door_sub"": 1, ""node"": ""occ_01"", ""pir_door"": 0, ""pir_seat"": -1}"
27503,3,closed,ok,2026-09-03T14:30:03.172805+00:00,2026-09-03T14:30:03.471112+00:00,"{""door_main"": 0, ""door_sub"": 1, ""node"": ""occ_01"", ""pir_door"": 0, ""pir_seat"": -1}"
27504,3,closed,ok,2026-09-03T14:30:04.189679+00:00,2026-09-03T14:30:04.560966+00:00,"{""door_main"": 0, ""door_sub"": 1, ""node"": ""occ_01"", ""pir_door"": 0, ""pir_seat"": -1}"
27505,3,closed,ok,2026-09-03T14:30:05.193698+00:00,2026-09-03T14:30:05.379733+00:00,"{""door_main"": 0, ""door_sub"": 1, ""node"": ""occ_01"", ""pir_door"": 0, ""pir_seat"": -1}"
27506,3,closed,ok,2026-09-03T14:30:06.207007+00:00,2026-09-03T14:30:06.579690+00:00,"{""door_main"": 0, ""door_sub"": 1, ""node"": ""occ_01"", ""pir_door"": 0, ""pir_seat"": -1}"
27507,3,closed,ok,2026-09-03T14:30:07.318706+00:00,2026-09-03T14:30:07.614541+00:00,"{""door_main"": 0, ""door_sub"": 1, ""node"": ""occ_01"", ""pir_door"": 0, ""pir_seat"": -1}"
27508,3,closed,ok,2026-09-03T14:30:08.229550+00:00,2026-09-03T14:30:08.579710+00:00,"{""door_main"": 0, ""door_sub"": 1, ""node"": ""occ_01"", ""pir_door"": 0, ""pir_seat"": -1}"
27509,3,closed,ok,2026-09-03T14:30:09.242033+00:00,2026-09-03T14:30:09.549629+00:00,"{""door_main"": 0, ""door_sub"": 1, ""node"": ""occ_01"", ""pir_door"": 1, ""pir_seat"": -1}"
27510,3,closed,ok,2026-09-03T14:30:10.255062+00:00,2026-09-03T14:30:10.434393+00:00,"{""door_main"": 0, ""door_sub"": 1, ""node"": ""occ_01"", ""pir_door"": 0, ""pir_seat"": -1}"
27511,3,closed,ok,2026-09-03T14:30:11.268660+00:00,2026-09-03T14:30:11.589613+00:00,"{""door_main"": 0, ""door_sub"": 1, ""node"": ""occ_01"", ""pir_door"": 0, ""pir_seat"": -1}"
27512,3,closed,ok,2026-09-03T14:30:12.304666+00:00,2026-09-03T14:30:12.569533+00:00,"{""door_main"": 0, ""door_sub"": 1, ""node"": ""occ_01"", ""pir_door"": 1, ""pir_seat"": -1}"
27513,3,closed,ok,2026-09-03T14:30:13.291756+00:00,2026-09-03T14:30:13.564678+00:00,"{""door_main"": 0, ""door_sub"": 1, ""node"": ""occ_01"", ""pir_door"": 0, ""pir_seat"": -1}"
27514,3,closed,ok,2026-09-03T14:30:14.301630+00:00,2026-09-03T14:30:14.554563+00:00,"{""door_main"": 0, ""door_sub"": 1, ""node"": ""occ_01"", ""pir_door"": 0, ""pir_seat"": -1}"
27515,3,closed,ok,2026-09-03T14:30:15.315143+00:00,2026-09-03T14:30:15.494411+00:00,"{""door_main"": 0, ""door_sub"": 1, ""node"": ""occ_01"", ""pir_door"": 0, ""pir_seat"": -1}"
27516,3,closed,ok,2026-09-03T14:30:16.327222+00:00,2026-09-03T14:30:16.659640+00:00,"{""door_main"": 0, ""door_sub"": 1, ""node"": ""occ_01"", ""pir_door"": 0, ""pir_seat"": -1}"
27517,3,closed,ok,2026-09-03T14:30:17.337665+00:00,2026-09-03T14:30:17.624529+00:00,"{""door_main"": 0, ""door_sub"": 1, ""node"": ""occ_01"", ""pir_door"": 0, ""pir_seat"": -1}"
27518,3,closed,ok,2026-09-03T14:30:18.350007+00:00,2026-09-03T14:30:18.694785+00:00,"{""door_main"": 0, ""door_sub"": 1, ""node"": ""occ_01"", ""pir_door"": 0, ""pir_seat"": -1}"
27519,3,closed,ok,2026-09-03T14:30:19.364434+00:00,2026-09-03T14:30:19.704530+00:00,"{""door_main"": 0, ""door_sub"": 1, ""node"": ""occ_01"", ""pir_door"": 1, ""pir_seat"": -1}"
27520,3,closed,ok,2026-09-03T14:30:20.379730+00:00,2026-09-03T14:30:20.629977+00:00,"{""door_main"": 0, ""door_sub"": 1, ""node"": ""occ_01"", ""pir_door"": 0, ""pir_seat"": -1}"
27521,3,closed,ok,2026-09-03T14:30:21.385823+00:00,2026-09-03T14:30:21.717012+00:00,"{""door_main"": 0, ""door_sub"": 1, ""node"": ""occ_01"", ""pir_door"": 0, ""pir_seat"": -1}"
27522,3,closed,ok,2026-09-03T14:30:22.436448+00:00,2026-09-03T14:30:22.709712+00:00,"{""door_main"": 0, ""door_sub"": 1, ""node"": ""occ_01"", ""pir_door"": 0, ""pir_seat"": -1}"
27523,3,closed,ok,2026-09-03T14:30:23.409939+00:00,2026-09-03T14:30:23.784570+00:00,"{""door_main"": 0, ""door_sub"": 1, ""node"": ""occ_01"", ""pir_door"": 0, ""pir_seat"": -1}"
27524,3,closed,ok,2026-09-03T14:30:24.421585+00:00,2026-09-03T14:30:24.720285+00:00,"{""door_main"": 0, ""door_sub"": 1, ""node"": ""occ_01"", ""pir_door"": 0, ""pir_seat"": -1}"
27525,3,closed,ok,2026-09-03T14:30:25.433529+00:00,2026-09-03T14:30:25.620591+00:00,"{""door_main"": 0, ""door_sub"": 1, ""node"": ""occ_01"", ""pir_door"": 0, ""pir_seat"": -1}"
27526,3,closed,ok,2026-09-03T14:30:26.447325+00:00,2026-09-03T14:30:26.779566+00:00,"{""door_main"": 0, ""door_sub"": 1, ""node"": ""occ_01"", ""pir_door"": 1, ""pir_seat"": -1}"
27527,3,closed,ok,2026-09-03T14:30:27.458987+00:00,2026-09-03T14:30:27.809490+00:00,"{""door_main"": 0, ""door_sub"": 1, ""node"": ""occ_01"", ""pir_door"": 0, ""pir_seat"": -1}"
27528,3,closed,ok,2026-09-03T14:30:28.472781+00:00,2026-09-03T14:30:28.809716+00:00,"{""door_main"": 0, ""door_sub"": 1, ""node"": ""occ_01"", ""pir_door"": 0, ""pir_seat"": -1}"
27529,3,closed,ok,2026-09-03T14:30:29.481598+00:00,2026-09-03T14:30:29.879861+00:00,"{""door_main"": 0, ""door_sub"": 1, ""node"": ""occ_01"", ""pir_door"": 0, ""pir_seat"": -1}"
27530,3,closed,ok,2026-09-03T14:30:30.493645+00:00,2026-09-03T14:30:30.695592+00:00,"{""door_main"": 0, ""door_sub"": 1, ""node"": ""occ_01"", ""pir_door"": 0, ""pir_seat"": -1}"
27531,3,closed,ok,2026-09-03T14:30:31.507099+00:00,2026-09-03T14:30:31.685843+00:00,"{""door_main"": 0, ""door_sub"": 1, ""node"": ""occ_01"", ""pir_door"": 0, ""pir_seat"": -1}"
27532,3,closed,ok,2026-09-03T14:30:32.519395+00:00,2026-09-03T14:30:32.900583+00:00,"{""door_main"": 0, ""door_sub"": 1, ""node"": ""occ_01"", ""pir_door"": 0, ""pir_seat"": -1}"
27533,3,closed,ok,2026-09-03T14:30:33.529695+00:00,2026-09-03T14:30:33.889558+00:00,"{""door_main"": 0, ""door_sub"": 1, ""node"": ""occ_01"", ""pir_door"": 0, ""pir_seat"": -1}"
27534,3,closed,ok,2026-09-03T14:30:34.541661+00:00,2026-09-03T14:30:34.889864+00:00,"{""door_main"": 0, ""door_sub"": 1, ""node"": ""occ_01"", ""pir_door"": 0, ""pir_seat"": -1}"
27535,3,closed,ok,2026-09-03T14:30:35.553941+00:00,2026-09-03T14:30:35.864498+00:00,"{""door_main"": 0, ""door_sub"": 1, ""node"": ""occ_01"", ""pir_door"": 0, ""pir_seat"": -1}"
27536,3,closed,ok,2026-09-03T14:30:36.568977+00:00,2026-09-03T14:30:36.749511+00:00,"{""door_main"": 0, ""door_sub"": 1, ""node"": ""occ_01"", ""pir_door"": 0, ""pir_seat"": -1}"
27537,3,closed,ok,2026-09-03T14:30:37.577881+00:00,2026-09-03T14:30:37.770231+00:00,"{""door_main"": 0, ""door_sub"": 1, ""node"": ""occ_01"", ""pir_door"": 0, ""pir_seat"": -1}"
27538,3,closed,ok,2026-09-03T14:30:38.589609+00:00,2026-09-03T14:30:38.864974+00:00,"{""door_main"": 0, ""door_sub"": 1, ""node"": ""occ_01"", ""pir_door"": 0, ""pir_seat"": -1}"
27539,3,closed,ok,2026-09-03T14:30:39.601838+00:00,2026-09-03T14:30:39.955593+00:00,"{""door_main"": 0, ""door_sub"": 1, ""node"": ""occ_01"", ""pir_door"": 0, ""pir_seat"": -1}"
27540,3,closed,ok,2026-09-03T14:30:40.615443+00:00,2026-09-03T14:30:40.940063+00:00,"{""door_main"": 0, ""door_sub"": 1, ""node"": ""occ_01"", ""pir_door"": 0, ""pir_seat"": -1}"
27541,3,closed,ok,2026-09-03T14:30:41.628748+00:00,2026-09-03T14:30:41.940205+00:00,"{""door_main"": 0, ""door_sub"": 1, ""node"": ""occ_01"", ""pir_door"": 0, ""pir_seat"": -1}"
27542,3,closed,ok,2026-09-03T14:30:42.637752+00:00,2026-09-03T14:30:42.809602+00:00,"{""door_main"": 0, ""door_sub"": 1, ""node"": ""occ_01"", ""pir_door"": 1, ""pir_seat"": -1}"
27543,3,closed,ok,2026-09-03T14:30:43.650827+00:00,2026-09-03T14:30:43.959881+00:00,"{""door_main"": 0, ""door_sub"": 1, ""node"": ""occ_01"", ""pir_door"": 0, ""pir_seat"": -1}"
27544,3,closed,ok,2026-09-03T14:30:44.664546+00:00,2026-09-03T14:30:44.999492+00:00,"{""door_main"": 0, ""door_sub"": 1, ""node"": ""occ_01"", ""pir_door"": 0, ""pir_seat"": -1}"
27545,3,closed,ok,2026-09-03T14:30:45.677042+00:00,2026-09-03T14:30:45.984579+00:00,"{""door_main"": 0, ""door_sub"": 1, ""node"": ""occ_01"", ""pir_door"": 0, ""pir_seat"": -1}"
27546,3,closed,ok,2026-09-03T14:30:46.686967+00:00,2026-09-03T14:30:47.014452+00:00,"{""door_main"": 0, ""door_sub"": 1, ""node"": ""occ_01"", ""pir_door"": 1, ""pir_seat"": -1}"
27547,3,closed,ok,2026-09-03T14:30:47.753500+00:00,2026-09-03T14:30:47.944588+00:00,"{""door_main"": 0, ""door_sub"": 1, ""node"": ""occ_01"", ""pir_door"": 0, ""pir_seat"": -1}"
27548,3,closed,ok,2026-09-03T14:30:48.709699+00:00,2026-09-03T14:30:49.064507+00:00,"{""door_main"": 0, ""door_sub"": 1, ""node"": ""occ_01"", ""pir_door"": 0, ""pir_seat"": -1}"
27549,3,closed,ok,2026-09-03T14:30:49.727182+00:00,2026-09-03T14:30:49.984653+00:00,"{""door_main"": 0, ""door_sub"": 1, ""node"": ""occ_01"", ""pir_door"": 0, ""pir_seat"": -1}"
27550,3,closed,ok,2026-09-03T14:30:50.735097+00:00,2026-09-03T14:30:51.084669+00:00,"{""door_main"": 0, ""door_sub"": 1, ""node"": ""occ_01"", ""pir_door"": 0, ""pir_seat"": -1}"
27551,3,closed,ok,2026-09-03T14:30:51.747761+00:00,2026-09-03T14:30:52.049508+00:00,"{""door_main"": 0, ""door_sub"": 1, ""node"": ""occ_01"", ""pir_door"": 0, ""pir_seat"": -1}"
27552,3,closed,ok,2026-09-03T14:30:52.759641+00:00,2026-09-03T14:30:52.914763+00:00,"{""door_main"": 0, ""door_sub"": 1, ""node"": ""occ_01"", ""pir_door"": 0, ""pir_seat"": -1}"
27553,3,closed,ok,2026-09-03T14:30:53.769908+00:00,2026-09-03T14:30:53.949932+00:00,"{""door_main"": 0, ""door_sub"": 1, ""node"": ""occ_01"", ""pir_door"": 1, ""pir_seat"": -1}"
27554,3,closed,ok,2026-09-03T14:30:54.783235+00:00,2026-09-03T14:30:55.059789+00:00,"{""door_main"": 0, ""door_sub"": 1, ""node"": ""occ_01"", ""pir_door"": 0, ""pir_seat"": -1}"
27555,3,closed,ok,2026-09-03T14:30:55.795030+00:00,2026-09-03T14:30:56.164770+00:00,"{""door_main"": 0, ""door_sub"": 1, ""node"": ""occ_01"", ""pir_door"": 0, ""pir_seat"": -1}"
27556,3,closed,ok,2026-09-03T14:30:56.807257+00:00,2026-09-03T14:30:57.100566+00:00,"{""door_main"": 0, ""door_sub"": 1, ""node"": ""occ_01"", ""pir_door"": 0, ""pir_seat"": -1}"
27557,3,closed,ok,2026-09-03T14:30:57.888646+00:00,2026-09-03T14:30:58.264773+00:00,"{""door_main"": 0, ""door_sub"": 1, ""node"": ""occ_01"", ""pir_door"": 0, ""pir_seat"": -1}"
27558,3,closed,ok,2026-09-03T14:30:58.831652+00:00,2026-09-03T14:30:59.119706+00:00,"{""door_main"": 0, ""door_sub"": 1, ""node"": ""occ_01"", ""pir_door"": 0, ""pir_seat"": -1}"
27559,3,closed,ok,2026-09-03T14:30:59.841774+00:00,2026-09-03T14:31:00.204870+00:00,"{""door_main"": 0, ""door_sub"": 1, ""node"": ""occ_01"", ""pir_door"": 0, ""pir_seat"": -1}"
27560,3,closed,ok,2026-09-03T14:31:00.855578+00:00,2026-09-03T14:31:01.203613+00:00,"{""door_main"": 0, ""door_sub"": 1, ""node"": ""occ_01"", ""pir_door"": 1, ""pir_seat"": -1}"
27561,3,closed,ok,2026-09-03T14:31:01.865701+00:00,2026-09-03T14:31:02.236604+00:00,"{""door_main"": 0, ""door_sub"": 1, ""node"": ""occ_01"", ""pir_door"": 0, ""pir_seat"": -1}"
27562,3,closed,ok,2026-09-03T14:31:02.878684+00:00,2026-09-03T14:31:03.076025+00:00,"{""door_main"": 0, ""door_sub"": 1, ""node"": ""occ_01"", ""pir_door"": 0, ""pir_seat"": -1}"
27563,3,closed,ok,2026-09-03T14:31:03.891252+00:00,2026-09-03T14:31:04.126030+00:00,"{""door_main"": 0, ""door_sub"": 1, ""node"": ""occ_01"", ""pir_door"": 0, ""pir_seat"": -1}"
27564,3,closed,ok,2026-09-03T14:31:04.903453+00:00,2026-09-03T14:31:05.144569+00:00,"{""door_main"": 0, ""door_sub"": 1, ""node"": ""occ_01"", ""pir_door"": 0, ""pir_seat"": -1}"
27565,3,closed,ok,2026-09-03T14:31:05.915474+00:00,2026-09-03T14:31:06.184626+00:00,"{""door_main"": 0, ""door_sub"": 1, ""node"": ""occ_01"", ""pir_door"": 0, ""pir_seat"": -1}"
27566,3,closed,ok,2026-09-03T14:31:07.403712+00:00,2026-09-03T14:31:07.769598+00:00,"{""door_main"": 0, ""door_sub"": 1, ""node"": ""occ_01"", ""pir_door"": 0, ""pir_seat"": -1}"
27567,3,closed,ok,2026-09-03T14:31:07.937886+00:00,2026-09-03T14:31:08.280319+00:00,"{""door_main"": 0, ""door_sub"": 1, ""node"": ""occ_01"", ""pir_door"": 1, ""pir_seat"": -1}"
27568,3,closed,ok,2026-09-03T14:31:08.951650+00:00,2026-09-03T14:31:09.229484+00:00,"{""door_main"": 0, ""door_sub"": 1, ""node"": ""occ_01"", ""pir_door"": 0, ""pir_seat"": -1}"
27569,3,closed,ok,2026-09-03T14:31:09.961912+00:00,2026-09-03T14:31:10.264573+00:00,"{""door_main"": 0, ""door_sub"": 1, ""node"": ""occ_01"", ""pir_door"": 0, ""pir_seat"": -1}"
27570,3,closed,ok,2026-09-03T14:31:10.973817+00:00,2026-09-03T14:31:11.324654+00:00,"{""door_main"": 0, ""door_sub"": 1, ""node"": ""occ_01"", ""pir_door"": 0, ""pir_seat"": -1}"
27571,3,closed,ok,2026-09-03T14:31:12.452494+00:00,2026-09-03T14:31:12.614538+00:00,"{""door_main"": 0, ""door_sub"": 1, ""node"": ""occ_01"", ""pir_door"": 0, ""pir_seat"": -1}"
27572,3,closed,ok,2026-09-03T14:31:12.997810+00:00,2026-09-03T14:31:13.174576+00:00,"{""door_main"": 0, ""door_sub"": 1, ""node"": ""occ_01"", ""pir_door"": 0, ""pir_seat"": -1}"
27573,3,closed,ok,2026-09-03T14:31:14.009949+00:00,2026-09-03T14:31:14.329546+00:00,"{""door_main"": 0, ""door_sub"": 1, ""node"": ""occ_01"", ""pir_door"": 0, ""pir_seat"": -1}"
27574,3,closed,ok,2026-09-03T14:31:15.021941+00:00,2026-09-03T14:31:15.289535+00:00,"{""door_main"": 0, ""door_sub"": 1, ""node"": ""occ_01"", ""pir_door"": 1, ""pir_seat"": -1}"
27575,3,closed,ok,2026-09-03T14:31:16.036666+00:00,2026-09-03T14:31:16.364934+00:00,"{""door_main"": 0, ""door_sub"": 1, ""node"": ""occ_01"", ""pir_door"": 0, ""pir_seat"": -1}"
27576,3,closed,ok,2026-09-03T14:31:17.613917+00:00,2026-09-03T14:31:17.944554+00:00,"{""door_main"": 0, ""door_sub"": 1, ""node"": ""occ_01"", ""pir_door"": 0, ""pir_seat"": -1}"
27577,3,closed,ok,2026-09-03T14:31:18.063433+00:00,2026-09-03T14:31:18.439780+00:00,"{""door_main"": 0, ""door_sub"": 1, ""node"": ""occ_01"", ""pir_door"": 0, ""pir_seat"": -1}"
27578,3,closed,ok,2026-09-03T14:31:19.071346+00:00,2026-09-03T14:31:19.414567+00:00,"{""door_main"": 0, ""door_sub"": 1, ""node"": ""occ_01"", ""pir_door"": 1, ""pir_seat"": -1}"
27579,3,closed,ok,2026-09-03T14:31:20.083648+00:00,2026-09-03T14:31:20.479609+00:00,"{""door_main"": 0, ""door_sub"": 1, ""node"": ""occ_01"", ""pir_door"": 0, ""pir_seat"": -1}"
27580,3,closed,ok,2026-09-03T14:31:21.104694+00:00,2026-09-03T14:31:21.369547+00:00,"{""door_main"": 0, ""door_sub"": 1, ""node"": ""occ_01"", ""pir_door"": 0, ""pir_seat"": -1}"
27581,3,closed,ok,2026-09-03T14:31:22.653380+00:00,2026-09-03T14:31:23.005403+00:00,"{""door_main"": 0, ""door_sub"": 1, ""node"": ""occ_01"", ""pir_door"": 1, ""pir_seat"": -1}"
27582,3,closed,ok,2026-09-03T14:31:23.133388+00:00,2026-09-03T14:31:23.519669+00:00,"{""door_main"": 0, ""door_sub"": 1, ""node"": ""occ_01"", ""pir_door"": 0, ""pir_seat"": -1}"
27583,3,closed,ok,2026-09-03T14:31:24.133904+00:00,2026-09-03T14:31:24.474698+00:00,"{""door_main"": 0, ""door_sub"": 1, ""node"": ""occ_01"", ""pir_door"": 0, ""pir_seat"": -1}"
27584,3,closed,ok,2026-09-03T14:31:25.143763+00:00,2026-09-03T14:31:25.464503+00:00,"{""door_main"": 0, ""door_sub"": 1, ""node"": ""occ_01"", ""pir_door"": 0, ""pir_seat"": -1}"
27585,3,closed,ok,2026-09-03T14:31:26.154068+00:00,2026-09-03T14:31:26.479653+00:00,"{""door_main"": 0, ""door_sub"": 1, ""node"": ""occ_01"", ""pir_door"": 0, ""pir_seat"": -1}"
27586,3,closed,ok,2026-09-03T14:31:27.703461+00:00,2026-09-03T14:31:28.059684+00:00,"{""door_main"": 0, ""door_sub"": 1, ""node"": ""occ_01"", ""pir_door"": 1, ""pir_seat"": -1}"
27587,3,closed,ok,2026-09-03T14:31:28.179457+00:00,2026-09-03T14:31:28.514566+00:00,"{""door_main"": 0, ""door_sub"": 1, ""node"": ""occ_01"", ""pir_door"": 0, ""pir_seat"": -1}"
27588,3,closed,ok,2026-09-03T14:31:29.194285+00:00,2026-09-03T14:31:29.554510+00:00,"{""door_main"": 0, ""door_sub"": 1, ""node"": ""occ_01"", ""pir_door"": 0, ""pir_seat"": -1}"
27589,3,closed,ok,2026-09-03T14:31:30.201841+00:00,2026-09-03T14:31:30.519659+00:00,"{""door_main"": 0, ""door_sub"": 1, ""node"": ""occ_01"", ""pir_door"": 0, ""pir_seat"": -1}"
27590,3,closed,ok,2026-09-03T14:31:31.215520+00:00,2026-09-03T14:31:31.549541+00:00,"{""door_main"": 0, ""door_sub"": 1, ""node"": ""occ_01"", ""pir_door"": 0, ""pir_seat"": -1}"
27591,3,closed,ok,2026-09-03T14:31:32.438391+00:00,2026-09-03T14:31:32.609569+00:00,"{""door_main"": 0, ""door_sub"": 1, ""node"": ""occ_01"", ""pir_door"": 0, ""pir_seat"": -1}"
27592,3,closed,ok,2026-09-03T14:31:33.241180+00:00,2026-09-03T14:31:33.434731+00:00,"{""door_main"": 0, ""door_sub"": 1, ""node"": ""occ_01"", ""pir_door"": 0, ""pir_seat"": -1}"
27593,3,closed,ok,2026-09-03T14:31:34.249866+00:00,2026-09-03T14:31:34.619809+00:00,"{""door_main"": 0, ""door_sub"": 1, ""node"": ""occ_01"", ""pir_door"": 0, ""pir_seat"": -1}"
27594,3,closed,ok,2026-09-03T14:31:35.261967+00:00,2026-09-03T14:31:35.604580+00:00,"{""door_main"": 0, ""door_sub"": 1, ""node"": ""occ_01"", ""pir_door"": 0, ""pir_seat"": -1}"
27595,3,closed,ok,2026-09-03T14:31:36.273853+00:00,2026-09-03T14:31:36.584690+00:00,"{""door_main"": 0, ""door_sub"": 1, ""node"": ""occ_01"", ""pir_door"": 0, ""pir_seat"": -1}"
27596,3,closed,ok,2026-09-03T14:31:37.693399+00:00,2026-09-03T14:31:37.890344+00:00,"{""door_main"": 0, ""door_sub"": 1, ""node"": ""occ_01"", ""pir_door"": 0, ""pir_seat"": -1}"
27597,3,closed,ok,2026-09-03T14:31:38.299443+00:00,2026-09-03T14:31:38.474632+00:00,"{""door_main"": 0, ""door_sub"": 1, ""node"": ""occ_01"", ""pir_door"": 0, ""pir_seat"": -1}"
27598,3,closed,ok,2026-09-03T14:31:39.309886+00:00,2026-09-03T14:31:39.594508+00:00,"{""door_main"": 0, ""door_sub"": 1, ""node"": ""occ_01"", ""pir_door"": 0, ""pir_seat"": -1}"
27599,3,closed,ok,2026-09-03T14:31:40.321868+00:00,2026-09-03T14:31:40.644608+00:00,"{""door_main"": 0, ""door_sub"": 1, ""node"": ""occ_01"", ""pir_door"": 0, ""pir_seat"": -1}"
27600,3,closed,ok,2026-09-03T14:31:41.338673+00:00,2026-09-03T14:31:41.709511+00:00,"{""door_main"": 0, ""door_sub"": 1, ""node"": ""occ_01"", ""pir_door"": 0, ""pir_seat"": -1}"
27601,3,closed,ok,2026-09-03T14:31:42.493308+00:00,2026-09-03T14:31:42.665858+00:00,"{""door_main"": 0, ""door_sub"": 1, ""node"": ""occ_01"", ""pir_door"": 0, ""pir_seat"": -1}"
27602,3,closed,ok,2026-09-03T14:31:43.360025+00:00,2026-09-03T14:31:43.540133+00:00,"{""door_main"": 0, ""door_sub"": 1, ""node"": ""occ_01"", ""pir_door"": 0, ""pir_seat"": -1}"
27603,3,closed,ok,2026-09-03T14:31:44.371613+00:00,2026-09-03T14:31:44.699900+00:00,"{""door_main"": 0, ""door_sub"": 1, ""node"": ""occ_01"", ""pir_door"": 0, ""pir_seat"": -1}"
27604,3,closed,ok,2026-09-03T14:31:45.382066+00:00,2026-09-03T14:31:45.744540+00:00,"{""door_main"": 0, ""door_sub"": 1, ""node"": ""occ_01"", ""pir_door"": 1, ""pir_seat"": -1}"
27605,3,closed,ok,2026-09-03T14:31:46.394157+00:00,2026-09-03T14:31:46.744956+00:00,"{""door_main"": 0, ""door_sub"": 1, ""node"": ""occ_01"", ""pir_door"": 0, ""pir_seat"": -1}"
27606,3,closed,ok,2026-09-03T14:31:47.793568+00:00,2026-09-03T14:31:48.139952+00:00,"{""door_main"": 0, ""door_sub"": 1, ""node"": ""occ_01"", ""pir_door"": 0, ""pir_seat"": -1}"
27607,3,closed,ok,2026-09-03T14:31:48.419243+00:00,2026-09-03T14:31:48.739794+00:00,"{""door_main"": 0, ""door_sub"": 1, ""node"": ""occ_01"", ""pir_door"": 0, ""pir_seat"": -1}"
27608,3,closed,ok,2026-09-03T14:31:49.429977+00:00,2026-09-03T14:31:49.764547+00:00,"{""door_main"": 0, ""door_sub"": 1, ""node"": ""occ_01"", ""pir_door"": 1, ""pir_seat"": -1}"
27609,3,closed,ok,2026-09-03T14:31:50.441990+00:00,2026-09-03T14:31:50.754519+00:00,"{""door_main"": 0, ""door_sub"": 1, ""node"": ""occ_01"", ""pir_door"": 0, ""pir_seat"": -1}"
27610,3,closed,ok,2026-09-03T14:31:51.454629+00:00,2026-09-03T14:31:51.799698+00:00,"{""door_main"": 0, ""door_sub"": 1, ""node"": ""occ_01"", ""pir_door"": 0, ""pir_seat"": -1}"
27611,3,closed,ok,2026-09-03T14:31:52.563499+00:00,2026-09-03T14:31:52.729597+00:00,"{""door_main"": 0, ""door_sub"": 1, ""node"": ""occ_01"", ""pir_door"": 0, ""pir_seat"": -1}"
27612,3,closed,ok,2026-09-03T14:31:53.478040+00:00,2026-09-03T14:31:53.659515+00:00,"{""door_main"": 0, ""door_sub"": 1, ""node"": ""occ_01"", ""pir_door"": 1, ""pir_seat"": -1}"
27613,3,closed,ok,2026-09-03T14:31:54.491790+00:00,2026-09-03T14:31:54.754796+00:00,"{""door_main"": 0, ""door_sub"": 1, ""node"": ""occ_01"", ""pir_door"": 0, ""pir_seat"": -1}"
27614,3,closed,ok,2026-09-03T14:31:55.517366+00:00,2026-09-03T14:31:55.864512+00:00,"{""door_main"": 0, ""door_sub"": 1, ""node"": ""occ_01"", ""pir_door"": 0, ""pir_seat"": -1}"
27615,3,closed,ok,2026-09-03T14:31:56.514026+00:00,2026-09-03T14:31:56.794708+00:00,"{""door_main"": 0, ""door_sub"": 1, ""node"": ""occ_01"", ""pir_door"": 0, ""pir_seat"": -1}"
27616,3,closed,ok,2026-09-03T14:31:57.765077+00:00,2026-09-03T14:31:58.069576+00:00,"{""door_main"": 0, ""door_sub"": 1, ""node"": ""occ_01"", ""pir_door"": 1, ""pir_seat"": -1}"
27617,3,closed,ok,2026-09-03T14:31:58.543280+00:00,2026-09-03T14:31:58.740033+00:00,"{""door_main"": 0, ""door_sub"": 1, ""node"": ""occ_01"", ""pir_door"": 0, ""pir_seat"": -1}"
27618,3,closed,ok,2026-09-03T14:31:59.550064+00:00,2026-09-03T14:31:59.704495+00:00,"{""door_main"": 0, ""door_sub"": 1, ""node"": ""occ_01"", ""pir_door"": 0, ""pir_seat"": -1}"
27619,3,closed,ok,2026-09-03T14:32:00.563571+00:00,2026-09-03T14:32:00.849585+00:00,"{""door_main"": 0, ""door_sub"": 1, ""node"": ""occ_01"", ""pir_door"": 0, ""pir_seat"": -1}"
