pir_reading_id,device_id,motion,flag,measured_at,received_at,raw_payload
26434,3,False,ok,2026-09-03T14:12:01.337569+00:00,2026-09-03T14:12:01.429760+00:00,"{""door_main"": 0, ""door_sub"": 1, ""node"": ""occ_01"", ""pir_door"": 0, ""pir_seat"": -1}"
26435,3,False,ok,2026-09-03T14:12:02.350663+00:00,2026-09-03T14:12:02.444627+00:00,"{""door_main"": 0, ""door_sub"": 1, ""node"": ""occ_01"", ""pir_door"": 0, ""pir_seat"": -1}"
26436,3,False,ok,2026-09-03T14:12:03.362735+00:00,2026-09-03T14:12:03.568248+00:00,"{""door_main"": 0, ""door_sub"": 1, ""node"": ""occ_01"", ""pir_door"": 0, ""pir_seat"": -1}"
26437,3,False,ok,2026-09-03T14:12:04.892582+00:00,2026-09-03T14:12:05.009948+00:00,"{""door_main"": 0, ""door_sub"": 1, ""node"": ""occ_01"", ""pir_door"": 0, ""pir_seat"": -1}"
26438,3,False,ok,2026-09-03T14:12:05.385701+00:00,2026-09-03T14:12:05.564653+00:00,"{""door_main"": 0, ""door_sub"": 1, ""node"": ""occ_01"", ""pir_door"": 0, ""pir_seat"": -1}"
26439,3,False,ok,2026-09-03T14:12:06.397671+00:00,2026-09-03T14:12:06.529356+00:00,"{""door_main"": 0, ""door_sub"": 1, ""node"": ""occ_01"", ""pir_door"": 0, ""pir_seat"": -1}"
26440,3,False,ok,2026-09-03T14:12:07.410953+00:00,2026-09-03T14:12:07.500130+00:00,"{""door_main"": 0, ""door_sub"": 1, ""node"": ""occ_01"", ""pir_door"": 0, ""pir_seat"": -1}"
26441,3,False,ok,2026-09-03T14:12:08.421676+00:00,2026-09-03T14:12:08.614615+00:00,"{""door_main"": 0, ""door_sub"": 1, ""node"": ""occ_01"", ""pir_door"": 0, ""pir_seat"": -1}"
26442,3,False,ok,2026-09-03T14:12:09.912585+00:00,2026-09-03T14:12:10.104718+00:00,"{""door_main"": 0, ""door_sub"": 1, ""node"": ""occ_01"", ""pir_door"": 0, ""pir_seat"": -1}"
26443,3,False,ok,2026-09-03T14:12:10.446139+00:00,2026-09-03T14:12:10.619677+00:00,"{""door_main"": 0, ""door_sub"": 1, ""node"": ""occ_01"", ""pir_door"": 0, ""pir_seat"": -1}"
26444,3,False,ok,2026-09-03T14:12:11.459182+00:00,2026-09-03T14:12:11.554702+00:00,"{""door_main"": 0, ""door_sub"": 1, ""node"": ""occ_01"", ""pir_door"": 0, ""pir_seat"": -1}"
26445,3,False,ok,2026-09-03T14:12:12.469703+00:00,2026-09-03T14:12:12.565162+00:00,"{""door_main"": 0, ""door_sub"": 1, ""node"": ""occ_01"", ""pir_door"": 0, ""pir_seat"": -1}"
26446,3,True,ok,2026-09-03T14:12:13.481804+00:00,2026-09-03T14:12:13.684675+00:00,"{""door_main"": 0, ""door_sub"": 1, ""node"": ""occ_01"", ""pir_door"": 1, ""pir_seat"": -1}"
26447,3,False,ok,2026-09-03T14:12:14.957600+00:00,2026-09-03T14:12:15.129999+00:00,"{""door_main"": 0, ""door_sub"": 1, ""node"": ""occ_01"", ""pir_door"": 0, ""pir_seat"": -1}"
26448,3,False,ok,2026-09-03T14:12:15.509573+00:00,2026-09-03T14:12:15.664778+00:00,"{""door_main"": 0, ""door_sub"": 1, ""node"": ""occ_01"", ""pir_door"": 0, ""pir_seat"": -1}"
26449,3,False,ok,2026-09-03T14:12:16.517864+00:00,2026-09-03T14:12:16.605192+00:00,"{""door_main"": 0, ""door_sub"": 1, ""node"": ""occ_01"", ""pir_door"": 0, ""pir_seat"": -1}"
26450,3,True,ok,2026-09-03T14:12:17.532832+00:00,2026-09-03T14:12:17.635493+00:00,"{""door_main"": 0, ""door_sub"": 1, ""node"": ""occ_01"", ""pir_door"": 1, ""pir_seat"": -1}"
26451,3,False,ok,2026-09-03T14:12:18.541645+00:00,2026-09-03T14:12:18.745093+00:00,"{""door_main"": 0, ""door_sub"": 1, ""node"": ""occ_01"", ""pir_door"": 0, ""pir_seat"": -1}"
26452,3,False,ok,2026-09-03T14:12:19.979175+00:00,2026-09-03T14:12:20.129761+00:00,"{""door_main"": 0, ""door_sub"": 1, ""node"": ""occ_01"", ""pir_door"": 0, ""pir_seat"": -1}"
26453,3,True,ok,2026-09-03T14:12:20.566959+00:00,2026-09-03T14:12:20.669790+00:00,"{""door_main"": 0, ""door_sub"": 1, ""node"": ""occ_01"", ""pir_door"": 1, ""pir_seat"": -1}"
26454,3,False,ok,2026-09-03T14:12:21.577802+00:00,2026-09-03T14:12:21.695107+00:00,"{""door_main"": 0, ""door_sub"": 1, ""node"": ""occ_01"", ""pir_door"": 0, ""pir_seat"": -1}"
26455,3,False,ok,2026-09-03T14:12:22.590255+00:00,2026-09-03T14:12:22.736181+00:00,"{""door_main"": 0, ""door_sub"": 1, ""node"": ""occ_01"", ""pir_door"": 0, ""pir_seat"": -1}"
26456,3,False,ok,2026-09-03T14:12:23.601755+00:00,2026-09-03T14:12:23.805204+00:00,"{""door_main"": 0, ""door_sub"": 1, ""node"": ""occ_01"", ""pir_door"": 0, ""pir_seat"": -1}"
26457,3,True,ok,2026-09-03T14:12:25.082881+00:00,2026-09-03T14:12:25.229812+00:00,"{""door_main"": 0, ""door_sub"": 1, ""node"": ""occ_01"", ""pir_door"": 1, ""pir_seat"": -1}"
26458,3,False,ok,2026-09-03T14:12:25.626959+00:00,2026-09-03T14:12:25.740125+00:00,"{""door_main"": 0, ""door_sub"": 1, ""node"": ""occ_01"", ""pir_door"": 0, ""pir_seat"": -1}"
26459,3,False,ok,2026-09-03T14:12:26.637825+00:00,2026-09-03T14:12:26.740326+00:00,"{""door_main"": 0, ""door_sub"": 1, ""node"": ""occ_01"", ""pir_door"": 0, ""pir_seat"": -1}"
26460,3,False,ok,2026-09-03T14:12:27.649767+00:00,2026-09-03T14:12:27.839774+00:00,"{""door_main"": 0, ""door_sub"": 1, ""node"": ""occ_01"", ""pir_door"": 0, ""pir_seat"": -1}"
26461,3,False,ok,2026-09-03T14:12:28.662721+00:00,2026-09-03T14:12:28.834584+00:00,"{""door_main"": 0, ""door_sub"": 1, ""node"": ""occ_01"", ""pir_door"": 0, ""pir_seat"": -1}"
26462,3,False,ok,2026-09-03T14:12:29.987820+00:00,2026-09-03T14:12:30.209747+00:00,"{""door_main"": 0, ""door_sub"": 1, ""node"": ""occ_01"", ""pir_door"": 0, ""pir_seat"": -1}"
26463,3,False,ok,2026-09-03T14:12:30.686738+00:00,2026-09-03T14:12:30.770437+00:00,"{""door_main"": 0, ""door_sub"": 1, ""node"": ""occ_01"", ""pir_door"": 0, ""pir_seat"": -1}"
26464,3,True,ok,2026-09-03T14:12:31.704407+00:00,2026-09-03T14:12:31.794618+00:00,"{""door_main"": 0, ""door_sub"": 1, ""node"": ""occ_01"", ""pir_door"": 1, ""pir_seat"": -1}"
26465,3,False,ok,2026-09-03T14:12:32.713308+00:00,2026-09-03T14:12:32.894844+00:00,"{""door_main"": 0, ""door_sub"": 1, ""node"": ""occ_01"", ""pir_door"": 0, ""pir_seat"": -1}"
26466,3,False,ok,2026-09-03T14:12:33.724481+00:00,2026-09-03T14:12:33.924606+00:00,"{""door_main"": 0, ""door_sub"": 1, ""node"": ""occ_01"", ""pir_door"": 0, ""pir_seat"": -1}"
26467,3,False,ok,2026-09-03T14:12:34.979223+00:00,2026-09-03T14:12:35.120005+00:00,"{""door_main"": 0, ""door_sub"": 1, ""node"": ""occ_01"", ""pir_door"": 0, ""pir_seat"": -1}"
26468,3,True,ok,2026-09-03T14:12:35.746785+00:00,2026-09-03T14:12:35.840668+00:00,"{""door_main"": 0, ""door_sub"": 1, ""node"": ""occ_01"", ""pir_door"": 1, ""pir_seat"": -1}"
26469,3,False,ok,2026-09-03T14:12:36.757985+00:00,2026-09-03T14:12:36.849640+00:00,"{""door_main"": 0, ""door_sub"": 1, ""node"": ""occ_01"", ""pir_door"": 0, ""pir_seat"": -1}"
26470,3,False,ok,2026-09-03T14:12:37.770751+00:00,2026-09-03T14:12:37.984890+00:00,"{""door_main"": 0, ""door_sub"": 1, ""node"": ""occ_01"", ""pir_door"": 0, ""pir_seat"": -1}"
26471,3,True,ok,2026-09-03T14:12:38.781949+00:00,2026-09-03T14:12:38.964685+00:00,"{""door_main"": 0, ""door_sub"": 1, ""node"": ""occ_01"", ""pir_door"": 1, ""pir_seat"": -1}"
26472,3,False,ok,2026-09-03T14:12:40.183197+00:00,2026-09-03T14:12:40.319649+00:00,"{""door_main"": 0, ""door_sub"": 1, ""node"": ""occ_01"", ""pir_door"": 0, ""pir_seat"": -1}"
26473,3,False,ok,2026-09-03T14:12:40.806633+00:00,2026-09-03T14:12:40.899793+00:00,"{""door_main"": 0, ""door_sub"": 1, ""node"": ""occ_01"", ""pir_door"": 0, ""pir_seat"": -1}"
26474,3,False,ok,2026-09-03T14:12:41.817893+00:00,2026-09-03T14:12:41.999821+00:00,"{""door_main"": 0, ""door_sub"": 1, ""node"": ""occ_01"", ""pir_door"": 0, ""pir_seat"": -1}"
26475,3,False,ok,2026-09-03T14:12:42.829942+00:00,2026-09-03T14:12:43.000541+00:00,"{""door_main"": 0, ""door_sub"": 1, ""node"": ""occ_01"", ""pir_door"": 0, ""pir_seat"": -1}"
26476,3,True,ok,2026-09-03T14:12:43.841913+00:00,2026-09-03T14:12:43.965000+00:00,"{""door_main"": 0, ""door_sub"": 1, ""node"": ""occ_01"", ""pir_door"": 1, ""pir_seat"": -1}"
26477,3,False,ok,2026-09-03T14:12:45.065685+00:00,2026-09-03T14:12:45.236487+00:00,"{""door_main"": 0, ""door_sub"": 1, ""node"": ""occ_01"", ""pir_door"": 0, ""pir_seat"": -1}"
26478,3,False,ok,2026-09-03T14:12:45.865936+00:00,2026-09-03T14:12:45.965384+00:00,"{""door_main"": 0, ""door_sub"": 1, ""node"": ""occ_01"", ""pir_door"": 0, ""pir_seat"": -1}"
26479,3,False,ok,2026-09-03T14:12:46.878436+00:00,2026-09-03T14:12:46.959738+00:00,"{""door_main"": 0, ""door_sub"": 1, ""node"": ""occ_01"", ""pir_door"": 0, ""pir_seat"": -1}"
26480,3,True,ok,2026-09-03T14:12:47.892556+00:00,2026-09-03T14:12:48.074630+00:00,"{""door_main"": 0, ""door_sub"": 1, ""node"": ""occ_01"", ""pir_door"": 1, ""pir_seat"": -1}"
26481,3,False,ok,2026-09-03T14:12:48.902142+00:00,2026-09-03T14:12:48.990085+00:00,"{""door_main"": 0, ""door_sub"": 1, ""node"": ""occ_01"", ""pir_door"": 0, ""pir_seat"": -1}"
26482,3,False,ok,2026-09-03T14:12:50.277674+00:00,2026-09-03T14:12:50.401747+00:00,"{""door_main"": 0, ""door_sub"": 1, ""node"": ""occ_01"", ""pir_door"": 0, ""pir_seat"": -1}"
26483,3,False,ok,2026-09-03T14:12:50.925958+00:00,2026-09-03T14:12:51.025500+00:00,"{""door_main"": 0, ""door_sub"": 1, ""node"": ""occ_01"", ""pir_door"": 0, ""pir_seat"": -1}"
26484,3,False,ok,2026-09-03T14:12:51.937887+00:00,2026-09-03T14:12:52.025045+00:00,"{""door_main"": 0, ""door_sub"": 1, ""node"": ""occ_01"", ""pir_door"": 0, ""pir_seat"": -1}"
26485,3,False,ok,2026-09-03T14:12:52.949945+00:00,2026-09-03T14:12:53.139760+00:00,"{""door_main"": 0, ""door_sub"": 1, ""node"": ""occ_01"", ""pir_door"": 0, ""pir_seat"": -1}"
26486,3,False,ok,2026-09-03T14:12:53.962523+00:00,2026-09-03T14:12:54.084646+00:00,"{""door_main"": 0, ""door_sub"": 1, ""node"": ""occ_01"", ""pir_door"": 0, ""pir_seat"": -1}"
26487,3,False,ok,2026-09-03T14:12:55.243385+00:00,2026-09-03T14:12:55.444657+00:00,"{""door_main"": 0, ""door_sub"": 1, ""node"": ""occ_01"", ""pir_door"": 0, ""pir_seat"": -1}"
26488,3,True,ok,2026-09-03T14:12:55.986027+00:00,2026-09-03T14:12:56.064630+00:00,"{""door_main"": 0, ""door_sub"": 1, ""node"": ""occ_01"", ""pir_door"": 1, ""pir_seat"": -1}"
26489,3,False,ok,2026-09-03T14:12:56.999098+00:00,2026-09-03T14:12:57.094626+00:00,"{""door_main"": 0, ""door_sub"": 1, ""node"": ""occ_01"", ""pir_door"": 0, ""pir_seat"": -1}"
26490,3,False,ok,2026-09-03T14:12:58.010081+00:00,2026-09-03T14:12:58.189965+00:00,"{""door_main"": 0, ""door_sub"": 1, ""node"": ""occ_01"", ""pir_door"": 0, ""pir_seat"": -1}"
26491,3,False,ok,2026-09-03T14:12:59.023515+00:00,2026-09-03T14:12:59.204829+00:00,"{""door_main"": 0, ""door_sub"": 1, ""node"": ""occ_01"", ""pir_door"": 0, ""pir_seat"": -1}"
26492,3,True,ok,2026-09-03T14:13:00.292786+00:00,2026-09-03T14:13:00.504631+00:00,"{""door_main"": 0, ""door_sub"": 1, ""node"": ""occ_01"", ""pir_door"": 1, ""pir_seat"": -1}"
26493,3,False,ok,2026-09-03T14:13:01.045970+00:00,2026-09-03T14:13:01.254933+00:00,"{""door_main"": 0, ""door_sub"": 1, ""node"": ""occ_01"", ""pir_door"": 0, ""pir_seat"": -1}"
26494,3,False,ok,2026-09-03T14:13:02.059322+00:00,2026-09-03T14:13:02.154740+00:00,"{""door_main"": 0, ""door_sub"": 1, ""node"": ""occ_01"", ""pir_door"": 0, ""pir_seat"": -1}"
26495,3,False,ok,2026-09-03T14:13:03.070047+00:00,2026-09-03T14:13:03.184525+00:00,"{""door_main"": 0, ""door_sub"": 1, ""node"": ""occ_01"", ""pir_door"": 0, ""pir_seat"": -1}"
26496,3,True,ok,2026-09-03T14:13:04.086101+00:00,2026-09-03T14:13:04.235591+00:00,"{""door_main"": 0, ""door_sub"": 1, ""node"": ""occ_01"", ""pir_door"": 1, ""pir_seat"": -1}"
26497,3,False,ok,2026-09-03T14:13:05.202679+00:00,2026-09-03T14:13:05.436449+00:00,"{""door_main"": 0, ""door_sub"": 1, ""node"": ""occ_01"", ""pir_door"": 0, ""pir_seat"": -1}"
26498,3,False,ok,2026-09-03T14:13:06.107457+00:00,2026-09-03T14:13:06.189590+00:00,"{""door_main"": 0, ""door_sub"": 1, ""node"": ""occ_01"", ""pir_door"": 0, ""pir_seat"": -1}"
26499,3,False,ok,2026-09-03T14:13:07.119724+00:00,2026-09-03T14:13:07.219937+00:00,"{""door_main"": 0, ""door_sub"": 1, ""node"": ""occ_01"", ""pir_door"": 0, ""pir_seat"": -1}"
26500,3,True,ok,2026-09-03T14:13:08.130010+00:00,2026-09-03T14:13:08.349667+00:00,"{""door_main"": 0, ""door_sub"": 1, ""node"": ""occ_01"", ""pir_door"": 1, ""pir_seat"": -1}"
26501,3,False,ok,2026-09-03T14:13:09.142126+00:00,2026-09-03T14:13:09.314851+00:00,"{""door_main"": 0, ""door_sub"": 1, ""node"": ""occ_01"", ""pir_door"": 0, ""pir_seat"": -1}"
26502,3,False,ok,2026-09-03T14:13:10.253653+00:00,2026-09-03T14:13:10.460928+00:00,"{""door_main"": 0, ""door_sub"": 1, ""node"": ""occ_01"", ""pir_door"": 0, ""pir_seat"": -1}"
26503,3,False,ok,2026-09-03T14:13:11.169936+00:00,2026-09-03T14:13:11.279883+00:00,"{""door_main"": 0, ""door_sub"": 1, ""node"": ""occ_01"", ""pir_door"": 0, ""pir_seat"": -1}"
26504,3,False,ok,2026-09-03T14:13:12.179050+00:00,2026-09-03T14:13:12.259993+00:00,"{""door_main"": 0, ""door_sub"": 1, ""node"": ""occ_01"", ""pir_door"": 0, ""pir_seat"": -1}"
26505,3,False,ok,2026-09-03T14:13:13.192843+00:00,2026-09-03T14:13:13.384805+00:00,"{""door_main"": 0, ""door_sub"": 1, ""node"": ""occ_01"", ""pir_door"": 0, ""pir_seat"": -1}"
26506,3,False,ok,2026-09-03T14:13:14.203391+00:00,2026-09-03T14:13:14.364727+00:00,"{""door_main"": 0, ""door_sub"": 1, ""node"": ""occ_01"", ""pir_door"": 0, ""pir_seat"": -1}"
26507,3,False,ok,2026-09-03T14:13:15.313455+00:00,2026-09-03T14:13:15.519877+00:00,"{""door_main"": 0, ""door_sub"": 1, ""node"": ""occ_01"", ""pir_door"": 0, ""pir_seat"": -1}"
26508,3,False,ok,2026-09-03T14:13:16.227243+00:00,2026-09-03T14:13:16.319875+00:00,"{""door_main"": 0, ""door_sub"": 1, ""node"": ""occ_01"", ""pir_door"": 0, ""pir_seat"": -1}"
26509,3,False,ok,2026-09-03T14:13:17.239591+00:00,2026-09-03T14:13:17.324891+00:00,"{""door_main"": 0, ""door_sub"": 1, ""node"": ""occ_01"", ""pir_door"": 0, ""pir_seat"": -1}"
26510,3,False,ok,2026-09-03T14:13:18.251127+00:00,2026-09-03T14:13:18.424665+00:00,"{""door_main"": 0, ""door_sub"": 1, ""node"": ""occ_01"", ""pir_door"": 0, ""pir_seat"": -1}"
26511,3,False,ok,2026-09-03T14:13:19.263569+00:00,2026-09-03T14:13:19.435337+00:00,"{""door_main"": 0, ""door_sub"": 1, ""node"": ""occ_01"", ""pir_door"": 0, ""pir_seat"": -1}"
26512,3,False,ok,2026-09-03T14:13:20.357780+00:00,2026-09-03T14:13:20.534554+00:00,"{""door_main"": 0, ""door_sub"": 1, ""node"": ""occ_01"", ""pir_door"": 0, ""pir_seat"": -1}"
26513,3,False,ok,2026-09-03T14:13:21.288383+00:00,2026-09-03T14:13:21.395037+00:00,"{""door_main"": 0, ""door_sub"": 1, ""node"": ""occ_01"", ""pir_door"": 0, ""pir_seat"": -1}"
26514,3,False,ok,2026-09-03T14:13:22.299397+00:00,2026-09-03T14:13:22.396504+00:00,"{""door_main"": 0, ""door_sub"": 1, ""node"": ""occ_01"", ""pir_door"": 0, ""pir_seat"": -1}"
26515,3,False,ok,2026-09-03T14:13:23.311117+00:00,2026-09-03T14:13:23.484739+00:00,"{""door_main"": 0, ""door_sub"": 1, ""node"": ""occ_01"", ""pir_door"": 0, ""pir_seat"": -1}"
26516,3,False,ok,2026-09-03T14:13:24.323200+00:00,2026-09-03T14:13:24.514999+00:00,"{""door_main"": 0, ""door_sub"": 1, ""node"": ""occ_01"", ""pir_door"": 0, ""pir_seat"": -1}"
26517,3,False,ok,2026-09-03T14:13:25.417654+00:00,2026-09-03T14:13:25.529671+00:00,"{""door_main"": 0, ""door_sub"": 1, ""node"": ""occ_01"", ""pir_door"": 0, ""pir_seat"": -1}"
26518,3,False,ok,2026-09-03T14:13:26.347256+00:00,2026-09-03T14:13:26.440025+00:00,"{""door_main"": 0, ""door_sub"": 1, ""node"": ""occ_01"", ""pir_door"": 0, ""pir_seat"": -1}"
26519,3,True,ok,2026-09-03T14:13:27.358296+00:00,2026-09-03T14:13:27.459652+00:00,"{""door_main"": 0, ""door_sub"": 1, ""node"": ""occ_01"", ""pir_door"": 1, ""pir_seat"": -1}"
26520,3,False,ok,2026-09-03T14:13:28.371398+00:00,2026-09-03T14:13:28.549738+00:00,"{""door_main"": 0, ""door_sub"": 1, ""node"": ""occ_01"", ""pir_door"": 0, ""pir_seat"": -1}"
26521,3,False,ok,2026-09-03T14:13:29.382253+00:00,2026-09-03T14:13:29.529860+00:00,"{""door_main"": 0, ""door_sub"": 1, ""node"": ""occ_01"", ""pir_door"": 0, ""pir_seat"": -1}"
26522,3,False,ok,2026-09-03T14:13:30.397742+00:00,2026-09-03T14:13:30.594661+00:00,"{""door_main"": 0, ""door_sub"": 1, ""node"": ""occ_01"", ""pir_door"": 0, ""pir_seat"": -1}"
26523,3,False,ok,2026-09-03T14:13:31.406282+00:00,2026-09-03T14:13:31.494770+00:00,"{""door_main"": 0, ""door_sub"": 1, ""node"": ""occ_01"", ""pir_door"": 0, ""pir_seat"": -1}"
26524,3,False,ok,2026-09-03T14:13:32.418885+00:00,2026-09-03T14:13:32.584721+00:00,"{""door_main"": 0, ""door_sub"": 1, ""node"": ""occ_01"", ""pir_door"": 0, ""pir_seat"": -1}"
26525,3,False,ok,2026-09-03T14:13:33.434572+00:00,2026-09-03T14:13:33.674575+00:00,"{""door_main"": 0, ""door_sub"": 1, ""node"": ""occ_01"", ""pir_door"": 0, ""pir_seat"": -1}"
26526,3,True,ok,2026-09-03T14:13:34.442254+00:00,2026-09-03T14:13:34.604685+00:00,"{""door_main"": 0, ""door_sub"": 1, ""node"": ""occ_01"", ""pir_door"": 1, ""pir_seat"": -1}"
26527,3,False,ok,2026-09-03T14:13:35.454440+00:00,2026-09-03T14:13:35.540286+00:00,"{""door_main"": 0, ""door_sub"": 1, ""node"": ""occ_01"", ""pir_door"": 0, ""pir_seat"": -1}"
26528,3,False,ok,2026-09-03T14:13:36.468594+00:00,2026-09-03T14:13:36.564694+00:00,"{""door_main"": 0, ""door_sub"": 1, ""node"": ""occ_01"", ""pir_door"": 0, ""pir_seat"": -1}"
26529,3,False,ok,2026-09-03T14:13:37.483156+00:00,2026-09-03T14:13:37.560551+00:00,"{""door_main"": 0, ""door_sub"": 1, ""node"": ""occ_01"", ""pir_door"": 0, ""pir_seat"": -1}"
26530,3,False,ok,2026-09-03T14:13:38.517331+00:00,2026-09-03T14:13:38.694715+00:00,"{""door_main"": 0, ""door_sub"": 1, ""node"": ""occ_01"", ""pir_door"": 0, ""pir_seat"": -1}"
26531,3,False,ok,2026-09-03T14:13:39.531213+00:00,2026-09-03T14:13:39.685019+00:00,"{""door_main"": 0, ""door_sub"": 1, ""node"": ""occ_01"", ""pir_door"": 0, ""pir_seat"": -1}"
26532,3,False,ok,2026-09-03T14:13:40.682864+00:00,2026-09-03T14:13:40.904862+00:00,"{""door_main"": 0, ""door_sub"": 1, ""node"": ""occ_01"", ""pir_door"": 0, ""pir_seat"": -1}"
26533,3,True,ok,2026-09-03T14:13:41.527107+00:00,2026-09-03T14:13:41.765209+00:00,"{""door_main"": 0, ""door_sub"": 1, ""node"": ""occ_01"", ""pir_door"": 1, ""pir_seat"": -1}"
26534,3,False,ok,2026-09-03T14:13:42.538328+00:00,2026-09-03T14:13:42.629968+00:00,"{""door_main"": 0, ""door_sub"": 1, ""node"": ""occ_01"", ""pir_door"": 0, ""pir_seat"": -1}"
26535,3,False,ok,2026-09-03T14:13:43.559045+00:00,2026-09-03T14:13:43.734658+00:00,"{""door_main"": 0, ""door_sub"": 1, ""node"": ""occ_01"", ""pir_door"": 0, ""pir_seat"": -1}"
26536,3,True,ok,2026-09-03T14:13:44.562472+00:00,2026-09-03T14:13:44.754673+00:00,"{""door_main"": 0, ""door_sub"": 1, ""node"": ""occ_01"", ""pir_door"": 1, ""pir_seat"": -1}"
26537,3,False,ok,2026-09-03T14:13:45.574369+00:00,2026-09-03T14:13:45.671334+00:00,"{""door_main"": 0, ""door_sub"": 1, ""node"": ""occ_01"", ""pir_door"": 0, ""pir_seat"": -1}"
26538,3,False,ok,2026-09-03T14:13:46.592350+00:00,2026-09-03T14:13:46.679903+00:00,"{""door_main"": 0, ""door_sub"": 1, ""node"": ""occ_01"", ""pir_door"": 0, ""pir_seat"": -1}"
26539,3,False,ok,2026-09-03T14:13:47.598363+00:00,2026-09-03T14:13:47.759639+00:00,"{""door_main"": 0, ""door_sub"": 1, ""node"": ""occ_01"", ""pir_door"": 0, ""pir_seat"": -1}"
26540,3,True,ok,2026-09-03T14:13:48.610392+00:00,2026-09-03T14:13:48.844607+00:00,"{""door_main"": 0, ""door_sub"": 1, ""node"": ""occ_01"", ""pir_door"": 1, ""pir_seat"": -1}"
26541,3,False,ok,2026-09-03T14:13:49.625360+00:00,2026-09-03T14:13:49.800255+00:00,"{""door_main"": 0, ""door_sub"": 1, ""node"": ""occ_01"", ""pir_door"": 0, ""pir_seat"": -1}"
26542,3,False,ok,2026-09-03T14:13:50.705637+00:00,2026-09-03T14:13:50.919908+00:00,"{""door_main"": 0, ""door_sub"": 1, ""node"": ""occ_01"", ""pir_door"": 0, ""pir_seat"": -1}"
26543,3,False,ok,2026-09-03T14:13:51.646373+00:00,2026-09-03T14:13:51.750355+00:00,"{""door_main"": 0, ""door_sub"": 1, ""node"": ""occ_01"", ""pir_door"": 0, ""pir_seat"": -1}"
26544,3,False,ok,2026-09-03T14:13:52.660458+00:00,2026-09-03T14:13:52.834660+00:00,"{""door_main"": 0, ""door_sub"": 1, ""node"": ""occ_01"", ""pir_door"": 0, ""pir_seat"": -1}"
26545,3,False,ok,2026-09-03T14:13:53.670566+00:00,2026-09-03T14:13:53.829915+00:00,"{""door_main"": 0, ""door_sub"": 1, ""node"": ""occ_01"", ""pir_door"": 0, ""pir_seat"": -1}"
26546,3,False,ok,2026-09-03T14:13:54.682428+00:00,2026-09-03T14:13:54.859845+00:00,"{""door_main"": 0, ""door_sub"": 1, ""node"": ""occ_01"", ""pir_door"": 0, ""pir_seat"": -1}"
26547,3,False,ok,2026-09-03T14:13:55.694441+00:00,2026-09-03T14:13:55.789525+00:00,"{""door_main"": 0, ""door_sub"": 1, ""node"": ""occ_01"", ""pir_door"": 0, ""pir_seat"": -1}"
26548,3,False,ok,2026-09-03T14:13:56.706444+00:00,2026-09-03T14:13:56.794497+00:00,"{""door_main"": 0, ""door_sub"": 1, ""node"": ""occ_01"", ""pir_door"": 0, ""pir_seat"": -1}"
26549,3,False,ok,2026-09-03T14:13:57.719512+00:00,2026-09-03T14:13:57.819821+00:00,"{""door_main"": 0, ""door_sub"": 1, ""node"": ""occ_01"", ""pir_door"": 0, ""pir_seat"": -1}"
26550,3,False,ok,2026-09-03T14:13:58.730417+00:00,2026-09-03T14:13:58.899958+00:00,"{""door_main"": 0, ""door_sub"": 1, ""node"": ""occ_01"", ""pir_door"": 0, ""pir_seat"": -1}"
26551,3,False,ok,2026-09-03T14:13:59.745574+00:00,2026-09-03T14:13:59.975029+00:00,"{""door_main"": 0, ""door_sub"": 1, ""node"": ""occ_01"", ""pir_door"": 0, ""pir_seat"": -1}"
26552,3,False,ok,2026-09-03T14:14:00.947916+00:00,2026-09-03T14:14:01.171674+00:00,"{""door_main"": 0, ""door_sub"": 1, ""node"": ""occ_01"", ""pir_door"": 0, ""pir_seat"": -1}"
26553,3,False,ok,2026-09-03T14:14:01.766446+00:00,2026-09-03T14:14:01.879721+00:00,"{""door_main"": 0, ""door_sub"": 1, ""node"": ""occ_01"", ""pir_door"": 0, ""pir_seat"": -1}"
26554,3,False,ok,2026-09-03T14:14:02.778403+00:00,2026-09-03T14:14:02.949247+00:00,"{""door_main"": 0, ""door_sub"": 1, ""node"": ""occ_01"", ""pir_door"": 0, ""pir_seat"": -1}"
26555,3,False,ok,2026-09-03T14:14:03.790449+00:00,2026-09-03T14:14:03.988644+00:00,"{""door_main"": 0, ""door_sub"": 1, ""node"": ""occ_01"", ""pir_door"": 0, ""pir_seat"": -1}"
26556,3,False,ok,2026-09-03T14:14:04.802428+00:00,2026-09-03T14:14:04.981119+00:00,"{""door_main"": 0, ""door_sub"": 1, ""node"": ""occ_01"", ""pir_door"": 0, ""pir_seat"": -1}"
26557,3,False,ok,2026-09-03T14:14:05.814321+00:00,2026-09-03T14:14:05.916079+00:00,"{""door_main"": 0, ""door_sub"": 1, ""node"": ""occ_01"", ""pir_door"": 0, ""pir_seat"": -1}"
26558,3,False,ok,2026-09-03T14:14:06.826580+00:00,2026-09-03T14:14:06.929706+00:00,"{""door_main"": 0, ""door_sub"": 1, ""node"": ""occ_01"", ""pir_door"": 0, ""pir_seat"": -1}"
26559,3,False,ok,2026-09-03T14:14:07.838141+00:00,2026-09-03T14:14:08.034657+00:00,"{""door_main"": 0, ""door_sub"": 1, ""node"": ""occ_01"", ""pir_door"": 0, ""pir_seat"": -1}"
26560,3,False,ok,2026-09-03T14:14:08.855489+00:00,2026-09-03T14:14:09.030330+00:00,"{""door_main"": 0, ""door_sub"": 1, ""node"": ""occ_01"", ""pir_door"": 0, ""pir_seat"": -1}"
26561,3,True,ok,2026-09-03T14:14:09.862700+00:00,2026-09-03T14:14:10.044629+00:00,"{""door_main"": 0, ""door_sub"": 1, ""node"": ""occ_01"", ""pir_door"": 1, ""pir_seat"": -1}"
26562,3,False,ok,2026-09-03T14:14:10.874509+00:00,2026-09-03T14:14:11.089617+00:00,"{""door_main"": 0, ""door_sub"": 1, ""node"": ""occ_01"", ""pir_door"": 0, ""pir_seat"": -1}"
26563,3,False,ok,2026-09-03T14:14:11.886526+00:00,2026-09-03T14:14:11.969530+00:00,"{""door_main"": 0, ""door_sub"": 1, ""node"": ""occ_01"", ""pir_door"": 0, ""pir_seat"": -1}"
26564,3,False,ok,2026-09-03T14:14:12.898658+00:00,2026-09-03T14:14:13.084621+00:00,"{""door_main"": 0, ""door_sub"": 1, ""node"": ""occ_01"", ""pir_door"": 0, ""pir_seat"": -1}"
26565,3,False,ok,2026-09-03T14:14:13.910698+00:00,2026-09-03T14:14:14.104987+00:00,"{""door_main"": 0, ""door_sub"": 1, ""node"": ""occ_01"", ""pir_door"": 0, ""pir_seat"": -1}"
26566,3,True,ok,2026-09-03T14:14:14.923057+00:00,2026-09-03T14:14:15.060481+00:00,"{""door_main"": 0, ""door_sub"": 1, ""node"": ""occ_01"", ""pir_door"": 1, ""pir_seat"": -1}"
26567,3,False,ok,2026-09-03T14:14:15.934586+00:00,2026-09-03T14:14:16.029580+00:00,"{""door_main"": 0, ""door_sub"": 1, ""node"": ""occ_01"", ""pir_door"": 0, ""pir_seat"": -1}"
26568,3,False,ok,2026-09-03T14:14:16.946929+00:00,2026-09-03T14:14:17.024670+00:00,"{""door_main"": 0, ""door_sub"": 1, ""node"": ""occ_01"", ""pir_door"": 0, ""pir_seat"": -1}"
26569,3,False,ok,2026-09-03T14:14:17.958586+00:00,2026-09-03T14:14:18.115532+00:00,"{""door_main"": 0, ""door_sub"": 1, ""node"": ""occ_01"", ""pir_door"": 0, ""pir_seat"": -1}"
26570,3,False,ok,2026-09-03T14:14:18.970742+00:00,2026-09-03T14:14:19.120015+00:00,"{""door_main"": 0, ""door_sub"": 1, ""node"": ""occ_01"", ""pir_door"": 0, ""pir_seat"": -1}"
26571,3,False,ok,2026-09-03T14:14:19.982575+00:00,2026-09-03T14:14:20.116564+00:00,"{""door_main"": 0, ""door_sub"": 1, ""node"": ""occ_01"", ""pir_door"": 0, ""pir_seat"": -1}"
26572,3,False,ok,2026-09-03T14:14:21.022857+00:00,2026-09-03T14:14:21.254656+00:00,"{""door_main"": 0, ""door_sub"": 1, ""node"": ""occ_01"", ""pir_door"": 0, ""pir_seat"": -1}"
26573,3,False,ok,2026-09-03T14:14:22.006556+00:00,2026-09-03T14:14:22.106308+00:00,"{""door_main"": 0, ""door_sub"": 1, ""node"": ""occ_01"", ""pir_door"": 0, ""pir_seat"": -1}"
26574,3,True,ok,2026-09-03T14:14:23.018669+00:00,2026-09-03T14:14:23.170426+00:00,"{""door_main"": 0, ""door_sub"": 1, ""node"": ""occ_01"", ""pir_door"": 1, ""pir_seat"": -1}"
26575,3,False,ok,2026-09-03T14:14:24.030582+00:00,2026-09-03T14:14:24.230952+00:00,"{""door_main"": 0, ""door_sub"": 1, ""node"": ""occ_01"", ""pir_door"": 0, ""pir_seat"": -1}"
26576,3,False,ok,2026-09-03T14:14:25.046627+00:00,2026-09-03T14:14:25.250879+00:00,"{""door_main"": 0, ""door_sub"": 1, ""node"": ""occ_01"", ""pir_door"": 0, ""pir_seat"": -1}"
26577,3,False,ok,2026-09-03T14:14:26.054765+00:00,2026-09-03T14:14:26.181087+00:00,"{""door_main"": 0, ""door_sub"": 1, ""node"": ""occ_01"", ""pir_door"": 0, ""pir_seat"": -1}"
26578,3,True,ok,2026-09-03T14:14:27.066671+00:00,2026-09-03T14:14:27.154818+00:00,"{""door_main"": 0, ""door_sub"": 1, ""node"": ""occ_01"", ""pir_door"": 1, ""pir_seat"": -1}"
26579,3,False,ok,2026-09-03T14:14:28.078618+00:00,2026-09-03T14:14:28.245936+00:00,"{""door_main"": 0, ""door_sub"": 1, ""node"": ""occ_01"", ""pir_door"": 0, ""pir_seat"": -1}"
26580,3,False,ok,2026-09-03T14:14:29.092968+00:00,2026-09-03T14:14:29.229941+00:00,"{""door_main"": 0, ""door_sub"": 1, ""node"": ""occ_01"", ""pir_door"": 0, ""pir_seat"": -1}"
26581,3,False,ok,2026-09-03T14:14:30.104340+00:00,2026-09-03T14:14:30.275241+00:00,"{""door_main"": 0, ""door_sub"": 1, ""node"": ""occ_01"", ""pir_door"": 0, ""pir_seat"": -1}"
26582,3,False,ok,2026-09-03T14:14:31.162763+00:00,2026-09-03T14:14:31.341697+00:00,"{""door_main"": 0, ""door_sub"": 1, ""node"": ""occ_01"", ""pir_door"": 0, ""pir_seat"": -1}"
26583,3,False,ok,2026-09-03T14:14:32.128742+00:00,2026-09-03T14:14:32.240683+00:00,"{""door_main"": 0, ""door_sub"": 1, ""node"": ""occ_01"", ""pir_door"": 0, ""pir_seat"": -1}"
26584,3,False,ok,2026-09-03T14:14:33.138713+00:00,2026-09-03T14:14:33.255502+00:00,"{""door_main"": 0, ""door_sub"": 1, ""node"": ""occ_01"", ""pir_door"": 0, ""pir_seat"": -1}"
26585,3,False,ok,2026-09-03T14:14:34.151378+00:00,2026-09-03T14:14:34.371681+00:00,"{""door_main"": 0, ""door_sub"": 1, ""node"": ""occ_01"", ""pir_door"": 0, ""pir_seat"": -1}"
26586,3,False,ok,2026-09-03T14:14:35.164460+00:00,2026-09-03T14:14:35.359990+00:00,"{""door_main"": 0, ""door_sub"": 1, ""node"": ""occ_01"", ""pir_door"": 0, ""pir_seat"": -1}"
26587,3,False,ok,2026-09-03T14:14:36.313732+00:00,2026-09-03T14:14:36.515717+00:00,"{""door_main"": 0, ""door_sub"": 1, ""node"": ""occ_01"", ""pir_door"": 0, ""pir_seat"": -1}"
26588,3,False,ok,2026-09-03T14:14:37.188435+00:00,2026-09-03T14:14:37.274655+00:00,"{""door_main"": 0, ""door_sub"": 1, ""node"": ""occ_01"", ""pir_door"": 0, ""pir_seat"": -1}"
26589,3,False,ok,2026-09-03T14:14:38.198969+00:00,2026-09-03T14:14:38.380308+00:00,"{""door_main"": 0, ""door_sub"": 1, ""node"": ""occ_01"", ""pir_door"": 0, ""pir_seat"": -1}"
26590,3,False,ok,2026-09-03T14:14:39.210729+00:00,2026-09-03T14:14:39.395494+00:00,"{""door_main"": 0, ""door_sub"": 1, ""node"": ""occ_01"", ""pir_door"": 0, ""pir_seat"": -1}"
26591,3,True,ok,2026-09-03T14:14:40.224340+00:00,2026-09-03T14:14:40.429968+00:00,"{""door_main"": 0, ""door_sub"": 1, ""node"": ""occ_01"", ""pir_door"": 1, ""pir_seat"": -1}"
26592,3,False,ok,2026-09-03T14:14:41.278036+00:00,2026-09-03T14:14:41.494565+00:00,"{""door_main"": 0, ""door_sub"": 1, ""node"": ""occ_01"", ""pir_door"": 0, ""pir_seat"": -1}"
26593,3,False,ok,2026-09-03T14:14:42.253609+00:00,2026-09-03T14:14:42.355153+00:00,"{""door_main"": 0, ""door_sub"": 1, ""node"": ""occ_01"", ""pir_door"": 0, ""pir_seat"": -1}"
26594,3,False,ok,2026-09-03T14:14:43.260730+00:00,2026-09-03T14:14:43.494671+00:00,"{""door_main"": 0, ""door_sub"": 1, ""node"": ""occ_01"", ""pir_door"": 0, ""pir_seat"": -1}"
26595,3,True,ok,2026-09-03T14:14:44.272743+00:00,2026-09-03T14:14:44.479750+00:00,"{""door_main"": 0, ""door_sub"": 1, ""node"": ""occ_01"", ""pir_door"": 1, ""pir_seat"": -1}"
26596,3,False,ok,2026-09-03T14:14:45.282875+00:00,2026-09-03T14:14:45.380134+00:00,"{""door_main"": 0, ""door_sub"": 1, ""node"": ""occ_01"", ""pir_door"": 0, ""pir_seat"": -1}"
26597,3,False,ok,2026-09-03T14:14:46.294762+00:00,2026-09-03T14:14:46.384653+00:00,"{""door_main"": 0, ""door_sub"": 1, ""node"": ""occ_01"", ""pir_door"": 0, ""pir_seat"": -1}"
26598,3,False,ok,2026-09-03T14:14:47.306809+00:00,2026-09-03T14:14:47.394857+00:00,"{""door_main"": 0, ""door_sub"": 1, ""node"": ""occ_01"", ""pir_door"": 0, ""pir_seat"": -1}"
26599,3,False,ok,2026-09-03T14:14:48.318785+00:00,2026-09-03T14:14:48.514779+00:00,"{""door_main"": 0, ""door_sub"": 1, ""node"": ""occ_01"", ""pir_door"": 0, ""pir_seat"": -1}"
26600,3,False,ok,2026-09-03T14:14:49.332574+00:00,2026-09-03T14:14:49.524571+00:00,"{""door_main"": 0, ""door_sub"": 1, ""node"": ""occ_01"", ""pir_door"": 0, ""pir_seat"": -1}"
26601,3,False,ok,2026-09-03T14:14:50.342839+00:00,2026-09-03T14:14:50.489831+00:00,"{""door_main"": 0, ""door_sub"": 1, ""node"": ""occ_01"", ""pir_door"": 0, ""pir_seat"": -1}"
26602,3,False,ok,2026-09-03T14:14:51.356375+00:00,2026-09-03T14:14:51.464711+00:00,"{""door_main"": 0, ""door_sub"": 1, ""node"": ""occ_01"", ""pir_door"": 0, ""pir_seat"": -1}"
26603,3,False,ok,2026-09-03T14:14:52.366904+00:00,2026-09-03T14:14:52.460199+00:00,"{""door_main"": 0, ""door_sub"": 1, ""node"": ""occ_01"", ""pir_door"": 0, ""pir_seat"": -1}"
26604,3,True,ok,2026-09-03T14:14:53.378968+00:00,2026-09-03T14:14:53.580249+00:00,"{""door_main"": 0, ""door_sub"": 1, ""node"": ""occ_01"", ""pir_door"": 1, ""pir_seat"": -1}"
26605,3,False,ok,2026-09-03T14:14:54.390949+00:00,2026-09-03T14:14:54.589977+00:00,"{""door_main"": 0, ""door_sub"": 1, ""node"": ""occ_01"", ""pir_door"": 0, ""pir_seat"": -1}"
26606,3,False,ok,2026-09-03T14:14:55.404412+00:00,2026-09-03T14:14:55.494630+00:00,"{""door_main"": 0, ""door_sub"": 1, ""node"": ""occ_01"", ""pir_door"": 0, ""pir_seat"": -1}"
26607,3,False,ok,2026-09-03T14:14:56.416405+00:00,2026-09-03T14:14:56.505194+00:00,"{""door_main"": 0, ""door_sub"": 1, ""node"": ""occ_01"", ""pir_door"": 0, ""pir_seat"": -1}"
26608,3,False,ok,2026-09-03T14:14:57.430307+00:00,2026-09-03T14:14:57.519752+00:00,"{""door_main"": 0, ""door_sub"": 1, ""node"": ""occ_01"", ""pir_door"": 0, ""pir_seat"": -1}"
26609,3,False,ok,2026-09-03T14:14:58.439004+00:00,2026-09-03T14:14:58.609889+00:00,"{""door_main"": 0, ""door_sub"": 1, ""node"": ""occ_01"", ""pir_door"": 0, ""pir_seat"": -1}"
26610,3,False,ok,2026-09-03T14:14:59.452538+00:00,2026-09-03T14:14:59.665356+00:00,"{""door_main"": 0, ""door_sub"": 1, ""node"": ""occ_01"", ""pir_door"": 0, ""pir_seat"": -1}"
26611,3,False,ok,2026-09-03T14:15:00.464528+00:00,2026-09-03T14:15:00.654766+00:00,"{""door_main"": 0, ""door_sub"": 1, ""node"": ""occ_01"", ""pir_door"": 0, ""pir_seat"": -1}"
26612,3,False,ok,2026-09-03T14:15:01.542779+00:00,2026-09-03T14:15:01.634946+00:00,"{""door_main"": 0, ""door_sub"": 1, ""node"": ""occ_01"", ""pir_door"": 0, ""pir_seat"": -1}"
26613,3,False,ok,2026-09-03T14:15:02.490098+00:00,2026-09-03T14:15:02.584638+00:00,"{""door_main"": 0, ""door_sub"": 1, ""node"": ""occ_01"", ""pir_door"": 0, ""pir_seat"": -1}"
26614,3,False,ok,2026-09-03T14:15:03.499026+00:00,2026-09-03T14:15:03.953309+00:00,"{""door_main"": 0, ""door_sub"": 1, ""node"": ""occ_01"", ""pir_door"": 0, ""pir_seat"": -1}"
26615,3,False,ok,2026-09-03T14:15:04.510915+00:00,2026-09-03T14:15:04.700358+00:00,"{""door_main"": 0, ""door_sub"": 1, ""node"": ""occ_01"", ""pir_door"": 0, ""pir_seat"": -1}"
26616,3,False,ok,2026-09-03T14:15:05.888055+00:00,2026-09-03T14:15:05.990011+00:00,"{""door_main"": 0, ""door_sub"": 1, ""node"": ""occ_01"", ""pir_door"": 0, ""pir_seat"": -1}"
26617,3,False,ok,2026-09-03T14:15:06.535037+00:00,2026-09-03T14:15:06.664801+00:00,"{""door_main"": 0, ""door_sub"": 1, ""node"": ""occ_01"", ""pir_door"": 0, ""pir_seat"": -1}"
26618,3,False,ok,2026-09-03T14:15:07.547030+00:00,2026-09-03T14:15:07.699441+00:00,"{""door_main"": 0, ""door_sub"": 1, ""node"": ""occ_01"", ""pir_door"": 0, ""pir_seat"": -1}"
26619,3,False,ok,2026-09-03T14:15:08.561422+00:00,2026-09-03T14:15:08.720259+00:00,"{""door_main"": 0, ""door_sub"": 1, ""node"": ""occ_01"", ""pir_door"": 0, ""pir_seat"": -1}"
26620,3,False,ok,2026-09-03T14:15:09.571304+00:00,2026-09-03T14:15:09.770623+00:00,"{""door_main"": 0, ""door_sub"": 1, ""node"": ""occ_01"", ""pir_door"": 0, ""pir_seat"": -1}"
26621,3,False,ok,2026-09-03T14:15:11.181979+00:00,2026-09-03T14:15:11.399657+00:00,"{""door_main"": 0, ""door_sub"": 1, ""node"": ""occ_01"", ""pir_door"": 0, ""pir_seat"": -1}"
26622,3,False,ok,2026-09-03T14:15:11.643950+00:00,2026-09-03T14:15:11.820430+00:00,"{""door_main"": 0, ""door_sub"": 1, ""node"": ""occ_01"", ""pir_door"": 0, ""pir_seat"": -1}"
26623,3,True,ok,2026-09-03T14:15:12.609302+00:00,2026-09-03T14:15:12.729794+00:00,"{""door_main"": 0, ""door_sub"": 1, ""node"": ""occ_01"", ""pir_door"": 1, ""pir_seat"": -1}"
26624,3,False,ok,2026-09-03T14:15:13.622629+00:00,2026-09-03T14:15:13.799904+00:00,"{""door_main"": 0, ""door_sub"": 1, ""node"": ""occ_01"", ""pir_door"": 0, ""pir_seat"": -1}"
26625,3,False,ok,2026-09-03T14:15:14.631219+00:00,2026-09-03T14:15:14.819811+00:00,"{""door_main"": 0, ""door_sub"": 1, ""node"": ""occ_01"", ""pir_door"": 0, ""pir_seat"": -1}"
26626,3,False,ok,2026-09-03T14:15:15.907982+00:00,2026-09-03T14:15:15.994648+00:00,"{""door_main"": 0, ""door_sub"": 1, ""node"": ""occ_01"", ""pir_door"": 0, ""pir_seat"": -1}"
26627,3,False,ok,2026-09-03T14:15:16.656605+00:00,2026-09-03T14:15:16.749734+00:00,"{""door_main"": 0, ""door_sub"": 1, ""node"": ""occ_01"", ""pir_door"": 0, ""pir_seat"": -1}"
26628,3,False,ok,2026-09-03T14:15:17.672019+00:00,2026-09-03T14:15:17.760453+00:00,"{""door_main"": 0, ""door_sub"": 1, ""node"": ""occ_01"", ""pir_door"": 0, ""pir_seat"": -1}"
26629,3,False,ok,2026-09-03T14:15:18.682186+00:00,2026-09-03T14:15:18.855733+00:00,"{""door_main"": 0, ""door_sub"": 1, ""node"": ""occ_01"", ""pir_door"": 0, ""pir_seat"": -1}"
26630,3,True,ok,2026-09-03T14:15:19.692637+00:00,2026-09-03T14:15:19.879932+00:00,"{""door_main"": 0, ""door_sub"": 1, ""node"": ""occ_01"", ""pir_door"": 1, ""pir_seat"": -1}"
26631,3,False,ok,2026-09-03T14:15:21.202833+00:00,2026-09-03T14:15:21.404700+00:00,"{""door_main"": 0, ""door_sub"": 1, ""node"": ""occ_01"", ""pir_door"": 0, ""pir_seat"": -1}"
26632,3,False,ok,2026-09-03T14:15:21.715062+00:00,2026-09-03T14:15:21.804552+00:00,"{""door_main"": 0, ""door_sub"": 1, ""node"": ""occ_01"", ""pir_door"": 0, ""pir_seat"": -1}"
26633,3,False,ok,2026-09-03T14:15:22.728710+00:00,2026-09-03T14:15:22.809623+00:00,"{""door_main"": 0, ""door_sub"": 1, ""node"": ""occ_01"", ""pir_door"": 0, ""pir_seat"": -1}"
26634,3,False,ok,2026-09-03T14:15:23.739149+00:00,2026-09-03T14:15:23.919777+00:00,"{""door_main"": 0, ""door_sub"": 1, ""node"": ""occ_01"", ""pir_door"": 0, ""pir_seat"": -1}"
26635,3,False,ok,2026-09-03T14:15:24.751051+00:00,2026-09-03T14:15:24.909547+00:00,"{""door_main"": 0, ""door_sub"": 1, ""node"": ""occ_01"", ""pir_door"": 0, ""pir_seat"": -1}"
26636,3,False,ok,2026-09-03T14:15:25.987700+00:00,2026-09-03T14:15:26.074705+00:00,"{""door_main"": 0, ""door_sub"": 1, ""node"": ""occ_01"", ""pir_door"": 0, ""pir_seat"": -1}"
26637,3,True,ok,2026-09-03T14:15:26.775138+00:00,2026-09-03T14:15:26.865158+00:00,"{""door_main"": 0, ""door_sub"": 1, ""node"": ""occ_01"", ""pir_door"": 1, ""pir_seat"": -1}"
26638,3,False,ok,2026-09-03T14:15:27.788150+00:00,2026-09-03T14:15:27.885760+00:00,"{""door_main"": 0, ""door_sub"": 1, ""node"": ""occ_01"", ""pir_door"": 0, ""pir_seat"": -1}"
26639,3,False,ok,2026-09-03T14:15:28.799304+00:00,2026-09-03T14:15:28.984764+00:00,"{""door_main"": 0, ""door_sub"": 1, ""node"": ""occ_01"", ""pir_door"": 0, ""pir_seat"": -1}"
26640,3,True,ok,2026-09-03T14:15:29.813081+00:00,2026-09-03T14:15:29.989916+00:00,"{""door_main"": 0, ""door_sub"": 1, ""node"": ""occ_01"", ""pir_door"": 1, ""pir_seat"": -1}"
26641,3,False,ok,2026-09-03T14:15:31.222008+00:00,2026-09-03T14:15:31.391660+00:00,"{""door_main"": 0, ""door_sub"": 1, ""node"": ""occ_01"", ""pir_door"": 0, ""pir_seat"": -1}"
26642,3,False,ok,2026-09-03T14:15:31.836773+00:00,2026-09-03T14:15:31.974713+00:00,"{""door_main"": 0, ""door_sub"": 1, ""node"": ""occ_01"", ""pir_door"": 0, ""pir_seat"": -1}"
26643,3,False,ok,2026-09-03T14:15:32.847103+00:00,2026-09-03T14:15:32.934735+00:00,"{""door_main"": 0, ""door_sub"": 1, ""node"": ""occ_01"", ""pir_door"": 0, ""pir_seat"": -1}"
26644,3,False,ok,2026-09-03T14:15:33.865021+00:00,2026-09-03T14:15:34.024624+00:00,"{""door_main"": 0, ""door_sub"": 1, ""node"": ""occ_01"", ""pir_door"": 0, ""pir_seat"": -1}"
26645,3,False,ok,2026-09-03T14:15:34.871150+00:00,2026-09-03T14:15:35.029814+00:00,"{""door_main"": 0, ""door_sub"": 1, ""node"": ""occ_01"", ""pir_door"": 0, ""pir_seat"": -1}"
26646,3,False,ok,2026-09-03T14:15:36.012919+00:00,2026-09-03T14:15:36.105116+00:00,"{""door_main"": 0, ""door_sub"": 1, ""node"": ""occ_01"", ""pir_door"": 0, ""pir_seat"": -1}"
26647,3,True,ok,2026-09-03T14:15:36.896104+00:00,2026-09-03T14:15:36.994560+00:00,"{""door_main"": 0, ""door_sub"": 1, ""node"": ""occ_01"", ""pir_door"": 1, ""pir_seat"": -1}"
26648,3,False,ok,2026-09-03T14:15:37.907289+00:00,2026-09-03T14:15:37.995231+00:00,"{""door_main"": 0, ""door_sub"": 1, ""node"": ""occ_01"", ""pir_door"": 0, ""pir_seat"": -1}"
26649,3,False,ok,2026-09-03T14:15:38.920755+00:00,2026-09-03T14:15:39.093389+00:00,"{""door_main"": 0, ""door_sub"": 1, ""node"": ""occ_01"", ""pir_door"": 0, ""pir_seat"": -1}"
26650,3,False,ok,2026-09-03T14:15:39.932795+00:00,2026-09-03T14:15:40.100540+00:00,"{""door_main"": 0, ""door_sub"": 1, ""node"": ""occ_01"", ""pir_door"": 0, ""pir_seat"": -1}"
26651,3,False,ok,2026-09-03T14:15:41.337916+00:00,2026-09-03T14:15:41.550445+00:00,"{""door_main"": 0, ""door_sub"": 1, ""node"": ""occ_01"", ""pir_door"": 0, ""pir_seat"": -1}"
26652,3,False,ok,2026-09-03T14:15:41.955207+00:00,2026-09-03T14:15:42.049875+00:00,"{""door_main"": 0, ""door_sub"": 1, ""node"": ""occ_01"", ""pir_door"": 0, ""pir_seat"": -1}"
26653,3,False,ok,2026-09-03T14:15:42.967325+00:00,2026-09-03T14:15:43.064778+00:00,"{""door_main"": 0, ""door_sub"": 1, ""node"": ""occ_01"", ""pir_door"": 0, ""pir_seat"": -1}"
26654,3,False,ok,2026-09-03T14:15:43.982182+00:00,2026-09-03T14:15:44.120496+00:00,"{""door_main"": 0, ""door_sub"": 1, ""node"": ""occ_01"", ""pir_door"": 0, ""pir_seat"": -1}"
26655,3,False,ok,2026-09-03T14:15:44.994906+00:00,2026-09-03T14:15:45.169582+00:00,"{""door_main"": 0, ""door_sub"": 1, ""node"": ""occ_01"", ""pir_door"": 0, ""pir_seat"": -1}"
26656,3,False,ok,2026-09-03T14:15:46.107782+00:00,2026-09-03T14:15:46.190242+00:00,"{""door_main"": 0, ""door_sub"": 1, ""node"": ""occ_01"", ""pir_door"": 0, ""pir_seat"": -1}"
26657,3,False,ok,2026-09-03T14:15:47.015469+00:00,2026-09-03T14:15:47.114718+00:00,"{""door_main"": 0, ""door_sub"": 1, ""node"": ""occ_01"", ""pir_door"": 0, ""pir_seat"": -1}"
26658,3,True,ok,2026-09-03T14:15:48.027323+00:00,2026-09-03T14:15:48.229474+00:00,"{""door_main"": 0, ""door_sub"": 1, ""node"": ""occ_01"", ""pir_door"": 1, ""pir_seat"": -1}"
26659,3,False,ok,2026-09-03T14:15:49.040689+00:00,2026-09-03T14:15:49.209630+00:00,"{""door_main"": 0, ""door_sub"": 1, ""node"": ""occ_01"", ""pir_door"": 0, ""pir_seat"": -1}"
26660,3,False,ok,2026-09-03T14:15:50.051254+00:00,2026-09-03T14:15:50.234574+00:00,"{""door_main"": 0, ""door_sub"": 1, ""node"": ""occ_01"", ""pir_door"": 0, ""pir_seat"": -1}"
26661,3,False,ok,2026-09-03T14:15:51.337780+00:00,2026-09-03T14:15:51.434734+00:00,"{""door_main"": 0, ""door_sub"": 1, ""node"": ""occ_01"", ""pir_door"": 0, ""pir_seat"": -1}"
26662,3,False,ok,2026-09-03T14:15:52.077284+00:00,2026-09-03T14:15:52.170198+00:00,"{""door_main"": 0, ""door_sub"": 1, ""node"": ""occ_01"", ""pir_door"": 0, ""pir_seat"": -1}"
26663,3,False,ok,2026-09-03T14:15:53.087283+00:00,2026-09-03T14:15:53.194652+00:00,"{""door_main"": 0, ""door_sub"": 1, ""node"": ""occ_01"", ""pir_door"": 0, ""pir_seat"": -1}"
26664,3,False,ok,2026-09-03T14:15:54.100638+00:00,2026-09-03T14:15:54.309637+00:00,"{""door_main"": 0, ""door_sub"": 1, ""node"": ""occ_01"", ""pir_door"": 0, ""pir_seat"": -1}"
26665,3,False,ok,2026-09-03T14:15:55.112914+00:00,2026-09-03T14:15:55.304689+00:00,"{""door_main"": 0, ""door_sub"": 1, ""node"": ""occ_01"", ""pir_door"": 0, ""pir_seat"": -1}"
26666,3,False,ok,2026-09-03T14:15:56.142802+00:00,2026-09-03T14:15:56.229599+00:00,"{""door_main"": 0, ""door_sub"": 1, ""node"": ""occ_01"", ""pir_door"": 0, ""pir_seat"": -1}"
26667,3,False,ok,2026-09-03T14:15:57.136887+00:00,2026-09-03T14:15:57.239638+00:00,"{""door_main"": 0, ""door_sub"": 1, ""node"": ""occ_01"", ""pir_door"": 0, ""pir_seat"": -1}"
26668,3,False,ok,2026-09-03T14:15:58.148911+00:00,2026-09-03T14:15:58.340086+00:00,"{""door_main"": 0, ""door_sub"": 1, ""node"": ""occ_01"", ""pir_door"": 0, ""pir_seat"": -1}"
26669,3,False,ok,2026-09-03T14:15:59.159428+00:00,2026-09-03T14:15:59.359810+00:00,"{""door_main"": 0, ""door_sub"": 1, ""node"": ""occ_01"", ""pir_door"": 0, ""pir_seat"": -1}"
26670,3,False,ok,2026-09-03T14:16:00.171493+00:00,2026-09-03T14:16:00.364612+00:00,"{""door_main"": 0, ""door_sub"": 1, ""node"": ""occ_01"", ""pir_door"": 0, ""pir_seat"": -1}"
26671,3,False,ok,2026-09-03T14:16:01.522947+00:00,2026-09-03T14:16:01.689785+00:00,"{""door_main"": 0, ""door_sub"": 1, ""node"": ""occ_01"", ""pir_door"": 0, ""pir_seat"": -1}"
26672,3,False,ok,2026-09-03T14:16:02.202163+00:00,2026-09-03T14:16:02.375764+00:00,"{""door_main"": 0, ""door_sub"": 1, ""node"": ""occ_01"", ""pir_door"": 0, ""pir_seat"": -1}"
26673,3,False,ok,2026-09-03T14:16:03.213316+00:00,2026-09-03T14:16:03.311100+00:00,"{""door_main"": 0, ""door_sub"": 1, ""node"": ""occ_01"", ""pir_door"": 0, ""pir_seat"": -1}"
26674,3,False,ok,2026-09-03T14:16:04.219464+00:00,2026-09-03T14:16:04.405342+00:00,"{""door_main"": 0, ""door_sub"": 1, ""node"": ""occ_01"", ""pir_door"": 0, ""pir_seat"": -1}"
26675,3,False,ok,2026-09-03T14:16:05.236048+00:00,2026-09-03T14:16:05.421318+00:00,"{""door_main"": 0, ""door_sub"": 1, ""node"": ""occ_01"", ""pir_door"": 0, ""pir_seat"": -1}"
26676,3,False,ok,2026-09-03T14:16:06.243355+00:00,2026-09-03T14:16:06.340503+00:00,"{""door_main"": 0, ""door_sub"": 1, ""node"": ""occ_01"", ""pir_door"": 0, ""pir_seat"": -1}"
26677,3,True,ok,2026-09-03T14:16:07.255496+00:00,2026-09-03T14:16:07.480111+00:00,"{""door_main"": 0, ""door_sub"": 1, ""node"": ""occ_01"", ""pir_door"": 1, ""pir_seat"": -1}"
26678,3,False,ok,2026-09-03T14:16:08.267411+00:00,2026-09-03T14:16:08.455568+00:00,"{""door_main"": 0, ""door_sub"": 1, ""node"": ""occ_01"", ""pir_door"": 0, ""pir_seat"": -1}"
26679,3,False,ok,2026-09-03T14:16:09.279443+00:00,2026-09-03T14:16:09.474866+00:00,"{""door_main"": 0, ""door_sub"": 1, ""node"": ""occ_01"", ""pir_door"": 0, ""pir_seat"": -1}"
26680,3,False,ok,2026-09-03T14:16:10.291452+00:00,2026-09-03T14:16:10.505324+00:00,"{""door_main"": 0, ""door_sub"": 1, ""node"": ""occ_01"", ""pir_door"": 0, ""pir_seat"": -1}"
26681,3,False,ok,2026-09-03T14:16:11.558306+00:00,2026-09-03T14:16:11.759862+00:00,"{""door_main"": 0, ""door_sub"": 1, ""node"": ""occ_01"", ""pir_door"": 0, ""pir_seat"": -1}"
26682,3,True,ok,2026-09-03T14:16:12.315399+00:00,2026-09-03T14:16:12.405553+00:00,"{""door_main"": 0, ""door_sub"": 1, ""node"": ""occ_01"", ""pir_door"": 1, ""pir_seat"": -1}"
26683,3,False,ok,2026-09-03T14:16:13.327531+00:00,2026-09-03T14:16:13.524582+00:00,"{""door_main"": 0, ""door_sub"": 1, ""node"": ""occ_01"", ""pir_door"": 0, ""pir_seat"": -1}"
26684,3,False,ok,2026-09-03T14:16:14.341424+00:00,2026-09-03T14:16:14.539744+00:00,"{""door_main"": 0, ""door_sub"": 1, ""node"": ""occ_01"", ""pir_door"": 0, ""pir_seat"": -1}"
26685,3,False,ok,2026-09-03T14:16:15.351504+00:00,2026-09-03T14:16:15.524919+00:00,"{""door_main"": 0, ""door_sub"": 1, ""node"": ""occ_01"", ""pir_door"": 0, ""pir_seat"": -1}"
26686,3,False,ok,2026-09-03T14:16:16.363484+00:00,2026-09-03T14:16:16.454545+00:00,"{""door_main"": 0, ""door_sub"": 1, ""node"": ""occ_01"", ""pir_door"": 0, ""pir_seat"": -1}"
26687,3,True,ok,2026-09-03T14:16:17.375565+00:00,2026-09-03T14:16:17.481123+00:00,"{""door_main"": 0, ""door_sub"": 1, ""node"": ""occ_01"", ""pir_door"": 1, ""pir_seat"": -1}"
26688,3,False,ok,2026-09-03T14:16:18.393163+00:00,2026-09-03T14:16:18.570255+00:00,"{""door_main"": 0, ""door_sub"": 1, ""node"": ""occ_01"", ""pir_door"": 0, ""pir_seat"": -1}"
26689,3,False,ok,2026-09-03T14:16:19.401186+00:00,2026-09-03T14:16:19.574510+00:00,"{""door_main"": 0, ""door_sub"": 1, ""node"": ""occ_01"", ""pir_door"": 0, ""pir_seat"": -1}"
26690,3,False,ok,2026-09-03T14:16:20.411540+00:00,2026-09-03T14:16:20.614608+00:00,"{""door_main"": 0, ""door_sub"": 1, ""node"": ""occ_01"", ""pir_door"": 0, ""pir_seat"": -1}"
26691,3,True,ok,2026-09-03T14:16:21.437768+00:00,2026-09-03T14:16:21.530452+00:00,"{""door_main"": 0, ""door_sub"": 1, ""node"": ""occ_01"", ""pir_door"": 1, ""pir_seat"": -1}"
26692,3,False,ok,2026-09-03T14:16:22.435483+00:00,2026-09-03T14:16:22.534558+00:00,"{""door_main"": 0, ""door_sub"": 1, ""node"": ""occ_01"", ""pir_door"": 0, ""pir_seat"": -1}"
26693,3,False,ok,2026-09-03T14:16:23.447517+00:00,2026-09-03T14:16:23.634619+00:00,"{""door_main"": 0, ""door_sub"": 1, ""node"": ""occ_01"", ""pir_door"": 0, ""pir_seat"": -1}"
26694,3,False,ok,2026-09-03T14:16:24.459406+00:00,2026-09-03T14:16:24.644855+00:00,"{""door_main"": 0, ""door_sub"": 1, ""node"": ""occ_01"", ""pir_door"": 0, ""pir_seat"": -1}"
26695,3,False,ok,2026-09-03T14:16:25.474384+00:00,2026-09-03T14:16:25.594816+00:00,"{""door_main"": 0, ""door_sub"": 1, ""node"": ""occ_01"", ""pir_door"": 0, ""pir_seat"": -1}"
26696,3,True,ok,2026-09-03T14:16:26.486501+00:00,2026-09-03T14:16:26.580039+00:00,"{""door_main"": 0, ""door_sub"": 1, ""node"": ""occ_01"", ""pir_door"": 1, ""pir_seat"": -1}"
26697,3,False,ok,2026-09-03T14:16:27.500368+00:00,2026-09-03T14:16:27.599803+00:00,"{""door_main"": 0, ""door_sub"": 1, ""node"": ""occ_01"", ""pir_door"": 0, ""pir_seat"": -1}"
26698,3,False,ok,2026-09-03T14:16:28.507497+00:00,2026-09-03T14:16:28.689611+00:00,"{""door_main"": 0, ""door_sub"": 1, ""node"": ""occ_01"", ""pir_door"": 0, ""pir_seat"": -1}"
26699,3,False,ok,2026-09-03T14:16:29.520994+00:00,2026-09-03T14:16:29.674706+00:00,"{""door_main"": 0, ""door_sub"": 1, ""node"": ""occ_01"", ""pir_door"": 0, ""pir_seat"": -1}"
26700,3,True,ok,2026-09-03T14:16:30.531475+00:00,2026-09-03T14:16:30.709985+00:00,"{""door_main"": 0, ""door_sub"": 1, ""node"": ""occ_01"", ""pir_door"": 1, ""pir_seat"": -1}"
26701,3,False,ok,2026-09-03T14:16:31.543465+00:00,2026-09-03T14:16:31.644570+00:00,"{""door_main"": 0, ""door_sub"": 1, ""node"": ""occ_01"", ""pir_door"": 0, ""pir_seat"": -1}"
26702,3,False,ok,2026-09-03T14:16:32.555441+00:00,2026-09-03T14:16:32.639970+00:00,"{""door_main"": 0, ""door_sub"": 1, ""node"": ""occ_01"", ""pir_door"": 0, ""pir_seat"": -1}"
26703,3,False,ok,2026-09-03T14:16:33.567424+00:00,2026-09-03T14:16:33.649764+00:00,"{""door_main"": 0, ""door_sub"": 1, ""node"": ""occ_01"", ""pir_door"": 0, ""pir_seat"": -1}"
26704,3,False,ok,2026-09-03T14:16:34.586025+00:00,2026-09-03T14:16:34.684578+00:00,"{""door_main"": 0, ""door_sub"": 1, ""node"": ""occ_01"", ""pir_door"": 0, ""pir_seat"": -1}"
26705,3,False,ok,2026-09-03T14:16:35.593214+00:00,2026-09-03T14:16:35.679778+00:00,"{""door_main"": 0, ""door_sub"": 1, ""node"": ""occ_01"", ""pir_door"": 0, ""pir_seat"": -1}"
26706,3,False,ok,2026-09-03T14:16:36.606479+00:00,2026-09-03T14:16:36.704594+00:00,"{""door_main"": 0, ""door_sub"": 1, ""node"": ""occ_01"", ""pir_door"": 0, ""pir_seat"": -1}"
26707,3,True,ok,2026-09-03T14:16:37.618288+00:00,2026-09-03T14:16:37.709886+00:00,"{""door_main"": 0, ""door_sub"": 1, ""node"": ""occ_01"", ""pir_door"": 1, ""pir_seat"": -1}"
26708,3,False,ok,2026-09-03T14:16:38.630799+00:00,2026-09-03T14:16:38.804435+00:00,"{""door_main"": 0, ""door_sub"": 1, ""node"": ""occ_01"", ""pir_door"": 0, ""pir_seat"": -1}"
26709,3,False,ok,2026-09-03T14:16:39.641029+00:00,2026-09-03T14:16:39.814565+00:00,"{""door_main"": 0, ""door_sub"": 1, ""node"": ""occ_01"", ""pir_door"": 0, ""pir_seat"": -1}"
26710,3,False,ok,2026-09-03T14:16:40.653042+00:00,2026-09-03T14:16:40.739808+00:00,"{""door_main"": 0, ""door_sub"": 1, ""node"": ""occ_01"", ""pir_door"": 0, ""pir_seat"": -1}"
26711,3,False,ok,2026-09-03T14:16:41.663346+00:00,2026-09-03T14:16:41.749585+00:00,"{""door_main"": 0, ""door_sub"": 1, ""node"": ""occ_01"", ""pir_door"": 0, ""pir_seat"": -1}"
26712,3,True,ok,2026-09-03T14:16:42.675331+00:00,2026-09-03T14:16:42.859683+00:00,"{""door_main"": 0, ""door_sub"": 1, ""node"": ""occ_01"", ""pir_door"": 1, ""pir_seat"": -1}"
26713,3,False,ok,2026-09-03T14:16:43.690864+00:00,2026-09-03T14:16:43.779715+00:00,"{""door_main"": 0, ""door_sub"": 1, ""node"": ""occ_01"", ""pir_door"": 0, ""pir_seat"": -1}"
26714,3,False,ok,2026-09-03T14:16:44.700942+00:00,2026-09-03T14:16:44.794600+00:00,"{""door_main"": 0, ""door_sub"": 1, ""node"": ""occ_01"", ""pir_door"": 0, ""pir_seat"": -1}"
26715,3,False,ok,2026-09-03T14:16:45.714340+00:00,2026-09-03T14:16:45.799604+00:00,"{""door_main"": 0, ""door_sub"": 1, ""node"": ""occ_01"", ""pir_door"": 0, ""pir_seat"": -1}"
26716,3,False,ok,2026-09-03T14:16:46.724980+00:00,2026-09-03T14:16:46.809620+00:00,"{""door_main"": 0, ""door_sub"": 1, ""node"": ""occ_01"", ""pir_door"": 0, ""pir_seat"": -1}"
26717,3,False,ok,2026-09-03T14:16:47.735566+00:00,2026-09-03T14:16:47.860079+00:00,"{""door_main"": 0, ""door_sub"": 1, ""node"": ""occ_01"", ""pir_door"": 0, ""pir_seat"": -1}"
26718,3,False,ok,2026-09-03T14:16:48.747459+00:00,2026-09-03T14:16:48.900151+00:00,"{""door_main"": 0, ""door_sub"": 1, ""node"": ""occ_01"", ""pir_door"": 0, ""pir_seat"": -1}"
26719,3,False,ok,2026-09-03T14:16:49.760883+00:00,2026-09-03T14:16:49.954593+00:00,"{""door_main"": 0, ""door_sub"": 1, ""node"": ""occ_01"", ""pir_door"": 0, ""pir_seat"": -1}"
26720,3,False,ok,2026-09-03T14:16:50.777462+00:00,2026-09-03T14:16:50.859715+00:00,"{""door_main"": 0, ""door_sub"": 1, ""node"": ""occ_01"", ""pir_door"": 0, ""pir_seat"": -1}"
26721,3,False,ok,2026-09-03T14:16:51.784780+00:00,2026-09-03T14:16:51.879801+00:00,"{""door_main"": 0, ""door_sub"": 1, ""node"": ""occ_01"", ""pir_door"": 0, ""pir_seat"": -1}"
26722,3,False,ok,2026-09-03T14:16:52.795386+00:00,2026-09-03T14:16:52.899916+00:00,"{""door_main"": 0, ""door_sub"": 1, ""node"": ""occ_01"", ""pir_door"": 0, ""pir_seat"": -1}"
26723,3,True,ok,2026-09-03T14:16:53.807298+00:00,2026-09-03T14:16:53.899734+00:00,"{""door_main"": 0, ""door_sub"": 1, ""node"": ""occ_01"", ""pir_door"": 1, ""pir_seat"": -1}"
26724,3,False,ok,2026-09-03T14:16:54.819411+00:00,2026-09-03T14:16:54.904687+00:00,"{""door_main"": 0, ""door_sub"": 1, ""node"": ""occ_01"", ""pir_door"": 0, ""pir_seat"": -1}"
26725,3,False,ok,2026-09-03T14:16:55.831827+00:00,2026-09-03T14:16:55.920946+00:00,"{""door_main"": 0, ""door_sub"": 1, ""node"": ""occ_01"", ""pir_door"": 0, ""pir_seat"": -1}"
26726,3,False,ok,2026-09-03T14:16:56.844862+00:00,2026-09-03T14:16:56.920100+00:00,"{""door_main"": 0, ""door_sub"": 1, ""node"": ""occ_01"", ""pir_door"": 0, ""pir_seat"": -1}"
26727,3,True,ok,2026-09-03T14:16:57.860541+00:00,2026-09-03T14:16:57.994947+00:00,"{""door_main"": 0, ""door_sub"": 1, ""node"": ""occ_01"", ""pir_door"": 1, ""pir_seat"": -1}"
26728,3,False,ok,2026-09-03T14:16:58.868908+00:00,2026-09-03T14:16:59.096512+00:00,"{""door_main"": 0, ""door_sub"": 1, ""node"": ""occ_01"", ""pir_door"": 0, ""pir_seat"": -1}"
26729,3,False,ok,2026-09-03T14:16:59.882261+00:00,2026-09-03T14:16:59.985614+00:00,"{""door_main"": 0, ""door_sub"": 1, ""node"": ""occ_01"", ""pir_door"": 0, ""pir_seat"": -1}"
26730,3,False,ok,2026-09-03T14:17:00.895481+00:00,2026-09-03T14:17:00.989606+00:00,"{""door_main"": 0, ""door_sub"": 1, ""node"": ""occ_01"", ""pir_door"": 0, ""pir_seat"": -1}"
26731,3,False,ok,2026-09-03T14:17:01.907277+00:00,2026-09-03T14:17:02.004919+00:00,"{""door_main"": 0, ""door_sub"": 1, ""node"": ""occ_01"", ""pir_door"": 0, ""pir_seat"": -1}"
26732,3,False,ok,2026-09-03T14:17:02.915453+00:00,2026-09-03T14:17:03.014734+00:00,"{""door_main"": 0, ""door_sub"": 1, ""node"": ""occ_01"", ""pir_door"": 0, ""pir_seat"": -1}"
26733,3,False,ok,2026-09-03T14:17:03.927434+00:00,2026-09-03T14:17:04.039688+00:00,"{""door_main"": 0, ""door_sub"": 1, ""node"": ""occ_01"", ""pir_door"": 0, ""pir_seat"": -1}"
26734,3,True,ok,2026-09-03T14:17:04.940916+00:00,2026-09-03T14:17:05.037516+00:00,"{""door_main"": 0, ""door_sub"": 1, ""node"": ""occ_01"", ""pir_door"": 1, ""pir_seat"": -1}"
26735,3,False,ok,2026-09-03T14:17:05.952754+00:00,2026-09-03T14:17:06.040455+00:00,"{""door_main"": 0, ""door_sub"": 1, ""node"": ""occ_01"", ""pir_door"": 0, ""pir_seat"": -1}"
26736,3,False,ok,2026-09-03T14:17:06.971139+00:00,2026-09-03T14:17:07.124564+00:00,"{""door_main"": 0, ""door_sub"": 1, ""node"": ""occ_01"", ""pir_door"": 0, ""pir_seat"": -1}"
26737,3,True,ok,2026-09-03T14:17:07.975614+00:00,2026-09-03T14:17:08.134570+00:00,"{""door_main"": 0, ""door_sub"": 1, ""node"": ""occ_01"", ""pir_door"": 1, ""pir_seat"": -1}"
26738,3,False,ok,2026-09-03T14:17:08.988037+00:00,2026-09-03T14:17:09.184837+00:00,"{""door_main"": 0, ""door_sub"": 1, ""node"": ""occ_01"", ""pir_door"": 0, ""pir_seat"": -1}"
26739,3,False,ok,2026-09-03T14:17:09.999375+00:00,2026-09-03T14:17:10.215774+00:00,"{""door_main"": 0, ""door_sub"": 1, ""node"": ""occ_01"", ""pir_door"": 0, ""pir_seat"": -1}"
26740,3,False,ok,2026-09-03T14:17:11.011310+00:00,2026-09-03T14:17:11.107999+00:00,"{""door_main"": 0, ""door_sub"": 1, ""node"": ""occ_01"", ""pir_door"": 0, ""pir_seat"": -1}"
26741,3,True,ok,2026-09-03T14:17:12.023251+00:00,2026-09-03T14:17:12.130100+00:00,"{""door_main"": 0, ""door_sub"": 1, ""node"": ""occ_01"", ""pir_door"": 1, ""pir_seat"": -1}"
26742,3,False,ok,2026-09-03T14:17:13.035297+00:00,2026-09-03T14:17:13.200028+00:00,"{""door_main"": 0, ""door_sub"": 1, ""node"": ""occ_01"", ""pir_door"": 0, ""pir_seat"": -1}"
26743,3,False,ok,2026-09-03T14:17:14.050756+00:00,2026-09-03T14:17:14.259872+00:00,"{""door_main"": 0, ""door_sub"": 1, ""node"": ""occ_01"", ""pir_door"": 0, ""pir_seat"": -1}"
26744,3,False,ok,2026-09-03T14:17:15.062084+00:00,2026-09-03T14:17:15.165496+00:00,"{""door_main"": 0, ""door_sub"": 1, ""node"": ""occ_01"", ""pir_door"": 0, ""pir_seat"": -1}"
26745,3,False,ok,2026-09-03T14:17:16.074306+00:00,2026-09-03T14:17:16.194766+00:00,"{""door_main"": 0, ""door_sub"": 1, ""node"": ""occ_01"", ""pir_door"": 0, ""pir_seat"": -1}"
26746,3,False,ok,2026-09-03T14:17:17.083225+00:00,2026-09-03T14:17:17.171777+00:00,"{""door_main"": 0, ""door_sub"": 1, ""node"": ""occ_01"", ""pir_door"": 0, ""pir_seat"": -1}"
26747,3,False,ok,2026-09-03T14:17:18.098456+00:00,2026-09-03T14:17:18.321574+00:00,"{""door_main"": 0, ""door_sub"": 1, ""node"": ""occ_01"", ""pir_door"": 0, ""pir_seat"": -1}"
26748,3,False,ok,2026-09-03T14:17:19.108987+00:00,2026-09-03T14:17:19.269509+00:00,"{""door_main"": 0, ""door_sub"": 1, ""node"": ""occ_01"", ""pir_door"": 0, ""pir_seat"": -1}"
26749,3,False,ok,2026-09-03T14:17:20.119216+00:00,2026-09-03T14:17:20.319649+00:00,"{""door_main"": 0, ""door_sub"": 1, ""node"": ""occ_01"", ""pir_door"": 0, ""pir_seat"": -1}"
26750,3,True,ok,2026-09-03T14:17:21.131356+00:00,2026-09-03T14:17:21.239931+00:00,"{""door_main"": 0, ""door_sub"": 1, ""node"": ""occ_01"", ""pir_door"": 1, ""pir_seat"": -1}"
26751,3,False,ok,2026-09-03T14:17:22.146362+00:00,2026-09-03T14:17:22.249572+00:00,"{""door_main"": 0, ""door_sub"": 1, ""node"": ""occ_01"", ""pir_door"": 0, ""pir_seat"": -1}"
26752,3,False,ok,2026-09-03T14:17:23.161895+00:00,2026-09-03T14:17:23.254658+00:00,"{""door_main"": 0, ""door_sub"": 1, ""node"": ""occ_01"", ""pir_door"": 0, ""pir_seat"": -1}"
26753,3,False,ok,2026-09-03T14:17:24.167535+00:00,2026-09-03T14:17:24.269335+00:00,"{""door_main"": 0, ""door_sub"": 1, ""node"": ""occ_01"", ""pir_door"": 0, ""pir_seat"": -1}"
26754,3,False,ok,2026-09-03T14:17:25.180995+00:00,2026-09-03T14:17:25.284828+00:00,"{""door_main"": 0, ""door_sub"": 1, ""node"": ""occ_01"", ""pir_door"": 0, ""pir_seat"": -1}"
26755,3,False,ok,2026-09-03T14:17:26.191310+00:00,2026-09-03T14:17:26.294759+00:00,"{""door_main"": 0, ""door_sub"": 1, ""node"": ""occ_01"", ""pir_door"": 0, ""pir_seat"": -1}"
26756,3,True,ok,2026-09-03T14:17:27.204929+00:00,2026-09-03T14:17:27.284808+00:00,"{""door_main"": 0, ""door_sub"": 1, ""node"": ""occ_01"", ""pir_door"": 1, ""pir_seat"": -1}"
26757,3,False,ok,2026-09-03T14:17:28.216853+00:00,2026-09-03T14:17:28.409745+00:00,"{""door_main"": 0, ""door_sub"": 1, ""node"": ""occ_01"", ""pir_door"": 0, ""pir_seat"": -1}"
26758,3,False,ok,2026-09-03T14:17:29.227329+00:00,2026-09-03T14:17:29.420072+00:00,"{""door_main"": 0, ""door_sub"": 1, ""node"": ""occ_01"", ""pir_door"": 0, ""pir_seat"": -1}"
26759,3,False,ok,2026-09-03T14:17:30.239398+00:00,2026-09-03T14:17:30.424983+00:00,"{""door_main"": 0, ""door_sub"": 1, ""node"": ""occ_01"", ""pir_door"": 0, ""pir_seat"": -1}"
26760,3,False,ok,2026-09-03T14:17:31.254428+00:00,2026-09-03T14:17:31.334701+00:00,"{""door_main"": 0, ""door_sub"": 1, ""node"": ""occ_01"", ""pir_door"": 0, ""pir_seat"": -1}"
26761,3,False,ok,2026-09-03T14:17:32.264730+00:00,2026-09-03T14:17:32.381032+00:00,"{""door_main"": 0, ""door_sub"": 1, ""node"": ""occ_01"", ""pir_door"": 0, ""pir_seat"": -1}"
26762,3,False,ok,2026-09-03T14:17:33.275334+00:00,2026-09-03T14:17:33.379726+00:00,"{""door_main"": 0, ""door_sub"": 1, ""node"": ""occ_01"", ""pir_door"": 0, ""pir_seat"": -1}"
26763,3,True,ok,2026-09-03T14:17:34.287380+00:00,2026-09-03T14:17:34.374674+00:00,"{""door_main"": 0, ""door_sub"": 1, ""node"": ""occ_01"", ""pir_door"": 1, ""pir_seat"": -1}"
26764,3,False,ok,2026-09-03T14:17:35.299211+00:00,2026-09-03T14:17:35.384684+00:00,"{""door_main"": 0, ""door_sub"": 1, ""node"": ""occ_01"", ""pir_door"": 0, ""pir_seat"": -1}"
26765,3,False,ok,2026-09-03T14:17:36.312830+00:00,2026-09-03T14:17:36.399830+00:00,"{""door_main"": 0, ""door_sub"": 1, ""node"": ""occ_01"", ""pir_door"": 0, ""pir_seat"": -1}"
26766,3,False,ok,2026-09-03T14:17:37.323253+00:00,2026-09-03T14:17:37.414803+00:00,"{""door_main"": 0, ""door_sub"": 1, ""node"": ""occ_01"", ""pir_door"": 0, ""pir_seat"": -1}"
26767,3,True,ok,2026-09-03T14:17:38.335374+00:00,2026-09-03T14:17:38.510509+00:00,"{""door_main"": 0, ""door_sub"": 1, ""node"": ""occ_01"", ""pir_door"": 1, ""pir_seat"": -1}"
26768,3,False,ok,2026-09-03T14:17:39.350714+00:00,2026-09-03T14:17:39.524572+00:00,"{""door_main"": 0, ""door_sub"": 1, ""node"": ""occ_01"", ""pir_door"": 0, ""pir_seat"": -1}"
26769,3,False,ok,2026-09-03T14:17:40.362962+00:00,2026-09-03T14:17:40.455293+00:00,"{""door_main"": 0, ""door_sub"": 1, ""node"": ""occ_01"", ""pir_door"": 0, ""pir_seat"": -1}"
26770,3,False,ok,2026-09-03T14:17:41.374353+00:00,2026-09-03T14:17:41.469732+00:00,"{""door_main"": 0, ""door_sub"": 1, ""node"": ""occ_01"", ""pir_door"": 0, ""pir_seat"": -1}"
26771,3,False,ok,2026-09-03T14:17:42.384994+00:00,2026-09-03T14:17:42.474500+00:00,"{""door_main"": 0, ""door_sub"": 1, ""node"": ""occ_01"", ""pir_door"": 0, ""pir_seat"": -1}"
26772,3,False,ok,2026-09-03T14:17:43.395243+00:00,2026-09-03T14:17:43.489526+00:00,"{""door_main"": 0, ""door_sub"": 1, ""node"": ""occ_01"", ""pir_door"": 0, ""pir_seat"": -1}"
26773,3,False,ok,2026-09-03T14:17:44.408808+00:00,2026-09-03T14:17:44.559693+00:00,"{""door_main"": 0, ""door_sub"": 1, ""node"": ""occ_01"", ""pir_door"": 0, ""pir_seat"": -1}"
26774,3,True,ok,2026-09-03T14:17:45.423658+00:00,2026-09-03T14:17:45.599622+00:00,"{""door_main"": 0, ""door_sub"": 1, ""node"": ""occ_01"", ""pir_door"": 1, ""pir_seat"": -1}"
26775,3,False,ok,2026-09-03T14:17:46.431391+00:00,2026-09-03T14:17:46.529534+00:00,"{""door_main"": 0, ""door_sub"": 1, ""node"": ""occ_01"", ""pir_door"": 0, ""pir_seat"": -1}"
26776,3,False,ok,2026-09-03T14:17:47.443260+00:00,2026-09-03T14:17:47.559660+00:00,"{""door_main"": 0, ""door_sub"": 1, ""node"": ""occ_01"", ""pir_door"": 0, ""pir_seat"": -1}"
26777,3,False,ok,2026-09-03T14:17:48.455293+00:00,2026-09-03T14:17:48.584861+00:00,"{""door_main"": 0, ""door_sub"": 1, ""node"": ""occ_01"", ""pir_door"": 0, ""pir_seat"": -1}"
26778,3,False,ok,2026-09-03T14:17:49.469254+00:00,2026-09-03T14:17:49.649620+00:00,"{""door_main"": 0, ""door_sub"": 1, ""node"": ""occ_01"", ""pir_door"": 0, ""pir_seat"": -1}"
26779,3,False,ok,2026-09-03T14:17:50.479219+00:00,2026-09-03T14:17:50.599662+00:00,"{""door_main"": 0, ""door_sub"": 1, ""node"": ""occ_01"", ""pir_door"": 0, ""pir_seat"": -1}"
26780,3,False,ok,2026-09-03T14:17:51.491225+00:00,2026-09-03T14:17:51.574632+00:00,"{""door_main"": 0, ""door_sub"": 1, ""node"": ""occ_01"", ""pir_door"": 0, ""pir_seat"": -1}"
26781,3,True,ok,2026-09-03T14:17:52.503194+00:00,2026-09-03T14:17:52.584681+00:00,"{""door_main"": 0, ""door_sub"": 1, ""node"": ""occ_01"", ""pir_door"": 1, ""pir_seat"": -1}"
26782,3,False,ok,2026-09-03T14:17:53.516692+00:00,2026-09-03T14:17:53.619585+00:00,"{""door_main"": 0, ""door_sub"": 1, ""node"": ""occ_01"", ""pir_door"": 0, ""pir_seat"": -1}"
26783,3,False,ok,2026-09-03T14:17:54.530281+00:00,2026-09-03T14:17:54.639804+00:00,"{""door_main"": 0, ""door_sub"": 1, ""node"": ""occ_01"", ""pir_door"": 0, ""pir_seat"": -1}"
26784,3,False,ok,2026-09-03T14:17:55.548375+00:00,2026-09-03T14:17:55.649922+00:00,"{""door_main"": 0, ""door_sub"": 1, ""node"": ""occ_01"", ""pir_door"": 0, ""pir_seat"": -1}"
26785,3,False,ok,2026-09-03T14:17:56.553163+00:00,2026-09-03T14:17:56.634675+00:00,"{""door_main"": 0, ""door_sub"": 1, ""node"": ""occ_01"", ""pir_door"": 0, ""pir_seat"": -1}"
26786,3,False,ok,2026-09-03T14:17:57.565209+00:00,2026-09-03T14:17:57.669738+00:00,"{""door_main"": 0, ""door_sub"": 1, ""node"": ""occ_01"", ""pir_door"": 0, ""pir_seat"": -1}"
26787,3,False,ok,2026-09-03T14:17:58.575258+00:00,2026-09-03T14:17:58.789689+00:00,"{""door_main"": 0, ""door_sub"": 1, ""node"": ""occ_01"", ""pir_door"": 0, ""pir_seat"": -1}"
26788,3,False,ok,2026-09-03T14:17:59.588045+00:00,2026-09-03T14:17:59.785130+00:00,"{""door_main"": 0, ""door_sub"": 1, ""node"": ""occ_01"", ""pir_door"": 0, ""pir_seat"": -1}"
26789,3,False,ok,2026-09-03T14:18:00.601377+00:00,2026-09-03T14:18:00.705332+00:00,"{""door_main"": 0, ""door_sub"": 1, ""node"": ""occ_01"", ""pir_door"": 0, ""pir_seat"": -1}"
26790,3,False,ok,2026-09-03T14:18:01.613281+00:00,2026-09-03T14:18:01.734962+00:00,"{""door_main"": 0, ""door_sub"": 1, ""node"": ""occ_01"", ""pir_door"": 0, ""pir_seat"": -1}"
26791,3,True,ok,2026-09-03T14:18:02.625627+00:00,2026-09-03T14:18:02.729704+00:00,"{""door_main"": 0, ""door_sub"": 1, ""node"": ""occ_01"", ""pir_door"": 1, ""pir_seat"": -1}"
26792,3,False,ok,2026-09-03T14:18:03.635192+00:00,2026-09-03T14:18:03.819112+00:00,"{""door_main"": 0, ""door_sub"": 1, ""node"": ""occ_01"", ""pir_door"": 0, ""pir_seat"": -1}"
26793,3,False,ok,2026-09-03T14:18:04.647240+00:00,2026-09-03T14:18:04.755090+00:00,"{""door_main"": 0, ""door_sub"": 1, ""node"": ""occ_01"", ""pir_door"": 0, ""pir_seat"": -1}"
26794,3,True,ok,2026-09-03T14:18:05.659286+00:00,2026-09-03T14:18:05.760046+00:00,"{""door_main"": 0, ""door_sub"": 1, ""node"": ""occ_01"", ""pir_door"": 1, ""pir_seat"": -1}"
26795,3,False,ok,2026-09-03T14:18:07.307745+00:00,2026-09-03T14:18:07.499594+00:00,"{""door_main"": 0, ""door_sub"": 1, ""node"": ""occ_01"", ""pir_door"": 0, ""pir_seat"": -1}"
26796,3,False,ok,2026-09-03T14:18:08.351727+00:00,2026-09-03T14:18:08.565746+00:00,"{""door_main"": 0, ""door_sub"": 1, ""node"": ""occ_01"", ""pir_door"": 0, ""pir_seat"": -1}"
26797,3,False,ok,2026-09-03T14:18:08.847466+00:00,2026-09-03T14:18:08.994684+00:00,"{""door_main"": 0, ""door_sub"": 1, ""node"": ""occ_01"", ""pir_door"": 0, ""pir_seat"": -1}"
26798,3,False,ok,2026-09-03T14:18:09.706780+00:00,2026-09-03T14:18:09.904574+00:00,"{""door_main"": 0, ""door_sub"": 1, ""node"": ""occ_01"", ""pir_door"": 0, ""pir_seat"": -1}"
26799,3,False,ok,2026-09-03T14:18:10.719127+00:00,2026-09-03T14:18:10.914729+00:00,"{""door_main"": 0, ""door_sub"": 1, ""node"": ""occ_01"", ""pir_door"": 0, ""pir_seat"": -1}"
26800,3,False,ok,2026-09-03T14:18:12.277558+00:00,2026-09-03T14:18:12.490071+00:00,"{""door_main"": 0, ""door_sub"": 1, ""node"": ""occ_01"", ""pir_door"": 0, ""pir_seat"": -1}"
26801,3,False,ok,2026-09-03T14:18:13.437064+00:00,2026-09-03T14:18:13.675340+00:00,"{""door_main"": 0, ""door_sub"": 1, ""node"": ""occ_01"", ""pir_door"": 0, ""pir_seat"": -1}"
26802,3,True,ok,2026-09-03T14:18:13.912200+00:00,2026-09-03T14:18:14.109560+00:00,"{""door_main"": 0, ""door_sub"": 1, ""node"": ""occ_01"", ""pir_door"": 1, ""pir_seat"": -1}"
26803,3,False,ok,2026-09-03T14:18:14.767124+00:00,2026-09-03T14:18:14.870325+00:00,"{""door_main"": 0, ""door_sub"": 1, ""node"": ""occ_01"", ""pir_door"": 0, ""pir_seat"": -1}"
26804,3,False,ok,2026-09-03T14:18:15.779177+00:00,2026-09-03T14:18:15.984903+00:00,"{""door_main"": 0, ""door_sub"": 1, ""node"": ""occ_01"", ""pir_door"": 0, ""pir_seat"": -1}"
26805,3,True,ok,2026-09-03T14:18:17.273551+00:00,2026-09-03T14:18:17.478439+00:00,"{""door_main"": 0, ""door_sub"": 1, ""node"": ""occ_01"", ""pir_door"": 1, ""pir_seat"": -1}"
26806,3,False,ok,2026-09-03T14:18:17.803775+00:00,2026-09-03T14:18:17.944838+00:00,"{""door_main"": 0, ""door_sub"": 1, ""node"": ""occ_01"", ""pir_door"": 0, ""pir_seat"": -1}"
26807,3,False,ok,2026-09-03T14:18:18.816646+00:00,2026-09-03T14:18:18.992280+00:00,"{""door_main"": 0, ""door_sub"": 1, ""node"": ""occ_01"", ""pir_door"": 0, ""pir_seat"": -1}"
26808,3,False,ok,2026-09-03T14:18:19.828780+00:00,2026-09-03T14:18:20.029672+00:00,"{""door_main"": 0, ""door_sub"": 1, ""node"": ""occ_01"", ""pir_door"": 0, ""pir_seat"": -1}"
26809,3,False,ok,2026-09-03T14:18:20.840682+00:00,2026-09-03T14:18:21.060404+00:00,"{""door_main"": 0, ""door_sub"": 1, ""node"": ""occ_01"", ""pir_door"": 0, ""pir_seat"": -1}"
26810,3,False,ok,2026-09-03T14:18:22.123563+00:00,2026-09-03T14:18:22.344755+00:00,"{""door_main"": 0, ""door_sub"": 1, ""node"": ""occ_01"", ""pir_door"": 0, ""pir_seat"": -1}"
26811,3,False,ok,2026-09-03T14:18:22.863171+00:00,2026-09-03T14:18:23.044888+00:00,"{""door_main"": 0, ""door_sub"": 1, ""node"": ""occ_01"", ""pir_door"": 0, ""pir_seat"": -1}"
26812,3,True,ok,2026-09-03T14:18:23.875389+00:00,2026-09-03T14:18:23.974973+00:00,"{""door_main"": 0, ""door_sub"": 1, ""node"": ""occ_01"", ""pir_door"": 1, ""pir_seat"": -1}"
26813,3,False,ok,2026-09-03T14:18:24.888644+00:00,2026-09-03T14:18:24.979769+00:00,"{""door_main"": 0, ""door_sub"": 1, ""node"": ""occ_01"", ""pir_door"": 0, ""pir_seat"": -1}"
26814,3,False,ok,2026-09-03T14:18:25.900661+00:00,2026-09-03T14:18:25.999653+00:00,"{""door_main"": 0, ""door_sub"": 1, ""node"": ""occ_01"", ""pir_door"": 0, ""pir_seat"": -1}"
26815,3,False,ok,2026-09-03T14:18:27.217635+00:00,2026-09-03T14:18:27.409640+00:00,"{""door_main"": 0, ""door_sub"": 1, ""node"": ""occ_01"", ""pir_door"": 0, ""pir_seat"": -1}"
26816,3,False,ok,2026-09-03T14:18:27.926805+00:00,2026-09-03T14:18:28.109579+00:00,"{""door_main"": 0, ""door_sub"": 1, ""node"": ""occ_01"", ""pir_door"": 0, ""pir_seat"": -1}"
26817,3,False,ok,2026-09-03T14:18:28.935214+00:00,2026-09-03T14:18:29.134951+00:00,"{""door_main"": 0, ""door_sub"": 1, ""node"": ""occ_01"", ""pir_door"": 0, ""pir_seat"": -1}"
26818,3,False,ok,2026-09-03T14:18:29.951592+00:00,2026-09-03T14:18:30.149584+00:00,"{""door_main"": 0, ""door_sub"": 1, ""node"": ""occ_01"", ""pir_door"": 0, ""pir_seat"": -1}"
26819,3,False,ok,2026-09-03T14:18:30.960704+00:00,2026-09-03T14:18:31.064570+00:00,"{""door_main"": 0, ""door_sub"": 1, ""node"": ""occ_01"", ""pir_door"": 0, ""pir_seat"": -1}"
26820,3,False,ok,2026-09-03T14:18:32.433485+00:00,2026-09-03T14:18:32.634817+00:00,"{""door_main"": 0, ""door_sub"": 1, ""node"": ""occ_01"", ""pir_door"": 0, ""pir_seat"": -1}"
26821,3,False,ok,2026-09-03T14:18:32.983195+00:00,2026-09-03T14:18:33.205904+00:00,"{""door_main"": 0, ""door_sub"": 1, ""node"": ""occ_01"", ""pir_door"": 0, ""pir_seat"": -1}"
26822,3,False,ok,2026-09-03T14:18:33.995512+00:00,2026-09-03T14:18:34.099975+00:00,"{""door_main"": 0, ""door_sub"": 1, ""node"": ""occ_01"", ""pir_door"": 0, ""pir_seat"": -1}"
26823,3,False,ok,2026-09-03T14:18:35.009702+00:00,2026-09-03T14:18:35.089443+00:00,"{""door_main"": 0, ""door_sub"": 1, ""node"": ""occ_01"", ""pir_door"": 0, ""pir_seat"": -1}"
26824,3,False,ok,2026-09-03T14:18:36.024541+00:00,2026-09-03T14:18:36.109412+00:00,"{""door_main"": 0, ""door_sub"": 1, ""node"": ""occ_01"", ""pir_door"": 0, ""pir_seat"": -1}"
26825,3,False,ok,2026-09-03T14:18:37.221550+00:00,2026-09-03T14:18:37.314722+00:00,"{""door_main"": 0, ""door_sub"": 1, ""node"": ""occ_01"", ""pir_door"": 0, ""pir_seat"": -1}"
26826,3,False,ok,2026-09-03T14:18:38.043091+00:00,2026-09-03T14:18:38.209532+00:00,"{""door_main"": 0, ""door_sub"": 1, ""node"": ""occ_01"", ""pir_door"": 0, ""pir_seat"": -1}"
26827,3,True,ok,2026-09-03T14:18:39.055766+00:00,2026-09-03T14:18:39.236007+00:00,"{""door_main"": 0, ""door_sub"": 1, ""node"": ""occ_01"", ""pir_door"": 1, ""pir_seat"": -1}"
26828,3,False,ok,2026-09-03T14:18:40.070872+00:00,2026-09-03T14:18:40.234543+00:00,"{""door_main"": 0, ""door_sub"": 1, ""node"": ""occ_01"", ""pir_door"": 0, ""pir_seat"": -1}"
26829,3,False,ok,2026-09-03T14:18:41.081310+00:00,2026-09-03T14:18:41.170125+00:00,"{""door_main"": 0, ""door_sub"": 1, ""node"": ""occ_01"", ""pir_door"": 0, ""pir_seat"": -1}"
26830,3,False,ok,2026-09-03T14:18:42.217368+00:00,2026-09-03T14:18:42.304627+00:00,"{""door_main"": 0, ""door_sub"": 1, ""node"": ""occ_01"", ""pir_door"": 0, ""pir_seat"": -1}"
26831,3,False,ok,2026-09-03T14:18:43.103165+00:00,2026-09-03T14:18:43.269981+00:00,"{""door_main"": 0, ""door_sub"": 1, ""node"": ""occ_01"", ""pir_door"": 0, ""pir_seat"": -1}"
26832,3,False,ok,2026-09-03T14:18:44.120961+00:00,2026-09-03T14:18:44.322985+00:00,"{""door_main"": 0, ""door_sub"": 1, ""node"": ""occ_01"", ""pir_door"": 0, ""pir_seat"": -1}"
26833,3,False,ok,2026-09-03T14:18:45.127252+00:00,2026-09-03T14:18:45.225070+00:00,"{""door_main"": 0, ""door_sub"": 1, ""node"": ""occ_01"", ""pir_door"": 0, ""pir_seat"": -1}"
26834,3,False,ok,2026-09-03T14:18:46.139134+00:00,2026-09-03T14:18:46.229621+00:00,"{""door_main"": 0, ""door_sub"": 1, ""node"": ""occ_01"", ""pir_door"": 0, ""pir_seat"": -1}"
26835,3,False,ok,2026-09-03T14:18:47.587475+00:00,2026-09-03T14:18:47.749631+00:00,"{""door_main"": 0, ""door_sub"": 1, ""node"": ""occ_01"", ""pir_door"": 0, ""pir_seat"": -1}"
26836,3,False,ok,2026-09-03T14:18:48.166061+00:00,2026-09-03T14:18:48.359634+00:00,"{""door_main"": 0, ""door_sub"": 1, ""node"": ""occ_01"", ""pir_door"": 0, ""pir_seat"": -1}"
26837,3,True,ok,2026-09-03T14:18:49.175055+00:00,2026-09-03T14:18:49.369742+00:00,"{""door_main"": 0, ""door_sub"": 1, ""node"": ""occ_01"", ""pir_door"": 1, ""pir_seat"": -1}"
26838,3,False,ok,2026-09-03T14:18:50.187160+00:00,2026-09-03T14:18:50.362182+00:00,"{""door_main"": 0, ""door_sub"": 1, ""node"": ""occ_01"", ""pir_door"": 0, ""pir_seat"": -1}"
26839,3,False,ok,2026-09-03T14:18:51.199215+00:00,2026-09-03T14:18:51.349740+00:00,"{""door_main"": 0, ""door_sub"": 1, ""node"": ""occ_01"", ""pir_door"": 0, ""pir_seat"": -1}"
26840,3,False,ok,2026-09-03T14:18:52.596416+00:00,2026-09-03T14:18:52.809512+00:00,"{""door_main"": 0, ""door_sub"": 1, ""node"": ""occ_01"", ""pir_door"": 0, ""pir_seat"": -1}"
26841,3,False,ok,2026-09-03T14:18:53.223498+00:00,2026-09-03T14:18:53.424625+00:00,"{""door_main"": 0, ""door_sub"": 1, ""node"": ""occ_01"", ""pir_door"": 0, ""pir_seat"": -1}"
26842,3,False,ok,2026-09-03T14:18:54.235865+00:00,2026-09-03T14:18:54.319868+00:00,"{""door_main"": 0, ""door_sub"": 1, ""node"": ""occ_01"", ""pir_door"": 0, ""pir_seat"": -1}"
26843,3,False,ok,2026-09-03T14:18:55.248707+00:00,2026-09-03T14:18:55.334799+00:00,"{""door_main"": 0, ""door_sub"": 1, ""node"": ""occ_01"", ""pir_door"": 0, ""pir_seat"": -1}"
26844,3,False,ok,2026-09-03T14:18:56.260642+00:00,2026-09-03T14:18:56.346328+00:00,"{""door_main"": 0, ""door_sub"": 1, ""node"": ""occ_01"", ""pir_door"": 0, ""pir_seat"": -1}"
26845,3,False,ok,2026-09-03T14:18:57.661606+00:00,2026-09-03T14:18:57.864481+00:00,"{""door_main"": 0, ""door_sub"": 1, ""node"": ""occ_01"", ""pir_door"": 0, ""pir_seat"": -1}"
26846,3,False,ok,2026-09-03T14:18:58.283203+00:00,2026-09-03T14:18:58.474628+00:00,"{""door_main"": 0, ""door_sub"": 1, ""node"": ""occ_01"", ""pir_door"": 0, ""pir_seat"": -1}"
26847,3,True,ok,2026-09-03T14:18:59.295185+00:00,2026-09-03T14:18:59.469803+00:00,"{""door_main"": 0, ""door_sub"": 1, ""node"": ""occ_01"", ""pir_door"": 1, ""pir_seat"": -1}"
26848,3,False,ok,2026-09-03T14:19:00.312128+00:00,2026-09-03T14:19:00.464677+00:00,"{""door_main"": 0, ""door_sub"": 1, ""node"": ""occ_01"", ""pir_door"": 0, ""pir_seat"": -1}"
26849,3,False,ok,2026-09-03T14:19:01.322986+00:00,2026-09-03T14:19:01.527512+00:00,"{""door_main"": 0, ""door_sub"": 1, ""node"": ""occ_01"", ""pir_door"": 0, ""pir_seat"": -1}"
26850,3,False,ok,2026-09-03T14:19:02.731559+00:00,2026-09-03T14:19:02.934982+00:00,"{""door_main"": 0, ""door_sub"": 1, ""node"": ""occ_01"", ""pir_door"": 0, ""pir_seat"": -1}"
26851,3,True,ok,2026-09-03T14:19:03.343118+00:00,2026-09-03T14:19:03.531138+00:00,"{""door_main"": 0, ""door_sub"": 1, ""node"": ""occ_01"", ""pir_door"": 1, ""pir_seat"": -1}"
26852,3,False,ok,2026-09-03T14:19:04.356598+00:00,2026-09-03T14:19:04.434548+00:00,"{""door_main"": 0, ""door_sub"": 1, ""node"": ""occ_01"", ""pir_door"": 0, ""pir_seat"": -1}"
26853,3,False,ok,2026-09-03T14:19:05.371677+00:00,2026-09-03T14:19:05.460531+00:00,"{""door_main"": 0, ""door_sub"": 1, ""node"": ""occ_01"", ""pir_door"": 0, ""pir_seat"": -1}"
26854,3,False,ok,2026-09-03T14:19:06.381018+00:00,2026-09-03T14:19:06.475153+00:00,"{""door_main"": 0, ""door_sub"": 1, ""node"": ""occ_01"", ""pir_door"": 0, ""pir_seat"": -1}"
26855,3,False,ok,2026-09-03T14:19:07.819674+00:00,2026-09-03T14:19:07.899761+00:00,"{""door_main"": 0, ""door_sub"": 1, ""node"": ""occ_01"", ""pir_door"": 0, ""pir_seat"": -1}"
26856,3,False,ok,2026-09-03T14:19:08.403086+00:00,2026-09-03T14:19:08.594561+00:00,"{""door_main"": 0, ""door_sub"": 1, ""node"": ""occ_01"", ""pir_door"": 0, ""pir_seat"": -1}"
26857,3,False,ok,2026-09-03T14:19:09.418400+00:00,2026-09-03T14:19:09.629552+00:00,"{""door_main"": 0, ""door_sub"": 1, ""node"": ""occ_01"", ""pir_door"": 0, ""pir_seat"": -1}"
26858,3,False,ok,2026-09-03T14:19:10.430973+00:00,2026-09-03T14:19:10.574822+00:00,"{""door_main"": 0, ""door_sub"": 1, ""node"": ""occ_01"", ""pir_door"": 0, ""pir_seat"": -1}"
26859,3,True,ok,2026-09-03T14:19:11.441182+00:00,2026-09-03T14:19:11.574606+00:00,"{""door_main"": 0, ""door_sub"": 1, ""node"": ""occ_01"", ""pir_door"": 1, ""pir_seat"": -1}"
26860,3,False,ok,2026-09-03T14:19:12.759342+00:00,2026-09-03T14:19:12.859859+00:00,"{""door_main"": 0, ""door_sub"": 1, ""node"": ""occ_01"", ""pir_door"": 0, ""pir_seat"": -1}"
26861,3,False,ok,2026-09-03T14:19:13.464690+00:00,2026-09-03T14:19:13.680204+00:00,"{""door_main"": 0, ""door_sub"": 1, ""node"": ""occ_01"", ""pir_door"": 0, ""pir_seat"": -1}"
26862,3,False,ok,2026-09-03T14:19:14.476604+00:00,2026-09-03T14:19:14.569556+00:00,"{""door_main"": 0, ""door_sub"": 1, ""node"": ""occ_01"", ""pir_door"": 0, ""pir_seat"": -1}"
26863,3,False,ok,2026-09-03T14:19:15.487073+00:00,2026-09-03T14:19:15.584768+00:00,"{""door_main"": 0, ""door_sub"": 1, ""node"": ""occ_01"", ""pir_door"": 0, ""pir_seat"": -1}"
26864,3,False,ok,2026-09-03T14:19:16.501939+00:00,2026-09-03T14:19:16.609518+00:00,"{""door_main"": 0, ""door_sub"": 1, ""node"": ""occ_01"", ""pir_door"": 0, ""pir_seat"": -1}"
26865,3,False,ok,2026-09-03T14:19:17.777212+00:00,2026-09-03T14:19:17.919723+00:00,"{""door_main"": 0, ""door_sub"": 1, ""node"": ""occ_01"", ""pir_door"": 0, ""pir_seat"": -1}"
26866,3,False,ok,2026-09-03T14:19:18.523998+00:00,2026-09-03T14:19:18.654719+00:00,"{""door_main"": 0, ""door_sub"": 1, ""node"": ""occ_01"", ""pir_door"": 0, ""pir_seat"": -1}"
26867,3,False,ok,2026-09-03T14:19:19.535144+00:00,2026-09-03T14:19:19.680216+00:00,"{""door_main"": 0, ""door_sub"": 1, ""node"": ""occ_01"", ""pir_door"": 0, ""pir_seat"": -1}"
26868,3,False,ok,2026-09-03T14:19:20.550042+00:00,2026-09-03T14:19:20.724610+00:00,"{""door_main"": 0, ""door_sub"": 1, ""node"": ""occ_01"", ""pir_door"": 0, ""pir_seat"": -1}"
26869,3,False,ok,2026-09-03T14:19:21.560645+00:00,2026-09-03T14:19:21.739768+00:00,"{""door_main"": 0, ""door_sub"": 1, ""node"": ""occ_01"", ""pir_door"": 0, ""pir_seat"": -1}"
26870,3,False,ok,2026-09-03T14:19:22.841758+00:00,2026-09-03T14:19:23.024518+00:00,"{""door_main"": 0, ""door_sub"": 1, ""node"": ""occ_01"", ""pir_door"": 0, ""pir_seat"": -1}"
26871,3,False,ok,2026-09-03T14:19:23.584584+00:00,2026-09-03T14:19:23.774706+00:00,"{""door_main"": 0, ""door_sub"": 1, ""node"": ""occ_01"", ""pir_door"": 0, ""pir_seat"": -1}"
26872,3,True,ok,2026-09-03T14:19:24.595088+00:00,2026-09-03T14:19:24.699719+00:00,"{""door_main"": 0, ""door_sub"": 1, ""node"": ""occ_01"", ""pir_door"": 1, ""pir_seat"": -1}"
26873,3,False,ok,2026-09-03T14:19:25.607096+00:00,2026-09-03T14:19:25.704610+00:00,"{""door_main"": 0, ""door_sub"": 1, ""node"": ""occ_01"", ""pir_door"": 0, ""pir_seat"": -1}"
26874,3,False,ok,2026-09-03T14:19:26.623432+00:00,2026-09-03T14:19:26.700389+00:00,"{""door_main"": 0, ""door_sub"": 1, ""node"": ""occ_01"", ""pir_door"": 0, ""pir_seat"": -1}"
26875,3,False,ok,2026-09-03T14:19:27.821489+00:00,2026-09-03T14:19:28.029944+00:00,"{""door_main"": 0, ""door_sub"": 1, ""node"": ""occ_01"", ""pir_door"": 0, ""pir_seat"": -1}"
26876,3,False,ok,2026-09-03T14:19:28.644709+00:00,2026-09-03T14:19:28.844802+00:00,"{""door_main"": 0, ""door_sub"": 1, ""node"": ""occ_01"", ""pir_door"": 0, ""pir_seat"": -1}"
26877,3,False,ok,2026-09-03T14:19:29.655204+00:00,2026-09-03T14:19:29.834573+00:00,"{""door_main"": 0, ""door_sub"": 1, ""node"": ""occ_01"", ""pir_door"": 0, ""pir_seat"": -1}"
26878,3,False,ok,2026-09-03T14:19:30.667245+00:00,2026-09-03T14:19:30.864916+00:00,"{""door_main"": 0, ""door_sub"": 1, ""node"": ""occ_01"", ""pir_door"": 0, ""pir_seat"": -1}"
26879,3,False,ok,2026-09-03T14:19:31.680643+00:00,2026-09-03T14:19:31.844565+00:00,"{""door_main"": 0, ""door_sub"": 1, ""node"": ""occ_01"", ""pir_door"": 0, ""pir_seat"": -1}"
26880,3,False,ok,2026-09-03T14:19:32.721144+00:00,2026-09-03T14:19:32.839662+00:00,"{""door_main"": 0, ""door_sub"": 1, ""node"": ""occ_01"", ""pir_door"": 0, ""pir_seat"": -1}"
26881,3,False,ok,2026-09-03T14:19:33.707799+00:00,2026-09-03T14:19:33.814607+00:00,"{""door_main"": 0, ""door_sub"": 1, ""node"": ""occ_01"", ""pir_door"": 0, ""pir_seat"": -1}"
26882,3,False,ok,2026-09-03T14:19:34.715338+00:00,2026-09-03T14:19:34.795647+00:00,"{""door_main"": 0, ""door_sub"": 1, ""node"": ""occ_01"", ""pir_door"": 0, ""pir_seat"": -1}"
26883,3,False,ok,2026-09-03T14:19:35.729723+00:00,2026-09-03T14:19:35.819786+00:00,"{""door_main"": 0, ""door_sub"": 1, ""node"": ""occ_01"", ""pir_door"": 0, ""pir_seat"": -1}"
26884,3,False,ok,2026-09-03T14:19:36.740865+00:00,2026-09-03T14:19:36.839724+00:00,"{""door_main"": 0, ""door_sub"": 1, ""node"": ""occ_01"", ""pir_door"": 0, ""pir_seat"": -1}"
26885,3,False,ok,2026-09-03T14:19:37.751230+00:00,2026-09-03T14:19:37.934498+00:00,"{""door_main"": 0, ""door_sub"": 1, ""node"": ""occ_01"", ""pir_door"": 0, ""pir_seat"": -1}"
26886,3,True,ok,2026-09-03T14:19:38.763536+00:00,2026-09-03T14:19:38.964843+00:00,"{""door_main"": 0, ""door_sub"": 1, ""node"": ""occ_01"", ""pir_door"": 1, ""pir_seat"": -1}"
26887,3,False,ok,2026-09-03T14:19:39.775223+00:00,2026-09-03T14:19:39.929592+00:00,"{""door_main"": 0, ""door_sub"": 1, ""node"": ""occ_01"", ""pir_door"": 0, ""pir_seat"": -1}"
26888,3,False,ok,2026-09-03T14:19:40.788630+00:00,2026-09-03T14:19:40.979771+00:00,"{""door_main"": 0, ""door_sub"": 1, ""node"": ""occ_01"", ""pir_door"": 0, ""pir_seat"": -1}"
26889,3,False,ok,2026-09-03T14:19:41.799125+00:00,2026-09-03T14:19:41.979488+00:00,"{""door_main"": 0, ""door_sub"": 1, ""node"": ""occ_01"", ""pir_door"": 0, ""pir_seat"": -1}"
26890,3,False,ok,2026-09-03T14:19:42.936188+00:00,2026-09-03T14:19:43.114647+00:00,"{""door_main"": 0, ""door_sub"": 1, ""node"": ""occ_01"", ""pir_door"": 0, ""pir_seat"": -1}"
26891,3,True,ok,2026-09-03T14:19:43.823009+00:00,2026-09-03T14:19:43.979653+00:00,"{""door_main"": 0, ""door_sub"": 1, ""node"": ""occ_01"", ""pir_door"": 1, ""pir_seat"": -1}"
26892,3,False,ok,2026-09-03T14:19:44.835357+00:00,2026-09-03T14:19:44.939555+00:00,"{""door_main"": 0, ""door_sub"": 1, ""node"": ""occ_01"", ""pir_door"": 0, ""pir_seat"": -1}"
26893,3,False,ok,2026-09-03T14:19:45.849150+00:00,2026-09-03T14:19:45.944413+00:00,"{""door_main"": 0, ""door_sub"": 1, ""node"": ""occ_01"", ""pir_door"": 0, ""pir_seat"": -1}"
26894,3,False,ok,2026-09-03T14:19:46.860720+00:00,2026-09-03T14:19:47.015771+00:00,"{""door_main"": 0, ""door_sub"": 1, ""node"": ""occ_01"", ""pir_door"": 0, ""pir_seat"": -1}"
26895,3,False,ok,2026-09-03T14:19:48.021190+00:00,2026-09-03T14:19:48.209527+00:00,"{""door_main"": 0, ""door_sub"": 1, ""node"": ""occ_01"", ""pir_door"": 0, ""pir_seat"": -1}"
26896,3,False,ok,2026-09-03T14:19:48.885042+00:00,2026-09-03T14:19:49.059735+00:00,"{""door_main"": 0, ""door_sub"": 1, ""node"": ""occ_01"", ""pir_door"": 0, ""pir_seat"": -1}"
26897,3,False,ok,2026-09-03T14:19:49.895286+00:00,2026-09-03T14:19:50.079866+00:00,"{""door_main"": 0, ""door_sub"": 1, ""node"": ""occ_01"", ""pir_door"": 0, ""pir_seat"": -1}"
26898,3,False,ok,2026-09-03T14:19:50.908777+00:00,2026-09-03T14:19:51.074955+00:00,"{""door_main"": 0, ""door_sub"": 1, ""node"": ""occ_01"", ""pir_door"": 0, ""pir_seat"": -1}"
26899,3,False,ok,2026-09-03T14:19:51.921777+00:00,2026-09-03T14:19:52.019756+00:00,"{""door_main"": 0, ""door_sub"": 1, ""node"": ""occ_01"", ""pir_door"": 0, ""pir_seat"": -1}"
26900,3,True,ok,2026-09-03T14:19:53.001445+00:00,2026-09-03T14:19:53.209674+00:00,"{""door_main"": 0, ""door_sub"": 1, ""node"": ""occ_01"", ""pir_door"": 1, ""pir_seat"": -1}"
26901,3,False,ok,2026-09-03T14:19:53.943063+00:00,2026-09-03T14:19:54.140792+00:00,"{""door_main"": 0, ""door_sub"": 1, ""node"": ""occ_01"", ""pir_door"": 0, ""pir_seat"": -1}"
26902,3,False,ok,2026-09-03T14:19:54.959878+00:00,2026-09-03T14:19:55.089649+00:00,"{""door_main"": 0, ""door_sub"": 1, ""node"": ""occ_01"", ""pir_door"": 0, ""pir_seat"": -1}"
26903,3,False,ok,2026-09-03T14:19:55.967036+00:00,2026-09-03T14:19:56.054535+00:00,"{""door_main"": 0, ""door_sub"": 1, ""node"": ""occ_01"", ""pir_door"": 0, ""pir_seat"": -1}"
26904,3,True,ok,2026-09-03T14:19:56.978996+00:00,2026-09-03T14:19:57.129691+00:00,"{""door_main"": 0, ""door_sub"": 1, ""node"": ""occ_01"", ""pir_door"": 1, ""pir_seat"": -1}"
26905,3,False,ok,2026-09-03T14:19:58.036029+00:00,2026-09-03T14:19:58.264994+00:00,"{""door_main"": 0, ""door_sub"": 1, ""node"": ""occ_01"", ""pir_door"": 0, ""pir_seat"": -1}"
26906,3,False,ok,2026-09-03T14:19:59.003103+00:00,2026-09-03T14:19:59.220040+00:00,"{""door_main"": 0, ""door_sub"": 1, ""node"": ""occ_01"", ""pir_door"": 0, ""pir_seat"": -1}"
26907,3,False,ok,2026-09-03T14:20:00.015085+00:00,2026-09-03T14:20:00.210301+00:00,"{""door_main"": 0, ""door_sub"": 1, ""node"": ""occ_01"", ""pir_door"": 0, ""pir_seat"": -1}"
26908,3,True,ok,2026-09-03T14:20:01.027017+00:00,2026-09-03T14:20:01.260649+00:00,"{""door_main"": 0, ""door_sub"": 1, ""node"": ""occ_01"", ""pir_door"": 1, ""pir_seat"": -1}"
26909,3,False,ok,2026-09-03T14:20:02.047044+00:00,2026-09-03T14:20:02.294662+00:00,"{""door_main"": 0, ""door_sub"": 1, ""node"": ""occ_01"", ""pir_door"": 0, ""pir_seat"": -1}"
26910,3,False,ok,2026-09-03T14:20:03.051017+00:00,2026-09-03T14:20:03.194528+00:00,"{""door_main"": 0, ""door_sub"": 1, ""node"": ""occ_01"", ""pir_door"": 0, ""pir_seat"": -1}"
26911,3,False,ok,2026-09-03T14:20:04.064767+00:00,2026-09-03T14:20:04.275871+00:00,"{""door_main"": 0, ""door_sub"": 1, ""node"": ""occ_01"", ""pir_door"": 0, ""pir_seat"": -1}"
26912,3,True,ok,2026-09-03T14:20:05.080582+00:00,2026-09-03T14:20:05.205204+00:00,"{""door_main"": 0, ""door_sub"": 1, ""node"": ""occ_01"", ""pir_door"": 1, ""pir_seat"": -1}"
26913,3,False,ok,2026-09-03T14:20:06.088606+00:00,2026-09-03T14:20:06.180948+00:00,"{""door_main"": 0, ""door_sub"": 1, ""node"": ""occ_01"", ""pir_door"": 0, ""pir_seat"": -1}"
26914,3,False,ok,2026-09-03T14:20:07.099020+00:00,2026-09-03T14:20:07.289585+00:00,"{""door_main"": 0, ""door_sub"": 1, ""node"": ""occ_01"", ""pir_door"": 0, ""pir_seat"": -1}"
26915,3,False,ok,2026-09-03T14:20:08.111035+00:00,2026-09-03T14:20:08.299620+00:00,"{""door_main"": 0, ""door_sub"": 1, ""node"": ""occ_01"", ""pir_door"": 0, ""pir_seat"": -1}"
26916,3,False,ok,2026-09-03T14:20:09.124838+00:00,2026-09-03T14:20:09.340616+00:00,"{""door_main"": 0, ""door_sub"": 1, ""node"": ""occ_01"", ""pir_door"": 0, ""pir_seat"": -1}"
26917,3,False,ok,2026-09-03T14:20:10.135202+00:00,2026-09-03T14:20:10.349640+00:00,"{""door_main"": 0, ""door_sub"": 1, ""node"": ""occ_01"", ""pir_door"": 0, ""pir_seat"": -1}"
26918,3,False,ok,2026-09-03T14:20:11.147406+00:00,2026-09-03T14:20:11.325416+00:00,"{""door_main"": 0, ""door_sub"": 1, ""node"": ""occ_01"", ""pir_door"": 0, ""pir_seat"": -1}"
26919,3,False,ok,2026-09-03T14:20:12.159069+00:00,2026-09-03T14:20:12.384628+00:00,"{""door_main"": 0, ""door_sub"": 1, ""node"": ""occ_01"", ""pir_door"": 0, ""pir_seat"": -1}"
26920,3,False,ok,2026-09-03T14:20:13.301022+00:00,2026-09-03T14:20:13.499934+00:00,"{""door_main"": 0, ""door_sub"": 1, ""node"": ""occ_01"", ""pir_door"": 0, ""pir_seat"": -1}"
26921,3,False,ok,2026-09-03T14:20:14.186036+00:00,2026-09-03T14:20:14.391867+00:00,"{""door_main"": 0, ""door_sub"": 1, ""node"": ""occ_01"", ""pir_door"": 0, ""pir_seat"": -1}"
26922,3,False,ok,2026-09-03T14:20:15.197175+00:00,2026-09-03T14:20:15.364540+00:00,"{""door_main"": 0, ""door_sub"": 1, ""node"": ""occ_01"", ""pir_door"": 0, ""pir_seat"": -1}"
26923,3,False,ok,2026-09-03T14:20:16.207096+00:00,2026-09-03T14:20:16.305242+00:00,"{""door_main"": 0, ""door_sub"": 1, ""node"": ""occ_01"", ""pir_door"": 0, ""pir_seat"": -1}"
26924,3,False,ok,2026-09-03T14:20:17.219023+00:00,2026-09-03T14:20:17.429632+00:00,"{""door_main"": 0, ""door_sub"": 1, ""node"": ""occ_01"", ""pir_door"": 0, ""pir_seat"": -1}"
26925,3,False,ok,2026-09-03T14:20:18.232482+00:00,2026-09-03T14:20:18.434906+00:00,"{""door_main"": 0, ""door_sub"": 1, ""node"": ""occ_01"", ""pir_door"": 0, ""pir_seat"": -1}"
26926,3,False,ok,2026-09-03T14:20:19.244509+00:00,2026-09-03T14:20:19.420391+00:00,"{""door_main"": 0, ""door_sub"": 1, ""node"": ""occ_01"", ""pir_door"": 0, ""pir_seat"": -1}"
26927,3,False,ok,2026-09-03T14:20:20.256645+00:00,2026-09-03T14:20:20.440062+00:00,"{""door_main"": 0, ""door_sub"": 1, ""node"": ""occ_01"", ""pir_door"": 0, ""pir_seat"": -1}"
26928,3,True,ok,2026-09-03T14:20:21.269326+00:00,2026-09-03T14:20:21.359872+00:00,"{""door_main"": 0, ""door_sub"": 1, ""node"": ""occ_01"", ""pir_door"": 1, ""pir_seat"": -1}"
26929,3,False,ok,2026-09-03T14:20:22.283605+00:00,2026-09-03T14:20:22.449700+00:00,"{""door_main"": 0, ""door_sub"": 1, ""node"": ""occ_01"", ""pir_door"": 0, ""pir_seat"": -1}"
26930,3,False,ok,2026-09-03T14:20:23.291094+00:00,2026-09-03T14:20:23.499967+00:00,"{""door_main"": 0, ""door_sub"": 1, ""node"": ""occ_01"", ""pir_door"": 0, ""pir_seat"": -1}"
26931,3,False,ok,2026-09-03T14:20:24.303118+00:00,2026-09-03T14:20:24.485247+00:00,"{""door_main"": 0, ""door_sub"": 1, ""node"": ""occ_01"", ""pir_door"": 0, ""pir_seat"": -1}"
26932,3,False,ok,2026-09-03T14:20:25.321050+00:00,2026-09-03T14:20:25.524630+00:00,"{""door_main"": 0, ""door_sub"": 1, ""node"": ""occ_01"", ""pir_door"": 0, ""pir_seat"": -1}"
26933,3,False,ok,2026-09-03T14:20:26.327102+00:00,2026-09-03T14:20:26.444660+00:00,"{""door_main"": 0, ""door_sub"": 1, ""node"": ""occ_01"", ""pir_door"": 0, ""pir_seat"": -1}"
26934,3,False,ok,2026-09-03T14:20:27.340744+00:00,2026-09-03T14:20:27.574548+00:00,"{""door_main"": 0, ""door_sub"": 1, ""node"": ""occ_01"", ""pir_door"": 0, ""pir_seat"": -1}"
26935,3,False,ok,2026-09-03T14:20:28.501284+00:00,2026-09-03T14:20:28.700017+00:00,"{""door_main"": 0, ""door_sub"": 1, ""node"": ""occ_01"", ""pir_door"": 0, ""pir_seat"": -1}"
26936,3,False,ok,2026-09-03T14:20:29.364457+00:00,2026-09-03T14:20:29.554987+00:00,"{""door_main"": 0, ""door_sub"": 1, ""node"": ""occ_01"", ""pir_door"": 0, ""pir_seat"": -1}"
26937,3,False,ok,2026-09-03T14:20:30.374993+00:00,2026-09-03T14:20:30.490134+00:00,"{""door_main"": 0, ""door_sub"": 1, ""node"": ""occ_01"", ""pir_door"": 0, ""pir_seat"": -1}"
26938,3,False,ok,2026-09-03T14:20:31.387126+00:00,2026-09-03T14:20:31.525236+00:00,"{""door_main"": 0, ""door_sub"": 1, ""node"": ""occ_01"", ""pir_door"": 0, ""pir_seat"": -1}"
26939,3,False,ok,2026-09-03T14:20:32.402044+00:00,2026-09-03T14:20:32.509695+00:00,"{""door_main"": 0, ""door_sub"": 1, ""node"": ""occ_01"", ""pir_door"": 0, ""pir_seat"": -1}"
26940,3,False,ok,2026-09-03T14:20:33.410941+00:00,2026-09-03T14:20:33.620094+00:00,"{""door_main"": 0, ""door_sub"": 1, ""node"": ""occ_01"", ""pir_door"": 0, ""pir_seat"": -1}"
26941,3,True,ok,2026-09-03T14:20:34.423053+00:00,2026-09-03T14:20:34.619737+00:00,"{""door_main"": 0, ""door_sub"": 1, ""node"": ""occ_01"", ""pir_door"": 1, ""pir_seat"": -1}"
26942,3,False,ok,2026-09-03T14:20:35.437192+00:00,2026-09-03T14:20:35.515478+00:00,"{""door_main"": 0, ""door_sub"": 1, ""node"": ""occ_01"", ""pir_door"": 0, ""pir_seat"": -1}"
26943,3,False,ok,2026-09-03T14:20:36.451237+00:00,2026-09-03T14:20:36.560377+00:00,"{""door_main"": 0, ""door_sub"": 1, ""node"": ""occ_01"", ""pir_door"": 0, ""pir_seat"": -1}"
26944,3,False,ok,2026-09-03T14:20:37.462118+00:00,2026-09-03T14:20:37.659581+00:00,"{""door_main"": 0, ""door_sub"": 1, ""node"": ""occ_01"", ""pir_door"": 0, ""pir_seat"": -1}"
26945,3,True,ok,2026-09-03T14:20:38.521011+00:00,2026-09-03T14:20:38.700072+00:00,"{""door_main"": 0, ""door_sub"": 1, ""node"": ""occ_01"", ""pir_door"": 1, ""pir_seat"": -1}"
26946,3,False,ok,2026-09-03T14:20:39.485409+00:00,2026-09-03T14:20:39.655409+00:00,"{""door_main"": 0, ""door_sub"": 1, ""node"": ""occ_01"", ""pir_door"": 0, ""pir_seat"": -1}"
26947,3,False,ok,2026-09-03T14:20:40.495249+00:00,2026-09-03T14:20:40.609766+00:00,"{""door_main"": 0, ""door_sub"": 1, ""node"": ""occ_01"", ""pir_door"": 0, ""pir_seat"": -1}"
26948,3,False,ok,2026-09-03T14:20:41.507070+00:00,2026-09-03T14:20:41.597648+00:00,"{""door_main"": 0, ""door_sub"": 1, ""node"": ""occ_01"", ""pir_door"": 0, ""pir_seat"": -1}"
26949,3,True,ok,2026-09-03T14:20:42.522095+00:00,2026-09-03T14:20:42.689538+00:00,"{""door_main"": 0, ""door_sub"": 1, ""node"": ""occ_01"", ""pir_door"": 1, ""pir_seat"": -1}"
26950,3,False,ok,2026-09-03T14:20:43.643686+00:00,2026-09-03T14:20:43.809584+00:00,"{""door_main"": 0, ""door_sub"": 1, ""node"": ""occ_01"", ""pir_door"": 0, ""pir_seat"": -1}"
26951,3,False,ok,2026-09-03T14:20:44.545966+00:00,2026-09-03T14:20:44.745479+00:00,"{""door_main"": 0, ""door_sub"": 1, ""node"": ""occ_01"", ""pir_door"": 0, ""pir_seat"": -1}"
26952,3,False,ok,2026-09-03T14:20:45.555005+00:00,2026-09-03T14:20:45.655262+00:00,"{""door_main"": 0, ""door_sub"": 1, ""node"": ""occ_01"", ""pir_door"": 0, ""pir_seat"": -1}"
26953,3,False,ok,2026-09-03T14:20:46.567112+00:00,2026-09-03T14:20:46.654738+00:00,"{""door_main"": 0, ""door_sub"": 1, ""node"": ""occ_01"", ""pir_door"": 0, ""pir_seat"": -1}"
26954,3,False,ok,2026-09-03T14:20:47.581847+00:00,2026-09-03T14:20:47.764495+00:00,"{""door_main"": 0, ""door_sub"": 1, ""node"": ""occ_01"", ""pir_door"": 0, ""pir_seat"": -1}"
26955,3,False,ok,2026-09-03T14:20:48.650986+00:00,2026-09-03T14:20:48.869492+00:00,"{""door_main"": 0, ""door_sub"": 1, ""node"": ""occ_01"", ""pir_door"": 0, ""pir_seat"": -1}"
26956,3,False,ok,2026-09-03T14:20:49.606512+00:00,2026-09-03T14:20:49.779808+00:00,"{""door_main"": 0, ""door_sub"": 1, ""node"": ""occ_01"", ""pir_door"": 0, ""pir_seat"": -1}"
26957,3,True,ok,2026-09-03T14:20:50.619429+00:00,2026-09-03T14:20:50.714875+00:00,"{""door_main"": 0, ""door_sub"": 1, ""node"": ""occ_01"", ""pir_door"": 1, ""pir_seat"": -1}"
26958,3,False,ok,2026-09-03T14:20:51.630059+00:00,2026-09-03T14:20:51.785034+00:00,"{""door_main"": 0, ""door_sub"": 1, ""node"": ""occ_01"", ""pir_door"": 0, ""pir_seat"": -1}"
26959,3,False,ok,2026-09-03T14:20:52.640664+00:00,2026-09-03T14:20:52.824488+00:00,"{""door_main"": 0, ""door_sub"": 1, ""node"": ""occ_01"", ""pir_door"": 0, ""pir_seat"": -1}"
26960,3,False,ok,2026-09-03T14:20:53.681017+00:00,2026-09-03T14:20:53.844640+00:00,"{""door_main"": 0, ""door_sub"": 1, ""node"": ""occ_01"", ""pir_door"": 0, ""pir_seat"": -1}"
26961,3,False,ok,2026-09-03T14:20:54.663178+00:00,2026-09-03T14:20:54.769715+00:00,"{""door_main"": 0, ""door_sub"": 1, ""node"": ""occ_01"", ""pir_door"": 0, ""pir_seat"": -1}"
26962,3,False,ok,2026-09-03T14:20:55.674992+00:00,2026-09-03T14:20:55.784508+00:00,"{""door_main"": 0, ""door_sub"": 1, ""node"": ""occ_01"", ""pir_door"": 0, ""pir_seat"": -1}"
26963,3,False,ok,2026-09-03T14:20:56.688635+00:00,2026-09-03T14:20:56.889955+00:00,"{""door_main"": 0, ""door_sub"": 1, ""node"": ""occ_01"", ""pir_door"": 0, ""pir_seat"": -1}"
26964,3,True,ok,2026-09-03T14:20:57.700611+00:00,2026-09-03T14:20:57.804734+00:00,"{""door_main"": 0, ""door_sub"": 1, ""node"": ""occ_01"", ""pir_door"": 1, ""pir_seat"": -1}"
26965,3,False,ok,2026-09-03T14:20:58.713264+00:00,2026-09-03T14:20:58.885611+00:00,"{""door_main"": 0, ""door_sub"": 1, ""node"": ""occ_01"", ""pir_door"": 0, ""pir_seat"": -1}"
26966,3,False,ok,2026-09-03T14:20:59.724618+00:00,2026-09-03T14:20:59.904693+00:00,"{""door_main"": 0, ""door_sub"": 1, ""node"": ""occ_01"", ""pir_door"": 0, ""pir_seat"": -1}"
26967,3,False,ok,2026-09-03T14:21:00.735076+00:00,2026-09-03T14:21:00.864622+00:00,"{""door_main"": 0, ""door_sub"": 1, ""node"": ""occ_01"", ""pir_door"": 0, ""pir_seat"": -1}"
26968,3,False,ok,2026-09-03T14:21:01.748576+00:00,2026-09-03T14:21:01.839395+00:00,"{""door_main"": 0, ""door_sub"": 1, ""node"": ""occ_01"", ""pir_door"": 0, ""pir_seat"": -1}"
26969,3,False,ok,2026-09-03T14:21:02.762235+00:00,2026-09-03T14:21:02.965091+00:00,"{""door_main"": 0, ""door_sub"": 1, ""node"": ""occ_01"", ""pir_door"": 0, ""pir_seat"": -1}"
26970,3,False,ok,2026-09-03T14:21:03.975781+00:00,2026-09-03T14:21:04.134441+00:00,"{""door_main"": 0, ""door_sub"": 1, ""node"": ""occ_01"", ""pir_door"": 0, ""pir_seat"": -1}"
26971,3,True,ok,2026-09-03T14:21:04.783040+00:00,2026-09-03T14:21:04.909825+00:00,"{""door_main"": 0, ""door_sub"": 1, ""node"": ""occ_01"", ""pir_door"": 1, ""pir_seat"": -1}"
26972,3,False,ok,2026-09-03T14:21:05.796566+00:00,2026-09-03T14:21:05.895203+00:00,"{""door_main"": 0, ""door_sub"": 1, ""node"": ""occ_01"", ""pir_door"": 0, ""pir_seat"": -1}"
26973,3,False,ok,2026-09-03T14:21:06.809136+00:00,2026-09-03T14:21:06.915298+00:00,"{""door_main"": 0, ""door_sub"": 1, ""node"": ""occ_01"", ""pir_door"": 0, ""pir_seat"": -1}"
26974,3,False,ok,2026-09-03T14:21:07.819086+00:00,2026-09-03T14:21:07.989487+00:00,"{""door_main"": 0, ""door_sub"": 1, ""node"": ""occ_01"", ""pir_door"": 0, ""pir_seat"": -1}"
26975,3,False,ok,2026-09-03T14:21:08.831924+00:00,2026-09-03T14:21:08.979804+00:00,"{""door_main"": 0, ""door_sub"": 1, ""node"": ""occ_01"", ""pir_door"": 0, ""pir_seat"": -1}"
26976,3,False,ok,2026-09-03T14:21:09.849514+00:00,2026-09-03T14:21:09.989849+00:00,"{""door_main"": 0, ""door_sub"": 1, ""node"": ""occ_01"", ""pir_door"": 0, ""pir_seat"": -1}"
26977,3,False,ok,2026-09-03T14:21:10.857229+00:00,2026-09-03T14:21:10.989591+00:00,"{""door_main"": 0, ""door_sub"": 1, ""node"": ""occ_01"", ""pir_door"": 0, ""pir_seat"": -1}"
26978,3,False,ok,2026-09-03T14:21:11.867033+00:00,2026-09-03T14:21:11.964981+00:00,"{""door_main"": 0, ""door_sub"": 1, ""node"": ""occ_01"", ""pir_door"": 0, ""pir_seat"": -1}"
26979,3,False,ok,2026-09-03T14:21:12.881055+00:00,2026-09-03T14:21:13.085511+00:00,"{""door_main"": 0, ""door_sub"": 1, ""node"": ""occ_01"", ""pir_door"": 0, ""pir_seat"": -1}"
26980,3,False,ok,2026-09-03T14:21:13.970911+00:00,2026-09-03T14:21:14.180881+00:00,"{""door_main"": 0, ""door_sub"": 1, ""node"": ""occ_01"", ""pir_door"": 0, ""pir_seat"": -1}"
26981,3,True,ok,2026-09-03T14:21:14.910075+00:00,2026-09-03T14:21:15.032132+00:00,"{""door_main"": 0, ""door_sub"": 1, ""node"": ""occ_01"", ""pir_door"": 1, ""pir_seat"": -1}"
26982,3,False,ok,2026-09-03T14:21:15.915043+00:00,2026-09-03T14:21:16.025334+00:00,"{""door_main"": 0, ""door_sub"": 1, ""node"": ""occ_01"", ""pir_door"": 0, ""pir_seat"": -1}"
26983,3,False,ok,2026-09-03T14:21:16.927092+00:00,2026-09-03T14:21:17.025134+00:00,"{""door_main"": 0, ""door_sub"": 1, ""node"": ""occ_01"", ""pir_door"": 0, ""pir_seat"": -1}"
26984,3,False,ok,2026-09-03T14:21:17.940662+00:00,2026-09-03T14:21:18.144716+00:00,"{""door_main"": 0, ""door_sub"": 1, ""node"": ""occ_01"", ""pir_door"": 0, ""pir_seat"": -1}"
26985,3,True,ok,2026-09-03T14:21:18.952478+00:00,2026-09-03T14:21:19.150108+00:00,"{""door_main"": 0, ""door_sub"": 1, ""node"": ""occ_01"", ""pir_door"": 1, ""pir_seat"": -1}"
26986,3,False,ok,2026-09-03T14:21:19.964559+00:00,2026-09-03T14:21:20.199742+00:00,"{""door_main"": 0, ""door_sub"": 1, ""node"": ""occ_01"", ""pir_door"": 0, ""pir_seat"": -1}"
26987,3,False,ok,2026-09-03T14:21:20.979911+00:00,2026-09-03T14:21:21.100439+00:00,"{""door_main"": 0, ""door_sub"": 1, ""node"": ""occ_01"", ""pir_door"": 0, ""pir_seat"": -1}"
26988,3,True,ok,2026-09-03T14:21:21.987135+00:00,2026-09-03T14:21:22.179791+00:00,"{""door_main"": 0, ""door_sub"": 1, ""node"": ""occ_01"", ""pir_door"": 1, ""pir_seat"": -1}"
26989,3,False,ok,2026-09-03T14:21:22.999061+00:00,2026-09-03T14:21:23.204595+00:00,"{""door_main"": 0, ""door_sub"": 1, ""node"": ""occ_01"", ""pir_door"": 0, ""pir_seat"": -1}"
26990,3,False,ok,2026-09-03T14:21:24.011141+00:00,2026-09-03T14:21:24.125222+00:00,"{""door_main"": 0, ""door_sub"": 1, ""node"": ""occ_01"", ""pir_door"": 0, ""pir_seat"": -1}"
26991,3,False,ok,2026-09-03T14:21:25.023187+00:00,2026-09-03T14:21:25.214759+00:00,"{""door_main"": 0, ""door_sub"": 1, ""node"": ""occ_01"", ""pir_door"": 0, ""pir_seat"": -1}"
26992,3,False,ok,2026-09-03T14:21:26.072832+00:00,2026-09-03T14:21:26.189664+00:00,"{""door_main"": 0, ""door_sub"": 1, ""node"": ""occ_01"", ""pir_door"": 0, ""pir_seat"": -1}"
26993,3,False,ok,2026-09-03T14:21:27.049265+00:00,2026-09-03T14:21:27.254780+00:00,"{""door_main"": 0, ""door_sub"": 1, ""node"": ""occ_01"", ""pir_door"": 0, ""pir_seat"": -1}"
26994,3,False,ok,2026-09-03T14:21:28.715565+00:00,2026-09-03T14:21:28.844739+00:00,"{""door_main"": 0, ""door_sub"": 1, ""node"": ""occ_01"", ""pir_door"": 0, ""pir_seat"": -1}"
26995,3,True,ok,2026-09-03T14:21:29.071094+00:00,2026-09-03T14:21:29.225137+00:00,"{""door_main"": 0, ""door_sub"": 1, ""node"": ""occ_01"", ""pir_door"": 1, ""pir_seat"": -1}"
26996,3,False,ok,2026-09-03T14:21:30.084696+00:00,2026-09-03T14:21:30.194629+00:00,"{""door_main"": 0, ""door_sub"": 1, ""node"": ""occ_01"", ""pir_door"": 0, ""pir_seat"": -1}"
26997,3,False,ok,2026-09-03T14:21:31.096558+00:00,2026-09-03T14:21:31.194684+00:00,"{""door_main"": 0, ""door_sub"": 1, ""node"": ""occ_01"", ""pir_door"": 0, ""pir_seat"": -1}"
26998,3,False,ok,2026-09-03T14:21:32.108886+00:00,2026-09-03T14:21:32.289559+00:00,"{""door_main"": 0, ""door_sub"": 1, ""node"": ""occ_01"", ""pir_door"": 0, ""pir_seat"": -1}"
26999,3,False,ok,2026-09-03T14:21:33.692811+00:00,2026-09-03T14:21:33.884875+00:00,"{""door_main"": 0, ""door_sub"": 1, ""node"": ""occ_01"", ""pir_door"": 0, ""pir_seat"": -1}"
27000,3,False,ok,2026-09-03T14:21:34.131065+00:00,2026-09-03T14:21:34.244985+00:00,"{""door_main"": 0, ""door_sub"": 1, ""node"": ""occ_01"", ""pir_door"": 0, ""pir_seat"": -1}"
27001,3,False,ok,2026-09-03T14:21:35.143087+00:00,2026-09-03T14:21:35.229624+00:00,"{""door_main"": 0, ""door_sub"": 1, ""node"": ""occ_01"", ""pir_door"": 0, ""pir_seat"": -1}"
27002,3,True,ok,2026-09-03T14:21:36.156625+00:00,2026-09-03T14:21:36.260371+00:00,"{""door_main"": 0, ""door_sub"": 1, ""node"": ""occ_01"", ""pir_door"": 1, ""pir_seat"": -1}"
27003,3,False,ok,2026-09-03T14:21:37.170894+00:00,2026-09-03T14:21:37.285248+00:00,"{""door_main"": 0, ""door_sub"": 1, ""node"": ""occ_01"", ""pir_door"": 0, ""pir_seat"": -1}"
27004,3,False,ok,2026-09-03T14:21:38.740455+00:00,2026-09-03T14:21:38.924680+00:00,"{""door_main"": 0, ""door_sub"": 1, ""node"": ""occ_01"", ""pir_door"": 0, ""pir_seat"": -1}"
27005,3,False,ok,2026-09-03T14:21:39.191275+00:00,2026-09-03T14:21:39.350395+00:00,"{""door_main"": 0, ""door_sub"": 1, ""node"": ""occ_01"", ""pir_door"": 0, ""pir_seat"": -1}"
27006,3,False,ok,2026-09-03T14:21:40.205212+00:00,2026-09-03T14:21:40.394638+00:00,"{""door_main"": 0, ""door_sub"": 1, ""node"": ""occ_01"", ""pir_door"": 0, ""pir_seat"": -1}"
27007,3,False,ok,2026-09-03T14:21:41.215136+00:00,2026-09-03T14:21:41.325007+00:00,"{""door_main"": 0, ""door_sub"": 1, ""node"": ""occ_01"", ""pir_door"": 0, ""pir_seat"": -1}"
27008,3,False,ok,2026-09-03T14:21:42.232555+00:00,2026-09-03T14:21:42.404516+00:00,"{""door_main"": 0, ""door_sub"": 1, ""node"": ""occ_01"", ""pir_door"": 0, ""pir_seat"": -1}"
27009,3,False,ok,2026-09-03T14:21:43.720834+00:00,2026-09-03T14:21:43.829500+00:00,"{""door_main"": 0, ""door_sub"": 1, ""node"": ""occ_01"", ""pir_door"": 0, ""pir_seat"": -1}"
27010,3,False,ok,2026-09-03T14:21:44.254073+00:00,2026-09-03T14:21:44.329568+00:00,"{""door_main"": 0, ""door_sub"": 1, ""node"": ""occ_01"", ""pir_door"": 0, ""pir_seat"": -1}"
27011,3,False,ok,2026-09-03T14:21:45.266815+00:00,2026-09-03T14:21:45.364663+00:00,"{""door_main"": 0, ""door_sub"": 1, ""node"": ""occ_01"", ""pir_door"": 0, ""pir_seat"": -1}"
27012,3,False,ok,2026-09-03T14:21:46.275169+00:00,2026-09-03T14:21:46.354538+00:00,"{""door_main"": 0, ""door_sub"": 1, ""node"": ""occ_01"", ""pir_door"": 0, ""pir_seat"": -1}"
27013,3,False,ok,2026-09-03T14:21:47.291436+00:00,2026-09-03T14:21:47.504517+00:00,"{""door_main"": 0, ""door_sub"": 1, ""node"": ""occ_01"", ""pir_door"": 0, ""pir_seat"": -1}"
27014,3,False,ok,2026-09-03T14:21:48.680729+00:00,2026-09-03T14:21:48.849803+00:00,"{""door_main"": 0, ""door_sub"": 1, ""node"": ""occ_01"", ""pir_door"": 0, ""pir_seat"": -1}"
27015,3,False,ok,2026-09-03T14:21:49.311037+00:00,2026-09-03T14:21:49.484579+00:00,"{""door_main"": 0, ""door_sub"": 1, ""node"": ""occ_01"", ""pir_door"": 0, ""pir_seat"": -1}"
27016,3,False,ok,2026-09-03T14:21:50.323141+00:00,2026-09-03T14:21:50.519977+00:00,"{""door_main"": 0, ""door_sub"": 1, ""node"": ""occ_01"", ""pir_door"": 0, ""pir_seat"": -1}"
27017,3,False,ok,2026-09-03T14:21:51.336575+00:00,2026-09-03T14:21:51.489388+00:00,"{""door_main"": 0, ""door_sub"": 1, ""node"": ""occ_01"", ""pir_door"": 0, ""pir_seat"": -1}"
27018,3,False,ok,2026-09-03T14:21:52.348964+00:00,2026-09-03T14:21:52.544639+00:00,"{""door_main"": 0, ""door_sub"": 1, ""node"": ""occ_01"", ""pir_door"": 0, ""pir_seat"": -1}"
27019,3,False,ok,2026-09-03T14:21:53.735243+00:00,2026-09-03T14:21:53.924532+00:00,"{""door_main"": 0, ""door_sub"": 1, ""node"": ""occ_01"", ""pir_door"": 0, ""pir_seat"": -1}"
27020,3,False,ok,2026-09-03T14:21:54.371118+00:00,2026-09-03T14:21:54.474448+00:00,"{""door_main"": 0, ""door_sub"": 1, ""node"": ""occ_01"", ""pir_door"": 0, ""pir_seat"": -1}"
27021,3,True,ok,2026-09-03T14:21:55.383029+00:00,2026-09-03T14:21:55.499653+00:00,"{""door_main"": 0, ""door_sub"": 1, ""node"": ""occ_01"", ""pir_door"": 1, ""pir_seat"": -1}"
27022,3,False,ok,2026-09-03T14:21:56.396703+00:00,2026-09-03T14:21:56.584474+00:00,"{""door_main"": 0, ""door_sub"": 1, ""node"": ""occ_01"", ""pir_door"": 0, ""pir_seat"": -1}"
27023,3,False,ok,2026-09-03T14:21:57.410372+00:00,2026-09-03T14:21:57.619808+00:00,"{""door_main"": 0, ""door_sub"": 1, ""node"": ""occ_01"", ""pir_door"": 0, ""pir_seat"": -1}"
27024,3,False,ok,2026-09-03T14:21:58.780330+00:00,2026-09-03T14:21:58.904539+00:00,"{""door_main"": 0, ""door_sub"": 1, ""node"": ""occ_01"", ""pir_door"": 0, ""pir_seat"": -1}"
27025,3,True,ok,2026-09-03T14:21:59.432918+00:00,2026-09-03T14:21:59.579603+00:00,"{""door_main"": 0, ""door_sub"": 1, ""node"": ""occ_01"", ""pir_door"": 1, ""pir_seat"": -1}"
27026,3,False,ok,2026-09-03T14:22:00.446021+00:00,2026-09-03T14:22:00.717176+00:00,"{""door_main"": 0, ""door_sub"": 1, ""node"": ""occ_01"", ""pir_door"": 0, ""pir_seat"": -1}"
27027,3,False,ok,2026-09-03T14:22:01.459599+00:00,2026-09-03T14:22:01.679511+00:00,"{""door_main"": 0, ""door_sub"": 1, ""node"": ""occ_01"", ""pir_door"": 0, ""pir_seat"": -1}"
27028,3,False,ok,2026-09-03T14:22:02.480433+00:00,2026-09-03T14:22:02.668451+00:00,"{""door_main"": 0, ""door_sub"": 1, ""node"": ""occ_01"", ""pir_door"": 0, ""pir_seat"": -1}"
27029,3,True,ok,2026-09-03T14:22:03.910811+00:00,2026-09-03T14:22:04.114537+00:00,"{""door_main"": 0, ""door_sub"": 1, ""node"": ""occ_01"", ""pir_door"": 1, ""pir_seat"": -1}"
27030,3,False,ok,2026-09-03T14:22:04.495645+00:00,2026-09-03T14:22:04.621069+00:00,"{""door_main"": 0, ""door_sub"": 1, ""node"": ""occ_01"", ""pir_door"": 0, ""pir_seat"": -1}"
27031,3,False,ok,2026-09-03T14:22:05.504472+00:00,2026-09-03T14:22:05.674713+00:00,"{""door_main"": 0, ""door_sub"": 1, ""node"": ""occ_01"", ""pir_door"": 0, ""pir_seat"": -1}"
27032,3,False,ok,2026-09-03T14:22:06.515184+00:00,2026-09-03T14:22:06.604571+00:00,"{""door_main"": 0, ""door_sub"": 1, ""node"": ""occ_01"", ""pir_door"": 0, ""pir_seat"": -1}"
27033,3,False,ok,2026-09-03T14:22:07.527281+00:00,2026-09-03T14:22:07.709782+00:00,"{""door_main"": 0, ""door_sub"": 1, ""node"": ""occ_01"", ""pir_door"": 0, ""pir_seat"": -1}"
27034,3,False,ok,2026-09-03T14:22:08.880763+00:00,2026-09-03T14:22:09.070029+00:00,"{""door_main"": 0, ""door_sub"": 1, ""node"": ""occ_01"", ""pir_door"": 0, ""pir_seat"": -1}"
27035,3,False,ok,2026-09-03T14:22:09.551049+00:00,2026-09-03T14:22:09.644567+00:00,"{""door_main"": 0, ""door_sub"": 1, ""node"": ""occ_01"", ""pir_door"": 0, ""pir_seat"": -1}"
27036,3,False,ok,2026-09-03T14:22:10.563306+00:00,2026-09-03T14:22:10.739632+00:00,"{""door_main"": 0, ""door_sub"": 1, ""node"": ""occ_01"", ""pir_door"": 0, ""pir_seat"": -1}"
27037,3,False,ok,2026-09-03T14:22:11.576768+00:00,2026-09-03T14:22:11.749668+00:00,"{""door_main"": 0, ""door_sub"": 1, ""node"": ""occ_01"", ""pir_door"": 0, ""pir_seat"": -1}"
27038,3,True,ok,2026-09-03T14:22:12.588582+00:00,2026-09-03T14:22:12.764590+00:00,"{""door_main"": 0, ""door_sub"": 1, ""node"": ""occ_01"", ""pir_door"": 1, ""pir_seat"": -1}"
27039,3,False,ok,2026-09-03T14:22:13.890764+00:00,2026-09-03T14:22:14.095271+00:00,"{""door_main"": 0, ""door_sub"": 1, ""node"": ""occ_01"", ""pir_door"": 0, ""pir_seat"": -1}"
27040,3,False,ok,2026-09-03T14:22:14.612972+00:00,2026-09-03T14:22:14.829565+00:00,"{""door_main"": 0, ""door_sub"": 1, ""node"": ""occ_01"", ""pir_door"": 0, ""pir_seat"": -1}"
27041,3,False,ok,2026-09-03T14:22:15.623224+00:00,2026-09-03T14:22:15.804780+00:00,"{""door_main"": 0, ""door_sub"": 1, ""node"": ""occ_01"", ""pir_door"": 0, ""pir_seat"": -1}"
27042,3,True,ok,2026-09-03T14:22:16.637128+00:00,2026-09-03T14:22:16.819868+00:00,"{""door_main"": 0, ""door_sub"": 1, ""node"": ""occ_01"", ""pir_door"": 1, ""pir_seat"": -1}"
27043,3,False,ok,2026-09-03T14:22:17.647133+00:00,2026-09-03T14:22:17.804447+00:00,"{""door_main"": 0, ""door_sub"": 1, ""node"": ""occ_01"", ""pir_door"": 0, ""pir_seat"": -1}"
27044,3,False,ok,2026-09-03T14:22:18.876974+00:00,2026-09-03T14:22:19.014744+00:00,"{""door_main"": 0, ""door_sub"": 1, ""node"": ""occ_01"", ""pir_door"": 0, ""pir_seat"": -1}"
27045,3,False,ok,2026-09-03T14:22:19.671160+00:00,2026-09-03T14:22:19.754867+00:00,"{""door_main"": 0, ""door_sub"": 1, ""node"": ""occ_01"", ""pir_door"": 0, ""pir_seat"": -1}"
27046,3,False,ok,2026-09-03T14:22:20.685738+00:00,2026-09-03T14:22:20.784634+00:00,"{""door_main"": 0, ""door_sub"": 1, ""node"": ""occ_01"", ""pir_door"": 0, ""pir_seat"": -1}"
27047,3,False,ok,2026-09-03T14:22:21.695125+00:00,2026-09-03T14:22:21.880359+00:00,"{""door_main"": 0, ""door_sub"": 1, ""node"": ""occ_01"", ""pir_door"": 0, ""pir_seat"": -1}"
27048,3,False,ok,2026-09-03T14:22:22.708756+00:00,2026-09-03T14:22:22.894835+00:00,"{""door_main"": 0, ""door_sub"": 1, ""node"": ""occ_01"", ""pir_door"": 0, ""pir_seat"": -1}"
27049,3,False,ok,2026-09-03T14:22:24.040225+00:00,2026-09-03T14:22:24.194618+00:00,"{""door_main"": 0, ""door_sub"": 1, ""node"": ""occ_01"", ""pir_door"": 0, ""pir_seat"": -1}"
27050,3,False,ok,2026-09-03T14:22:24.731119+00:00,2026-09-03T14:22:24.940807+00:00,"{""door_main"": 0, ""door_sub"": 1, ""node"": ""occ_01"", ""pir_door"": 0, ""pir_seat"": -1}"
27051,3,False,ok,2026-09-03T14:22:25.748524+00:00,2026-09-03T14:22:25.919757+00:00,"{""door_main"": 0, ""door_sub"": 1, ""node"": ""occ_01"", ""pir_door"": 0, ""pir_seat"": -1}"
27052,3,False,ok,2026-09-03T14:22:26.755089+00:00,2026-09-03T14:22:26.934803+00:00,"{""door_main"": 0, ""door_sub"": 1, ""node"": ""occ_01"", ""pir_door"": 0, ""pir_seat"": -1}"
27053,3,False,ok,2026-09-03T14:22:27.767186+00:00,2026-09-03T14:22:27.944613+00:00,"{""door_main"": 0, ""door_sub"": 1, ""node"": ""occ_01"", ""pir_door"": 0, ""pir_seat"": -1}"
27054,3,False,ok,2026-09-03T14:22:28.995329+00:00,2026-09-03T14:22:29.189534+00:00,"{""door_main"": 0, ""door_sub"": 1, ""node"": ""occ_01"", ""pir_door"": 0, ""pir_seat"": -1}"
27055,3,True,ok,2026-09-03T14:22:29.791187+00:00,2026-09-03T14:22:29.905034+00:00,"{""door_main"": 0, ""door_sub"": 1, ""node"": ""occ_01"", ""pir_door"": 1, ""pir_seat"": -1}"
27056,3,False,ok,2026-09-03T14:22:30.804989+00:00,2026-09-03T14:22:30.969594+00:00,"{""door_main"": 0, ""door_sub"": 1, ""node"": ""occ_01"", ""pir_door"": 0, ""pir_seat"": -1}"
27057,3,False,ok,2026-09-03T14:22:31.815324+00:00,2026-09-03T14:22:31.964687+00:00,"{""door_main"": 0, ""door_sub"": 1, ""node"": ""occ_01"", ""pir_door"": 0, ""pir_seat"": -1}"
27058,3,False,ok,2026-09-03T14:22:32.829335+00:00,2026-09-03T14:22:33.010013+00:00,"{""door_main"": 0, ""door_sub"": 1, ""node"": ""occ_01"", ""pir_door"": 0, ""pir_seat"": -1}"
27059,3,True,ok,2026-09-03T14:22:34.050591+00:00,2026-09-03T14:22:34.195129+00:00,"{""door_main"": 0, ""door_sub"": 1, ""node"": ""occ_01"", ""pir_door"": 1, ""pir_seat"": -1}"
27060,3,False,ok,2026-09-03T14:22:34.851302+00:00,2026-09-03T14:22:35.004500+00:00,"{""door_main"": 0, ""door_sub"": 1, ""node"": ""occ_01"", ""pir_door"": 0, ""pir_seat"": -1}"
27061,3,False,ok,2026-09-03T14:22:35.863304+00:00,2026-09-03T14:22:36.039750+00:00,"{""door_main"": 0, ""door_sub"": 1, ""node"": ""occ_01"", ""pir_door"": 0, ""pir_seat"": -1}"
27062,3,False,ok,2026-09-03T14:22:36.876267+00:00,2026-09-03T14:22:37.044682+00:00,"{""door_main"": 0, ""door_sub"": 1, ""node"": ""occ_01"", ""pir_door"": 0, ""pir_seat"": -1}"
27063,3,False,ok,2026-09-03T14:22:37.887131+00:00,2026-09-03T14:22:38.074494+00:00,"{""door_main"": 0, ""door_sub"": 1, ""node"": ""occ_01"", ""pir_door"": 0, ""pir_seat"": -1}"
27064,3,False,ok,2026-09-03T14:22:39.046153+00:00,2026-09-03T14:22:39.194806+00:00,"{""door_main"": 0, ""door_sub"": 1, ""node"": ""occ_01"", ""pir_door"": 0, ""pir_seat"": -1}"
27065,3,False,ok,2026-09-03T14:22:39.912677+00:00,2026-09-03T14:22:39.994663+00:00,"{""door_main"": 0, ""door_sub"": 1, ""node"": ""occ_01"", ""pir_door"": 0, ""pir_seat"": -1}"
27066,3,False,ok,2026-09-03T14:22:40.923222+00:00,2026-09-03T14:22:41.089661+00:00,"{""door_main"": 0, ""door_sub"": 1, ""node"": ""occ_01"", ""pir_door"": 0, ""pir_seat"": -1}"
27067,3,False,ok,2026-09-03T14:22:41.938703+00:00,2026-09-03T14:22:42.080174+00:00,"{""door_main"": 0, ""door_sub"": 1, ""node"": ""occ_01"", ""pir_door"": 0, ""pir_seat"": -1}"
27068,3,False,ok,2026-09-03T14:22:42.950388+00:00,2026-09-03T14:22:43.159975+00:00,"{""door_main"": 0, ""door_sub"": 1, ""node"": ""occ_01"", ""pir_door"": 0, ""pir_seat"": -1}"
27069,3,False,ok,2026-09-03T14:22:44.085042+00:00,2026-09-03T14:22:44.229855+00:00,"{""door_main"": 0, ""door_sub"": 1, ""node"": ""occ_01"", ""pir_door"": 0, ""pir_seat"": -1}"
27070,3,False,ok,2026-09-03T14:22:44.971183+00:00,2026-09-03T14:22:45.169630+00:00,"{""door_main"": 0, ""door_sub"": 1, ""node"": ""occ_01"", ""pir_door"": 0, ""pir_seat"": -1}"
27071,3,True,ok,2026-09-03T14:22:45.982821+00:00,2026-09-03T14:22:46.164605+00:00,"{""door_main"": 0, ""door_sub"": 1, ""node"": ""occ_01"", ""pir_door"": 1, ""pir_seat"": -1}"
27072,3,False,ok,2026-09-03T14:22:47.003166+00:00,2026-09-03T14:22:47.180285+00:00,"{""door_main"": 0, ""door_sub"": 1, ""node"": ""occ_01"", ""pir_door"": 0, ""pir_seat"": -1}"
27073,3,False,ok,2026-09-03T14:22:48.010304+00:00,2026-09-03T14:22:48.209986+00:00,"{""door_main"": 0, ""door_sub"": 1, ""node"": ""occ_01"", ""pir_door"": 0, ""pir_seat"": -1}"
27074,3,True,ok,2026-09-03T14:22:49.191055+00:00,2026-09-03T14:22:49.299916+00:00,"{""door_main"": 0, ""door_sub"": 1, ""node"": ""occ_01"", ""pir_door"": 1, ""pir_seat"": -1}"
27075,3,False,ok,2026-09-03T14:22:50.032708+00:00,2026-09-03T14:22:50.134528+00:00,"{""door_main"": 0, ""door_sub"": 1, ""node"": ""occ_01"", ""pir_door"": 0, ""pir_seat"": -1}"
27076,3,False,ok,2026-09-03T14:22:51.045315+00:00,2026-09-03T14:22:51.244411+00:00,"{""door_main"": 0, ""door_sub"": 1, ""node"": ""occ_01"", ""pir_door"": 0, ""pir_seat"": -1}"
27077,3,False,ok,2026-09-03T14:22:52.056655+00:00,2026-09-03T14:22:52.199729+00:00,"{""door_main"": 0, ""door_sub"": 1, ""node"": ""occ_01"", ""pir_door"": 0, ""pir_seat"": -1}"
27078,3,False,ok,2026-09-03T14:22:53.067282+00:00,2026-09-03T14:22:53.234443+00:00,"{""door_main"": 0, ""door_sub"": 1, ""node"": ""occ_01"", ""pir_door"": 0, ""pir_seat"": -1}"
27079,3,False,ok,2026-09-03T14:22:54.210010+00:00,2026-09-03T14:22:54.389610+00:00,"{""door_main"": 0, ""door_sub"": 1, ""node"": ""occ_01"", ""pir_door"": 0, ""pir_seat"": -1}"
27080,3,False,ok,2026-09-03T14:22:55.092932+00:00,2026-09-03T14:22:55.300357+00:00,"{""door_main"": 0, ""door_sub"": 1, ""node"": ""occ_01"", ""pir_door"": 0, ""pir_seat"": -1}"
27081,3,True,ok,2026-09-03T14:22:56.103223+00:00,2026-09-03T14:22:56.229510+00:00,"{""door_main"": 0, ""door_sub"": 1, ""node"": ""occ_01"", ""pir_door"": 1, ""pir_seat"": -1}"
27082,3,False,ok,2026-09-03T14:22:57.115281+00:00,2026-09-03T14:22:57.279796+00:00,"{""door_main"": 0, ""door_sub"": 1, ""node"": ""occ_01"", ""pir_door"": 0, ""pir_seat"": -1}"
27083,3,False,ok,2026-09-03T14:22:58.127213+00:00,2026-09-03T14:22:58.299861+00:00,"{""door_main"": 0, ""door_sub"": 1, ""node"": ""occ_01"", ""pir_door"": 0, ""pir_seat"": -1}"
27084,3,False,ok,2026-09-03T14:22:59.200133+00:00,2026-09-03T14:22:59.384505+00:00,"{""door_main"": 0, ""door_sub"": 1, ""node"": ""occ_01"", ""pir_door"": 0, ""pir_seat"": -1}"
27085,3,False,ok,2026-09-03T14:23:00.151214+00:00,2026-09-03T14:23:00.259897+00:00,"{""door_main"": 0, ""door_sub"": 1, ""node"": ""occ_01"", ""pir_door"": 0, ""pir_seat"": -1}"
27086,3,False,ok,2026-09-03T14:23:01.165853+00:00,2026-09-03T14:23:01.265005+00:00,"{""door_main"": 0, ""door_sub"": 1, ""node"": ""occ_01"", ""pir_door"": 0, ""pir_seat"": -1}"
27087,3,False,ok,2026-09-03T14:23:02.176599+00:00,2026-09-03T14:23:02.356297+00:00,"{""door_main"": 0, ""door_sub"": 1, ""node"": ""occ_01"", ""pir_door"": 0, ""pir_seat"": -1}"
27088,3,True,ok,2026-09-03T14:23:03.192829+00:00,2026-09-03T14:23:03.376061+00:00,"{""door_main"": 0, ""door_sub"": 1, ""node"": ""occ_01"", ""pir_door"": 1, ""pir_seat"": -1}"
27089,3,False,ok,2026-09-03T14:23:04.364643+00:00,2026-09-03T14:23:04.533774+00:00,"{""door_main"": 0, ""door_sub"": 1, ""node"": ""occ_01"", ""pir_door"": 0, ""pir_seat"": -1}"
27090,3,False,ok,2026-09-03T14:23:05.211221+00:00,2026-09-03T14:23:05.420027+00:00,"{""door_main"": 0, ""door_sub"": 1, ""node"": ""occ_01"", ""pir_door"": 0, ""pir_seat"": -1}"
27091,3,False,ok,2026-09-03T14:23:06.223205+00:00,2026-09-03T14:23:06.419762+00:00,"{""door_main"": 0, ""door_sub"": 1, ""node"": ""occ_01"", ""pir_door"": 0, ""pir_seat"": -1}"
27092,3,True,ok,2026-09-03T14:23:07.236644+00:00,2026-09-03T14:23:07.429583+00:00,"{""door_main"": 0, ""door_sub"": 1, ""node"": ""occ_01"", ""pir_door"": 1, ""pir_seat"": -1}"
27093,3,False,ok,2026-09-03T14:23:08.249990+00:00,2026-09-03T14:23:08.425037+00:00,"{""door_main"": 0, ""door_sub"": 1, ""node"": ""occ_01"", ""pir_door"": 0, ""pir_seat"": -1}"
27094,3,False,ok,2026-09-03T14:23:09.259402+00:00,2026-09-03T14:23:09.369875+00:00,"{""door_main"": 0, ""door_sub"": 1, ""node"": ""occ_01"", ""pir_door"": 0, ""pir_seat"": -1}"
27095,3,True,ok,2026-09-03T14:23:10.271281+00:00,2026-09-03T14:23:10.354958+00:00,"{""door_main"": 0, ""door_sub"": 1, ""node"": ""occ_01"", ""pir_door"": 1, ""pir_seat"": -1}"
27096,3,False,ok,2026-09-03T14:23:11.284817+00:00,2026-09-03T14:23:11.494906+00:00,"{""door_main"": 0, ""door_sub"": 1, ""node"": ""occ_01"", ""pir_door"": 0, ""pir_seat"": -1}"
27097,3,False,ok,2026-09-03T14:23:12.295170+00:00,2026-09-03T14:23:12.455651+00:00,"{""door_main"": 0, ""door_sub"": 1, ""node"": ""occ_01"", ""pir_door"": 0, ""pir_seat"": -1}"
27098,3,False,ok,2026-09-03T14:23:13.307259+00:00,2026-09-03T14:23:13.464777+00:00,"{""door_main"": 0, ""door_sub"": 1, ""node"": ""occ_01"", ""pir_door"": 0, ""pir_seat"": -1}"
27099,3,True,ok,2026-09-03T14:23:14.322748+00:00,2026-09-03T14:23:14.479977+00:00,"{""door_main"": 0, ""door_sub"": 1, ""node"": ""occ_01"", ""pir_door"": 1, ""pir_seat"": -1}"
27100,3,False,ok,2026-09-03T14:23:15.331158+00:00,2026-09-03T14:23:15.499716+00:00,"{""door_main"": 0, ""door_sub"": 1, ""node"": ""occ_01"", ""pir_door"": 0, ""pir_seat"": -1}"
27101,3,False,ok,2026-09-03T14:23:16.347172+00:00,2026-09-03T14:23:16.539776+00:00,"{""door_main"": 0, ""door_sub"": 1, ""node"": ""occ_01"", ""pir_door"": 0, ""pir_seat"": -1}"
27102,3,False,ok,2026-09-03T14:23:17.357047+00:00,2026-09-03T14:23:17.504850+00:00,"{""door_main"": 0, ""door_sub"": 1, ""node"": ""occ_01"", ""pir_door"": 0, ""pir_seat"": -1}"
27103,3,True,ok,2026-09-03T14:23:18.369072+00:00,2026-09-03T14:23:18.544852+00:00,"{""door_main"": 0, ""door_sub"": 1, ""node"": ""occ_01"", ""pir_door"": 1, ""pir_seat"": -1}"
27104,3,False,ok,2026-09-03T14:23:19.384649+00:00,2026-09-03T14:23:19.474868+00:00,"{""door_main"": 0, ""door_sub"": 1, ""node"": ""occ_01"", ""pir_door"": 0, ""pir_seat"": -1}"
27105,3,False,ok,2026-09-03T14:23:20.393392+00:00,2026-09-03T14:23:20.504736+00:00,"{""door_main"": 0, ""door_sub"": 1, ""node"": ""occ_01"", ""pir_door"": 0, ""pir_seat"": -1}"
27106,3,False,ok,2026-09-03T14:23:21.406302+00:00,2026-09-03T14:23:21.584603+00:00,"{""door_main"": 0, ""door_sub"": 1, ""node"": ""occ_01"", ""pir_door"": 0, ""pir_seat"": -1}"
27107,3,True,ok,2026-09-03T14:23:22.415195+00:00,2026-09-03T14:23:22.599728+00:00,"{""door_main"": 0, ""door_sub"": 1, ""node"": ""occ_01"", ""pir_door"": 1, ""pir_seat"": -1}"
27108,3,False,ok,2026-09-03T14:23:23.427364+00:00,2026-09-03T14:23:23.624735+00:00,"{""door_main"": 0, ""door_sub"": 1, ""node"": ""occ_01"", ""pir_door"": 0, ""pir_seat"": -1}"
27109,3,False,ok,2026-09-03T14:23:24.439208+00:00,2026-09-03T14:23:24.640498+00:00,"{""door_main"": 0, ""door_sub"": 1, ""node"": ""occ_01"", ""pir_door"": 0, ""pir_seat"": -1}"
27110,3,False,ok,2026-09-03T14:23:25.453959+00:00,2026-09-03T14:23:25.604740+00:00,"{""door_main"": 0, ""door_sub"": 1, ""node"": ""occ_01"", ""pir_door"": 0, ""pir_seat"": -1}"
27111,3,True,ok,2026-09-03T14:23:27.779982+00:00,2026-09-03T14:23:27.964655+00:00,"{""door_main"": 0, ""door_sub"": 1, ""node"": ""occ_01"", ""pir_door"": 1, ""pir_seat"": -1}"
27112,3,False,ok,2026-09-03T14:23:28.120607+00:00,2026-09-03T14:23:28.280834+00:00,"{""door_main"": 0, ""door_sub"": 1, ""node"": ""occ_01"", ""pir_door"": 0, ""pir_seat"": -1}"
27113,3,False,ok,2026-09-03T14:23:28.559950+00:00,2026-09-03T14:23:28.664613+00:00,"{""door_main"": 0, ""door_sub"": 1, ""node"": ""occ_01"", ""pir_door"": 0, ""pir_seat"": -1}"
27114,3,True,ok,2026-09-03T14:23:29.499288+00:00,2026-09-03T14:23:29.595545+00:00,"{""door_main"": 0, ""door_sub"": 1, ""node"": ""occ_01"", ""pir_door"": 1, ""pir_seat"": -1}"
27115,3,False,ok,2026-09-03T14:23:30.514457+00:00,2026-09-03T14:23:30.694743+00:00,"{""door_main"": 0, ""door_sub"": 1, ""node"": ""occ_01"", ""pir_door"": 0, ""pir_seat"": -1}"
27116,3,False,ok,2026-09-03T14:23:31.526254+00:00,2026-09-03T14:23:31.714655+00:00,"{""door_main"": 0, ""door_sub"": 1, ""node"": ""occ_01"", ""pir_door"": 0, ""pir_seat"": -1}"
27117,3,False,ok,2026-09-03T14:23:32.536753+00:00,2026-09-03T14:23:32.719697+00:00,"{""door_main"": 0, ""door_sub"": 1, ""node"": ""occ_01"", ""pir_door"": 0, ""pir_seat"": -1}"
27118,3,True,ok,2026-09-03T14:23:33.547261+00:00,2026-09-03T14:23:33.724511+00:00,"{""door_main"": 0, ""door_sub"": 1, ""node"": ""occ_01"", ""pir_door"": 1, ""pir_seat"": -1}"
27119,3,False,ok,2026-09-03T14:23:34.560658+00:00,2026-09-03T14:23:34.749601+00:00,"{""door_main"": 0, ""door_sub"": 1, ""node"": ""occ_01"", ""pir_door"": 0, ""pir_seat"": -1}"
27120,3,False,ok,2026-09-03T14:23:35.573321+00:00,2026-09-03T14:23:35.764778+00:00,"{""door_main"": 0, ""door_sub"": 1, ""node"": ""occ_01"", ""pir_door"": 0, ""pir_seat"": -1}"
27121,3,False,ok,2026-09-03T14:23:36.583477+00:00,2026-09-03T14:23:36.744617+00:00,"{""door_main"": 0, ""door_sub"": 1, ""node"": ""occ_01"", ""pir_door"": 0, ""pir_seat"": -1}"
27122,3,False,ok,2026-09-03T14:23:37.601182+00:00,2026-09-03T14:23:37.754557+00:00,"{""door_main"": 0, ""door_sub"": 1, ""node"": ""occ_01"", ""pir_door"": 0, ""pir_seat"": -1}"
27123,3,False,ok,2026-09-03T14:23:38.607242+00:00,2026-09-03T14:23:38.784628+00:00,"{""door_main"": 0, ""door_sub"": 1, ""node"": ""occ_01"", ""pir_door"": 0, ""pir_seat"": -1}"
27124,3,False,ok,2026-09-03T14:23:39.620945+00:00,2026-09-03T14:23:39.714629+00:00,"{""door_main"": 0, ""door_sub"": 1, ""node"": ""occ_01"", ""pir_door"": 0, ""pir_seat"": -1}"
27125,3,False,ok,2026-09-03T14:23:40.631356+00:00,2026-09-03T14:23:40.714620+00:00,"{""door_main"": 0, ""door_sub"": 1, ""node"": ""occ_01"", ""pir_door"": 0, ""pir_seat"": -1}"
27126,3,False,ok,2026-09-03T14:23:41.643558+00:00,2026-09-03T14:23:41.814870+00:00,"{""door_main"": 0, ""door_sub"": 1, ""node"": ""occ_01"", ""pir_door"": 0, ""pir_seat"": -1}"
27127,3,False,ok,2026-09-03T14:23:42.655262+00:00,2026-09-03T14:23:42.844498+00:00,"{""door_main"": 0, ""door_sub"": 1, ""node"": ""occ_01"", ""pir_door"": 0, ""pir_seat"": -1}"
27128,3,False,ok,2026-09-03T14:23:43.685194+00:00,2026-09-03T14:23:43.864815+00:00,"{""door_main"": 0, ""door_sub"": 1, ""node"": ""occ_01"", ""pir_door"": 0, ""pir_seat"": -1}"
27129,3,False,ok,2026-09-03T14:23:44.679391+00:00,2026-09-03T14:23:44.779859+00:00,"{""door_main"": 0, ""door_sub"": 1, ""node"": ""occ_01"", ""pir_door"": 0, ""pir_seat"": -1}"
27130,3,False,ok,2026-09-03T14:23:45.691356+00:00,2026-09-03T14:23:45.789579+00:00,"{""door_main"": 0, ""door_sub"": 1, ""node"": ""occ_01"", ""pir_door"": 0, ""pir_seat"": -1}"
27131,3,False,ok,2026-09-03T14:23:46.706977+00:00,2026-09-03T14:23:46.894804+00:00,"{""door_main"": 0, ""door_sub"": 1, ""node"": ""occ_01"", ""pir_door"": 0, ""pir_seat"": -1}"
27132,3,True,ok,2026-09-03T14:23:47.718273+00:00,2026-09-03T14:23:47.864663+00:00,"{""door_main"": 0, ""door_sub"": 1, ""node"": ""occ_01"", ""pir_door"": 1, ""pir_seat"": -1}"
27133,3,False,ok,2026-09-03T14:23:48.727248+00:00,2026-09-03T14:23:48.879670+00:00,"{""door_main"": 0, ""door_sub"": 1, ""node"": ""occ_01"", ""pir_door"": 0, ""pir_seat"": -1}"
27134,3,False,ok,2026-09-03T14:23:49.739252+00:00,2026-09-03T14:23:49.829567+00:00,"{""door_main"": 0, ""door_sub"": 1, ""node"": ""occ_01"", ""pir_door"": 0, ""pir_seat"": -1}"
27135,3,True,ok,2026-09-03T14:23:50.751320+00:00,2026-09-03T14:23:50.894560+00:00,"{""door_main"": 0, ""door_sub"": 1, ""node"": ""occ_01"", ""pir_door"": 1, ""pir_seat"": -1}"
27136,3,False,ok,2026-09-03T14:23:51.770973+00:00,2026-09-03T14:23:51.924520+00:00,"{""door_main"": 0, ""door_sub"": 1, ""node"": ""occ_01"", ""pir_door"": 0, ""pir_seat"": -1}"
27137,3,False,ok,2026-09-03T14:23:52.777146+00:00,2026-09-03T14:23:52.974632+00:00,"{""door_main"": 0, ""door_sub"": 1, ""node"": ""occ_01"", ""pir_door"": 0, ""pir_seat"": -1}"
27138,3,False,ok,2026-09-03T14:23:53.788700+00:00,2026-09-03T14:23:53.894532+00:00,"{""door_main"": 0, ""door_sub"": 1, ""node"": ""occ_01"", ""pir_door"": 0, ""pir_seat"": -1}"
27139,3,False,ok,2026-09-03T14:23:54.802713+00:00,2026-09-03T14:23:54.894740+00:00,"{""door_main"": 0, ""door_sub"": 1, ""node"": ""occ_01"", ""pir_door"": 0, ""pir_seat"": -1}"
27140,3,False,ok,2026-09-03T14:23:55.812759+00:00,2026-09-03T14:23:55.974397+00:00,"{""door_main"": 0, ""door_sub"": 1, ""node"": ""occ_01"", ""pir_door"": 0, ""pir_seat"": -1}"
27141,3,False,ok,2026-09-03T14:23:56.823357+00:00,2026-09-03T14:23:56.969787+00:00,"{""door_main"": 0, ""door_sub"": 1, ""node"": ""occ_01"", ""pir_door"": 0, ""pir_seat"": -1}"
27142,3,True,ok,2026-09-03T14:23:57.838281+00:00,2026-09-03T14:23:58.020763+00:00,"{""door_main"": 0, ""door_sub"": 1, ""node"": ""occ_01"", ""pir_door"": 1, ""pir_seat"": -1}"
27143,3,False,ok,2026-09-03T14:23:58.849080+00:00,2026-09-03T14:23:58.924618+00:00,"{""door_main"": 0, ""door_sub"": 1, ""node"": ""occ_01"", ""pir_door"": 0, ""pir_seat"": -1}"
27144,3,False,ok,2026-09-03T14:23:59.863845+00:00,2026-09-03T14:23:59.969507+00:00,"{""door_main"": 0, ""door_sub"": 1, ""node"": ""occ_01"", ""pir_door"": 0, ""pir_seat"": -1}"
27145,3,False,ok,2026-09-03T14:24:00.871326+00:00,2026-09-03T14:24:01.059872+00:00,"{""door_main"": 0, ""door_sub"": 1, ""node"": ""occ_01"", ""pir_door"": 0, ""pir_seat"": -1}"
27146,3,True,ok,2026-09-03T14:24:01.883403+00:00,2026-09-03T14:24:02.104560+00:00,"{""door_main"": 0, ""door_sub"": 1, ""node"": ""occ_01"", ""pir_door"": 1, ""pir_seat"": -1}"
27147,3,False,ok,2026-09-03T14:24:02.895278+00:00,2026-09-03T14:24:03.127426+00:00,"{""door_main"": 0, ""door_sub"": 1, ""node"": ""occ_01"", ""pir_door"": 0, ""pir_seat"": -1}"
27148,3,False,ok,2026-09-03T14:24:03.914212+00:00,2026-09-03T14:24:04.119783+00:00,"{""door_main"": 0, ""door_sub"": 1, ""node"": ""occ_01"", ""pir_door"": 0, ""pir_seat"": -1}"
27149,3,False,ok,2026-09-03T14:24:04.919251+00:00,2026-09-03T14:24:05.036094+00:00,"{""door_main"": 0, ""door_sub"": 1, ""node"": ""occ_01"", ""pir_door"": 0, ""pir_seat"": -1}"
27150,3,False,ok,2026-09-03T14:24:05.932915+00:00,2026-09-03T14:24:06.124756+00:00,"{""door_main"": 0, ""door_sub"": 1, ""node"": ""occ_01"", ""pir_door"": 0, ""pir_seat"": -1}"
27151,3,False,ok,2026-09-03T14:24:06.943377+00:00,2026-09-03T14:24:07.124790+00:00,"{""door_main"": 0, ""door_sub"": 1, ""node"": ""occ_01"", ""pir_door"": 0, ""pir_seat"": -1}"
27152,3,False,ok,2026-09-03T14:24:07.959811+00:00,2026-09-03T14:24:08.149664+00:00,"{""door_main"": 0, ""door_sub"": 1, ""node"": ""occ_01"", ""pir_door"": 0, ""pir_seat"": -1}"
27153,3,False,ok,2026-09-03T14:24:08.970451+00:00,2026-09-03T14:24:09.081483+00:00,"{""door_main"": 0, ""door_sub"": 1, ""node"": ""occ_01"", ""pir_door"": 0, ""pir_seat"": -1}"
27154,3,False,ok,2026-09-03T14:24:09.980889+00:00,2026-09-03T14:24:10.075003+00:00,"{""door_main"": 0, ""door_sub"": 1, ""node"": ""occ_01"", ""pir_door"": 0, ""pir_seat"": -1}"
27155,3,False,ok,2026-09-03T14:24:10.993153+00:00,2026-09-03T14:24:11.174493+00:00,"{""door_main"": 0, ""door_sub"": 1, ""node"": ""occ_01"", ""pir_door"": 0, ""pir_seat"": -1}"
27156,3,False,ok,2026-09-03T14:24:12.005339+00:00,2026-09-03T14:24:12.194603+00:00,"{""door_main"": 0, ""door_sub"": 1, ""node"": ""occ_01"", ""pir_door"": 0, ""pir_seat"": -1}"
27157,3,False,ok,2026-09-03T14:24:13.017460+00:00,2026-09-03T14:24:13.140860+00:00,"{""door_main"": 0, ""door_sub"": 1, ""node"": ""occ_01"", ""pir_door"": 0, ""pir_seat"": -1}"
27158,3,False,ok,2026-09-03T14:24:14.027779+00:00,2026-09-03T14:24:14.139695+00:00,"{""door_main"": 0, ""door_sub"": 1, ""node"": ""occ_01"", ""pir_door"": 0, ""pir_seat"": -1}"
27159,3,False,ok,2026-09-03T14:24:15.039354+00:00,2026-09-03T14:24:15.124534+00:00,"{""door_main"": 0, ""door_sub"": 1, ""node"": ""occ_01"", ""pir_door"": 0, ""pir_seat"": -1}"
27160,3,False,ok,2026-09-03T14:24:16.051346+00:00,2026-09-03T14:24:16.244520+00:00,"{""door_main"": 0, ""door_sub"": 1, ""node"": ""occ_01"", ""pir_door"": 0, ""pir_seat"": -1}"
27161,3,False,ok,2026-09-03T14:24:17.064903+00:00,2026-09-03T14:24:17.244575+00:00,"{""door_main"": 0, ""door_sub"": 1, ""node"": ""occ_01"", ""pir_door"": 0, ""pir_seat"": -1}"
27162,3,False,ok,2026-09-03T14:24:18.075383+00:00,2026-09-03T14:24:18.239547+00:00,"{""door_main"": 0, ""door_sub"": 1, ""node"": ""occ_01"", ""pir_door"": 0, ""pir_seat"": -1}"
27163,3,True,ok,2026-09-03T14:24:19.088867+00:00,2026-09-03T14:24:19.175338+00:00,"{""door_main"": 0, ""door_sub"": 1, ""node"": ""occ_01"", ""pir_door"": 1, ""pir_seat"": -1}"
27164,3,False,ok,2026-09-03T14:24:20.099409+00:00,2026-09-03T14:24:20.184589+00:00,"{""door_main"": 0, ""door_sub"": 1, ""node"": ""occ_01"", ""pir_door"": 0, ""pir_seat"": -1}"
27165,3,False,ok,2026-09-03T14:24:21.111403+00:00,2026-09-03T14:24:21.284558+00:00,"{""door_main"": 0, ""door_sub"": 1, ""node"": ""occ_01"", ""pir_door"": 0, ""pir_seat"": -1}"
27166,3,True,ok,2026-09-03T14:24:22.123289+00:00,2026-09-03T14:24:22.279670+00:00,"{""door_main"": 0, ""door_sub"": 1, ""node"": ""occ_01"", ""pir_door"": 1, ""pir_seat"": -1}"
27167,3,False,ok,2026-09-03T14:24:23.135370+00:00,2026-09-03T14:24:23.219826+00:00,"{""door_main"": 0, ""door_sub"": 1, ""node"": ""occ_01"", ""pir_door"": 0, ""pir_seat"": -1}"
27168,3,False,ok,2026-09-03T14:24:24.152373+00:00,2026-09-03T14:24:24.259845+00:00,"{""door_main"": 0, ""door_sub"": 1, ""node"": ""occ_01"", ""pir_door"": 0, ""pir_seat"": -1}"
27169,3,False,ok,2026-09-03T14:24:25.161162+00:00,2026-09-03T14:24:25.284651+00:00,"{""door_main"": 0, ""door_sub"": 1, ""node"": ""occ_01"", ""pir_door"": 0, ""pir_seat"": -1}"
27170,3,True,ok,2026-09-03T14:24:26.171444+00:00,2026-09-03T14:24:26.380326+00:00,"{""door_main"": 0, ""door_sub"": 1, ""node"": ""occ_01"", ""pir_door"": 1, ""pir_seat"": -1}"
27171,3,False,ok,2026-09-03T14:24:27.183544+00:00,2026-09-03T14:24:27.374544+00:00,"{""door_main"": 0, ""door_sub"": 1, ""node"": ""occ_01"", ""pir_door"": 0, ""pir_seat"": -1}"
27172,3,False,ok,2026-09-03T14:24:28.195337+00:00,2026-09-03T14:24:28.279742+00:00,"{""door_main"": 0, ""door_sub"": 1, ""node"": ""occ_01"", ""pir_door"": 0, ""pir_seat"": -1}"
27173,3,True,ok,2026-09-03T14:24:29.209091+00:00,2026-09-03T14:24:29.304513+00:00,"{""door_main"": 0, ""door_sub"": 1, ""node"": ""occ_01"", ""pir_door"": 1, ""pir_seat"": -1}"
27174,3,False,ok,2026-09-03T14:24:30.219338+00:00,2026-09-03T14:24:30.340016+00:00,"{""door_main"": 0, ""door_sub"": 1, ""node"": ""occ_01"", ""pir_door"": 0, ""pir_seat"": -1}"
27175,3,False,ok,2026-09-03T14:24:31.233601+00:00,2026-09-03T14:24:31.439675+00:00,"{""door_main"": 0, ""door_sub"": 1, ""node"": ""occ_01"", ""pir_door"": 0, ""pir_seat"": -1}"
27176,3,False,ok,2026-09-03T14:24:32.243440+00:00,2026-09-03T14:24:32.345237+00:00,"{""door_main"": 0, ""door_sub"": 1, ""node"": ""occ_01"", ""pir_door"": 0, ""pir_seat"": -1}"
27177,3,False,ok,2026-09-03T14:24:33.255417+00:00,2026-09-03T14:24:33.444665+00:00,"{""door_main"": 0, ""door_sub"": 1, ""node"": ""occ_01"", ""pir_door"": 0, ""pir_seat"": -1}"
27178,3,False,ok,2026-09-03T14:24:34.267356+00:00,2026-09-03T14:24:34.384852+00:00,"{""door_main"": 0, ""door_sub"": 1, ""node"": ""occ_01"", ""pir_door"": 0, ""pir_seat"": -1}"
27179,3,False,ok,2026-09-03T14:24:35.280992+00:00,2026-09-03T14:24:35.449652+00:00,"{""door_main"": 0, ""door_sub"": 1, ""node"": ""occ_01"", ""pir_door"": 0, ""pir_seat"": -1}"
27180,3,True,ok,2026-09-03T14:24:36.291379+00:00,2026-09-03T14:24:36.489617+00:00,"{""door_main"": 0, ""door_sub"": 1, ""node"": ""occ_01"", ""pir_door"": 1, ""pir_seat"": -1}"
27181,3,False,ok,2026-09-03T14:24:37.305099+00:00,2026-09-03T14:24:37.514508+00:00,"{""door_main"": 0, ""door_sub"": 1, ""node"": ""occ_01"", ""pir_door"": 0, ""pir_seat"": -1}"
27182,3,False,ok,2026-09-03T14:24:38.315495+00:00,2026-09-03T14:24:38.484547+00:00,"{""door_main"": 0, ""door_sub"": 1, ""node"": ""occ_01"", ""pir_door"": 0, ""pir_seat"": -1}"
27183,3,False,ok,2026-09-03T14:24:39.328861+00:00,2026-09-03T14:24:39.414788+00:00,"{""door_main"": 0, ""door_sub"": 1, ""node"": ""occ_01"", ""pir_door"": 0, ""pir_seat"": -1}"
27184,3,False,ok,2026-09-03T14:24:40.344290+00:00,2026-09-03T14:24:40.429527+00:00,"{""door_main"": 0, ""door_sub"": 1, ""node"": ""occ_01"", ""pir_door"": 0, ""pir_seat"": -1}"
27185,3,False,ok,2026-09-03T14:24:41.352969+00:00,2026-09-03T14:24:41.544697+00:00,"{""door_main"": 0, ""door_sub"": 1, ""node"": ""occ_01"", ""pir_door"": 0, ""pir_seat"": -1}"
27186,3,False,ok,2026-09-03T14:24:42.364850+00:00,2026-09-03T14:24:42.514701+00:00,"{""door_main"": 0, ""door_sub"": 1, ""node"": ""occ_01"", ""pir_door"": 0, ""pir_seat"": -1}"
27187,3,True,ok,2026-09-03T14:24:43.377348+00:00,2026-09-03T14:24:43.464629+00:00,"{""door_main"": 0, ""door_sub"": 1, ""node"": ""occ_01"", ""pir_door"": 1, ""pir_seat"": -1}"
27188,3,False,ok,2026-09-03T14:24:44.387366+00:00,2026-09-03T14:24:44.480304+00:00,"{""door_main"": 0, ""door_sub"": 1, ""node"": ""occ_01"", ""pir_door"": 0, ""pir_seat"": -1}"
27189,3,False,ok,2026-09-03T14:24:45.399415+00:00,2026-09-03T14:24:45.499636+00:00,"{""door_main"": 0, ""door_sub"": 1, ""node"": ""occ_01"", ""pir_door"": 0, ""pir_seat"": -1}"
27190,3,True,ok,2026-09-03T14:24:46.413034+00:00,2026-09-03T14:24:46.614600+00:00,"{""door_main"": 0, ""door_sub"": 1, ""node"": ""occ_01"", ""pir_door"": 1, ""pir_seat"": -1}"
27191,3,False,ok,2026-09-03T14:24:47.425032+00:00,2026-09-03T14:24:47.524566+00:00,"{""door_main"": 0, ""door_sub"": 1, ""node"": ""occ_01"", ""pir_door"": 0, ""pir_seat"": -1}"
27192,3,False,ok,2026-09-03T14:24:48.437117+00:00,2026-09-03T14:24:48.534510+00:00,"{""door_main"": 0, ""door_sub"": 1, ""node"": ""occ_01"", ""pir_door"": 0, ""pir_seat"": -1}"
27193,3,False,ok,2026-09-03T14:24:49.739768+00:00,2026-09-03T14:24:49.834800+00:00,"{""door_main"": 0, ""door_sub"": 1, ""node"": ""occ_01"", ""pir_door"": 0, ""pir_seat"": -1}"
27194,3,False,ok,2026-09-03T14:24:50.459467+00:00,2026-09-03T14:24:50.544523+00:00,"{""door_main"": 0, ""door_sub"": 1, ""node"": ""occ_01"", ""pir_door"": 0, ""pir_seat"": -1}"
27195,3,False,ok,2026-09-03T14:24:51.473033+00:00,2026-09-03T14:24:51.599713+00:00,"{""door_main"": 0, ""door_sub"": 1, ""node"": ""occ_01"", ""pir_door"": 0, ""pir_seat"": -1}"
27196,3,False,ok,2026-09-03T14:24:52.485366+00:00,2026-09-03T14:24:52.584582+00:00,"{""door_main"": 0, ""door_sub"": 1, ""node"": ""occ_01"", ""pir_door"": 0, ""pir_seat"": -1}"
27197,3,False,ok,2026-09-03T14:24:53.495419+00:00,2026-09-03T14:24:53.584560+00:00,"{""door_main"": 0, ""door_sub"": 1, ""node"": ""occ_01"", ""pir_door"": 0, ""pir_seat"": -1}"
27198,3,False,ok,2026-09-03T14:24:54.799501+00:00,2026-09-03T14:24:54.904429+00:00,"{""door_main"": 0, ""door_sub"": 1, ""node"": ""occ_01"", ""pir_door"": 0, ""pir_seat"": -1}"
27199,3,False,ok,2026-09-03T14:24:55.519457+00:00,2026-09-03T14:24:55.604568+00:00,"{""door_main"": 0, ""door_sub"": 1, ""node"": ""occ_01"", ""pir_door"": 0, ""pir_seat"": -1}"
27200,3,True,ok,2026-09-03T14:24:56.537045+00:00,2026-09-03T14:24:56.649752+00:00,"{""door_main"": 0, ""door_sub"": 1, ""node"": ""occ_01"", ""pir_door"": 1, ""pir_seat"": -1}"
27201,3,False,ok,2026-09-03T14:24:57.545307+00:00,2026-09-03T14:24:57.629709+00:00,"{""door_main"": 0, ""door_sub"": 1, ""node"": ""occ_01"", ""pir_door"": 0, ""pir_seat"": -1}"
27202,3,False,ok,2026-09-03T14:24:58.555525+00:00,2026-09-03T14:24:58.664761+00:00,"{""door_main"": 0, ""door_sub"": 1, ""node"": ""occ_01"", ""pir_door"": 0, ""pir_seat"": -1}"
27203,3,False,ok,2026-09-03T14:24:59.819477+00:00,2026-09-03T14:24:59.909912+00:00,"{""door_main"": 0, ""door_sub"": 1, ""node"": ""occ_01"", ""pir_door"": 0, ""pir_seat"": -1}"
27204,3,True,ok,2026-09-03T14:25:00.579468+00:00,2026-09-03T14:25:00.679865+00:00,"{""door_main"": 0, ""door_sub"": 1, ""node"": ""occ_01"", ""pir_door"": 1, ""pir_seat"": -1}"
27205,3,False,ok,2026-09-03T14:25:01.591521+00:00,2026-09-03T14:25:01.742588+00:00,"{""door_main"": 0, ""door_sub"": 1, ""node"": ""occ_01"", ""pir_door"": 0, ""pir_seat"": -1}"
27206,3,False,ok,2026-09-03T14:25:02.603497+00:00,2026-09-03T14:25:02.775854+00:00,"{""door_main"": 0, ""door_sub"": 1, ""node"": ""occ_01"", ""pir_door"": 0, ""pir_seat"": -1}"
27207,3,True,ok,2026-09-03T14:25:03.617027+00:00,2026-09-03T14:25:03.752489+00:00,"{""door_main"": 0, ""door_sub"": 1, ""node"": ""occ_01"", ""pir_door"": 1, ""pir_seat"": -1}"
27208,3,False,ok,2026-09-03T14:25:04.904592+00:00,2026-09-03T14:25:05.009801+00:00,"{""door_main"": 0, ""door_sub"": 1, ""node"": ""occ_01"", ""pir_door"": 0, ""pir_seat"": -1}"
27209,3,False,ok,2026-09-03T14:25:05.641197+00:00,2026-09-03T14:25:05.734730+00:00,"{""door_main"": 0, ""door_sub"": 1, ""node"": ""occ_01"", ""pir_door"": 0, ""pir_seat"": -1}"
27210,3,False,ok,2026-09-03T14:25:06.654560+00:00,2026-09-03T14:25:06.829665+00:00,"{""door_main"": 0, ""door_sub"": 1, ""node"": ""occ_01"", ""pir_door"": 0, ""pir_seat"": -1}"
27211,3,False,ok,2026-09-03T14:25:07.663439+00:00,2026-09-03T14:25:07.859734+00:00,"{""door_main"": 0, ""door_sub"": 1, ""node"": ""occ_01"", ""pir_door"": 0, ""pir_seat"": -1}"
27212,3,False,ok,2026-09-03T14:25:08.675572+00:00,2026-09-03T14:25:08.764726+00:00,"{""door_main"": 0, ""door_sub"": 1, ""node"": ""occ_01"", ""pir_door"": 0, ""pir_seat"": -1}"
27213,3,False,ok,2026-09-03T14:25:09.884505+00:00,2026-09-03T14:25:09.979577+00:00,"{""door_main"": 0, ""door_sub"": 1, ""node"": ""occ_01"", ""pir_door"": 0, ""pir_seat"": -1}"
27214,3,True,ok,2026-09-03T14:25:10.701164+00:00,2026-09-03T14:25:10.799577+00:00,"{""door_main"": 0, ""door_sub"": 1, ""node"": ""occ_01"", ""pir_door"": 1, ""pir_seat"": -1}"
27215,3,False,ok,2026-09-03T14:25:11.713005+00:00,2026-09-03T14:25:11.895343+00:00,"{""door_main"": 0, ""door_sub"": 1, ""node"": ""occ_01"", ""pir_door"": 0, ""pir_seat"": -1}"
27216,3,False,ok,2026-09-03T14:25:12.727007+00:00,2026-09-03T14:25:12.839930+00:00,"{""door_main"": 0, ""door_sub"": 1, ""node"": ""occ_01"", ""pir_door"": 0, ""pir_seat"": -1}"
27217,3,False,ok,2026-09-03T14:25:13.735667+00:00,2026-09-03T14:25:13.814562+00:00,"{""door_main"": 0, ""door_sub"": 1, ""node"": ""occ_01"", ""pir_door"": 0, ""pir_seat"": -1}"
27218,3,False,ok,2026-09-03T14:25:14.904585+00:00,2026-09-03T14:25:14.994449+00:00,"{""door_main"": 0, ""door_sub"": 1, ""node"": ""occ_01"", ""pir_door"": 0, ""pir_seat"": -1}"
27219,3,False,ok,2026-09-03T14:25:15.762406+00:00,2026-09-03T14:25:15.869623+00:00,"{""door_main"": 0, ""door_sub"": 1, ""node"": ""occ_01"", ""pir_door"": 0, ""pir_seat"": -1}"
27220,3,False,ok,2026-09-03T14:25:16.773371+00:00,2026-09-03T14:25:16.959675+00:00,"{""door_main"": 0, ""door_sub"": 1, ""node"": ""occ_01"", ""pir_door"": 0, ""pir_seat"": -1}"
27221,3,False,ok,2026-09-03T14:25:17.783558+00:00,2026-09-03T14:25:17.955002+00:00,"{""door_main"": 0, ""door_sub"": 1, ""node"": ""occ_01"", ""pir_door"": 0, ""pir_seat"": -1}"
27222,3,False,ok,2026-09-03T14:25:18.795585+00:00,2026-09-03T14:25:18.954729+00:00,"{""door_main"": 0, ""door_sub"": 1, ""node"": ""occ_01"", ""pir_door"": 0, ""pir_seat"": -1}"
27223,3,False,ok,2026-09-03T14:25:19.959425+00:00,2026-09-03T14:25:20.064536+00:00,"{""door_main"": 0, ""door_sub"": 1, ""node"": ""occ_01"", ""pir_door"": 0, ""pir_seat"": -1}"
27224,3,True,ok,2026-09-03T14:25:20.821186+00:00,2026-09-03T14:25:20.924493+00:00,"{""door_main"": 0, ""door_sub"": 1, ""node"": ""occ_01"", ""pir_door"": 1, ""pir_seat"": -1}"
27225,3,False,ok,2026-09-03T14:25:21.832933+00:00,2026-09-03T14:25:22.039981+00:00,"{""door_main"": 0, ""door_sub"": 1, ""node"": ""occ_01"", ""pir_door"": 0, ""pir_seat"": -1}"
27226,3,False,ok,2026-09-03T14:25:22.843524+00:00,2026-09-03T14:25:22.944532+00:00,"{""door_main"": 0, ""door_sub"": 1, ""node"": ""occ_01"", ""pir_door"": 0, ""pir_seat"": -1}"
27227,3,False,ok,2026-09-03T14:25:23.855568+00:00,2026-09-03T14:25:24.049605+00:00,"{""door_main"": 0, ""door_sub"": 1, ""node"": ""occ_01"", ""pir_door"": 0, ""pir_seat"": -1}"
27228,3,False,ok,2026-09-03T14:25:25.014401+00:00,2026-09-03T14:25:25.099850+00:00,"{""door_main"": 0, ""door_sub"": 1, ""node"": ""occ_01"", ""pir_door"": 0, ""pir_seat"": -1}"
27229,3,False,ok,2026-09-03T14:25:25.881433+00:00,2026-09-03T14:25:26.024626+00:00,"{""door_main"": 0, ""door_sub"": 1, ""node"": ""occ_01"", ""pir_door"": 0, ""pir_seat"": -1}"
27230,3,False,ok,2026-09-03T14:25:26.892963+00:00,2026-09-03T14:25:27.069689+00:00,"{""door_main"": 0, ""door_sub"": 1, ""node"": ""occ_01"", ""pir_door"": 0, ""pir_seat"": -1}"
27231,3,True,ok,2026-09-03T14:25:27.907926+00:00,2026-09-03T14:25:27.999828+00:00,"{""door_main"": 0, ""door_sub"": 1, ""node"": ""occ_01"", ""pir_door"": 1, ""pir_seat"": -1}"
27232,3,False,ok,2026-09-03T14:25:28.919127+00:00,2026-09-03T14:25:29.119638+00:00,"{""door_main"": 0, ""door_sub"": 1, ""node"": ""occ_01"", ""pir_door"": 0, ""pir_seat"": -1}"
27233,3,False,ok,2026-09-03T14:25:30.184453+00:00,2026-09-03T14:25:30.279828+00:00,"{""door_main"": 0, ""door_sub"": 1, ""node"": ""occ_01"", ""pir_door"": 0, ""pir_seat"": -1}"
27234,3,True,ok,2026-09-03T14:25:30.939586+00:00,2026-09-03T14:25:31.129488+00:00,"{""door_main"": 0, ""door_sub"": 1, ""node"": ""occ_01"", ""pir_door"": 1, ""pir_seat"": -1}"
27235,3,False,ok,2026-09-03T14:25:31.951616+00:00,2026-09-03T14:25:32.159599+00:00,"{""door_main"": 0, ""door_sub"": 1, ""node"": ""occ_01"", ""pir_door"": 0, ""pir_seat"": -1}"
27236,3,False,ok,2026-09-03T14:25:32.963489+00:00,2026-09-03T14:25:33.044709+00:00,"{""door_main"": 0, ""door_sub"": 1, ""node"": ""occ_01"", ""pir_door"": 0, ""pir_seat"": -1}"
27237,3,False,ok,2026-09-03T14:25:33.978998+00:00,2026-09-03T14:25:34.134762+00:00,"{""door_main"": 0, ""door_sub"": 1, ""node"": ""occ_01"", ""pir_door"": 0, ""pir_seat"": -1}"
27238,3,False,ok,2026-09-03T14:25:35.409656+00:00,2026-09-03T14:25:35.599646+00:00,"{""door_main"": 0, ""door_sub"": 1, ""node"": ""occ_01"", ""pir_door"": 0, ""pir_seat"": -1}"
27239,3,False,ok,2026-09-03T14:25:36.001640+00:00,2026-09-03T14:25:36.194677+00:00,"{""door_main"": 0, ""door_sub"": 1, ""node"": ""occ_01"", ""pir_door"": 0, ""pir_seat"": -1}"
27240,3,False,ok,2026-09-03T14:25:37.011722+00:00,2026-09-03T14:25:37.204395+00:00,"{""door_main"": 0, ""door_sub"": 1, ""node"": ""occ_01"", ""pir_door"": 0, ""pir_seat"": -1}"
27241,3,True,ok,2026-09-03T14:25:38.025068+00:00,2026-09-03T14:25:38.214994+00:00,"{""door_main"": 0, ""door_sub"": 1, ""node"": ""occ_01"", ""pir_door"": 1, ""pir_seat"": -1}"
27242,3,False,ok,2026-09-03T14:25:39.037588+00:00,2026-09-03T14:25:39.229617+00:00,"{""door_main"": 0, ""door_sub"": 1, ""node"": ""occ_01"", ""pir_door"": 0, ""pir_seat"": -1}"
27243,3,False,ok,2026-09-03T14:25:40.284343+00:00,2026-09-03T14:25:40.379708+00:00,"{""door_main"": 0, ""door_sub"": 1, ""node"": ""occ_01"", ""pir_door"": 0, ""pir_seat"": -1}"
27244,3,False,ok,2026-09-03T14:25:41.059575+00:00,2026-09-03T14:25:41.159716+00:00,"{""door_main"": 0, ""door_sub"": 1, ""node"": ""occ_01"", ""pir_door"": 0, ""pir_seat"": -1}"
27245,3,False,ok,2026-09-03T14:25:42.071599+00:00,2026-09-03T14:25:42.175438+00:00,"{""door_main"": 0, ""door_sub"": 1, ""node"": ""occ_01"", ""pir_door"": 0, ""pir_seat"": -1}"
27246,3,False,ok,2026-09-03T14:25:43.083623+00:00,2026-09-03T14:25:43.204910+00:00,"{""door_main"": 0, ""door_sub"": 1, ""node"": ""occ_01"", ""pir_door"": 0, ""pir_seat"": -1}"
27247,3,False,ok,2026-09-03T14:25:44.101741+00:00,2026-09-03T14:25:44.289949+00:00,"{""door_main"": 0, ""door_sub"": 1, ""node"": ""occ_01"", ""pir_door"": 0, ""pir_seat"": -1}"
27248,3,True,ok,2026-09-03T14:25:45.116425+00:00,2026-09-03T14:25:45.209477+00:00,"{""door_main"": 0, ""door_sub"": 1, ""node"": ""occ_01"", ""pir_door"": 1, ""pir_seat"": -1}"
27249,3,False,ok,2026-09-03T14:25:46.119751+00:00,2026-09-03T14:25:46.309566+00:00,"{""door_main"": 0, ""door_sub"": 1, ""node"": ""occ_01"", ""pir_door"": 0, ""pir_seat"": -1}"
27250,3,False,ok,2026-09-03T14:25:47.133185+00:00,2026-09-03T14:25:47.345047+00:00,"{""door_main"": 0, ""door_sub"": 1, ""node"": ""occ_01"", ""pir_door"": 0, ""pir_seat"": -1}"
27251,3,True,ok,2026-09-03T14:25:48.146834+00:00,2026-09-03T14:25:48.259891+00:00,"{""door_main"": 0, ""door_sub"": 1, ""node"": ""occ_01"", ""pir_door"": 1, ""pir_seat"": -1}"
27252,3,False,ok,2026-09-03T14:25:49.155579+00:00,2026-09-03T14:25:49.334568+00:00,"{""door_main"": 0, ""door_sub"": 1, ""node"": ""occ_01"", ""pir_door"": 0, ""pir_seat"": -1}"
27253,3,False,ok,2026-09-03T14:25:50.167623+00:00,2026-09-03T14:25:50.259671+00:00,"{""door_main"": 0, ""door_sub"": 1, ""node"": ""occ_01"", ""pir_door"": 0, ""pir_seat"": -1}"
27254,3,False,ok,2026-09-03T14:25:51.181961+00:00,2026-09-03T14:25:51.269537+00:00,"{""door_main"": 0, ""door_sub"": 1, ""node"": ""occ_01"", ""pir_door"": 0, ""pir_seat"": -1}"
27255,3,False,ok,2026-09-03T14:25:52.193111+00:00,2026-09-03T14:25:52.304446+00:00,"{""door_main"": 0, ""door_sub"": 1, ""node"": ""occ_01"", ""pir_door"": 0, ""pir_seat"": -1}"
27256,3,False,ok,2026-09-03T14:25:53.204996+00:00,2026-09-03T14:25:53.299631+00:00,"{""door_main"": 0, ""door_sub"": 1, ""node"": ""occ_01"", ""pir_door"": 0, ""pir_seat"": -1}"
27257,3,False,ok,2026-09-03T14:25:54.218669+00:00,2026-09-03T14:25:54.404769+00:00,"{""door_main"": 0, ""door_sub"": 1, ""node"": ""occ_01"", ""pir_door"": 0, ""pir_seat"": -1}"
27258,3,True,ok,2026-09-03T14:25:55.227534+00:00,2026-09-03T14:25:55.314568+00:00,"{""door_main"": 0, ""door_sub"": 1, ""node"": ""occ_01"", ""pir_door"": 1, ""pir_seat"": -1}"
27259,3,False,ok,2026-09-03T14:25:56.239667+00:00,2026-09-03T14:25:56.324573+00:00,"{""door_main"": 0, ""door_sub"": 1, ""node"": ""occ_01"", ""pir_door"": 0, ""pir_seat"": -1}"
27260,3,False,ok,2026-09-03T14:25:57.251643+00:00,2026-09-03T14:25:57.334698+00:00,"{""door_main"": 0, ""door_sub"": 1, ""node"": ""occ_01"", ""pir_door"": 0, ""pir_seat"": -1}"
27261,3,True,ok,2026-09-03T14:25:58.263587+00:00,2026-09-03T14:25:58.354494+00:00,"{""door_main"": 0, ""door_sub"": 1, ""node"": ""occ_01"", ""pir_door"": 1, ""pir_seat"": -1}"
27262,3,False,ok,2026-09-03T14:25:59.277166+00:00,2026-09-03T14:25:59.444540+00:00,"{""door_main"": 0, ""door_sub"": 1, ""node"": ""occ_01"", ""pir_door"": 0, ""pir_seat"": -1}"
27263,3,False,ok,2026-09-03T14:26:00.289381+00:00,2026-09-03T14:26:00.374554+00:00,"{""door_main"": 0, ""door_sub"": 1, ""node"": ""occ_01"", ""pir_door"": 0, ""pir_seat"": -1}"
27264,3,False,ok,2026-09-03T14:26:01.301706+00:00,2026-09-03T14:26:01.407943+00:00,"{""door_main"": 0, ""door_sub"": 1, ""node"": ""occ_01"", ""pir_door"": 0, ""pir_seat"": -1}"
27265,3,False,ok,2026-09-03T14:26:02.314127+00:00,2026-09-03T14:26:02.424646+00:00,"{""door_main"": 0, ""door_sub"": 1, ""node"": ""occ_01"", ""pir_door"": 0, ""pir_seat"": -1}"
27266,3,False,ok,2026-09-03T14:26:03.325550+00:00,2026-09-03T14:26:03.495952+00:00,"{""door_main"": 0, ""door_sub"": 1, ""node"": ""occ_01"", ""pir_door"": 0, ""pir_seat"": -1}"
27267,3,False,ok,2026-09-03T14:26:04.338721+00:00,2026-09-03T14:26:04.524720+00:00,"{""door_main"": 0, ""door_sub"": 1, ""node"": ""occ_01"", ""pir_door"": 0, ""pir_seat"": -1}"
27268,3,True,ok,2026-09-03T14:26:05.347610+00:00,2026-09-03T14:26:05.449563+00:00,"{""door_main"": 0, ""door_sub"": 1, ""node"": ""occ_01"", ""pir_door"": 1, ""pir_seat"": -1}"
27269,3,False,ok,2026-09-03T14:26:06.359680+00:00,2026-09-03T14:26:06.540287+00:00,"{""door_main"": 0, ""door_sub"": 1, ""node"": ""occ_01"", ""pir_door"": 0, ""pir_seat"": -1}"
27270,3,False,ok,2026-09-03T14:26:07.371575+00:00,2026-09-03T14:26:07.549631+00:00,"{""door_main"": 0, ""door_sub"": 1, ""node"": ""occ_01"", ""pir_door"": 0, ""pir_seat"": -1}"
27271,3,True,ok,2026-09-03T14:26:08.383706+00:00,2026-09-03T14:26:08.549450+00:00,"{""door_main"": 0, ""door_sub"": 1, ""node"": ""occ_01"", ""pir_door"": 1, ""pir_seat"": -1}"
27272,3,False,ok,2026-09-03T14:26:09.397173+00:00,2026-09-03T14:26:09.504821+00:00,"{""door_main"": 0, ""door_sub"": 1, ""node"": ""occ_01"", ""pir_door"": 0, ""pir_seat"": -1}"
27273,3,False,ok,2026-09-03T14:26:10.409129+00:00,2026-09-03T14:26:10.504507+00:00,"{""door_main"": 0, ""door_sub"": 1, ""node"": ""occ_01"", ""pir_door"": 0, ""pir_seat"": -1}"
27274,3,False,ok,2026-09-03T14:26:11.422432+00:00,2026-09-03T14:26:11.624513+00:00,"{""door_main"": 0, ""door_sub"": 1, ""node"": ""occ_01"", ""pir_door"": 0, ""pir_seat"": -1}"
27275,3,False,ok,2026-09-03T14:26:12.432180+00:00,2026-09-03T14:26:12.555535+00:00,"{""door_main"": 0, ""door_sub"": 1, ""node"": ""occ_01"", ""pir_door"": 0, ""pir_seat"": -1}"
27276,3,False,ok,2026-09-03T14:26:13.443689+00:00,2026-09-03T14:26:13.544570+00:00,"{""door_main"": 0, ""door_sub"": 1, ""node"": ""occ_01"", ""pir_door"": 0, ""pir_seat"": -1}"
27277,3,False,ok,2026-09-03T14:26:14.457254+00:00,2026-09-03T14:26:14.649641+00:00,"{""door_main"": 0, ""door_sub"": 1, ""node"": ""occ_01"", ""pir_door"": 0, ""pir_seat"": -1}"
27278,3,True,ok,2026-09-03T14:26:15.564314+00:00,2026-09-03T14:26:15.674444+00:00,"{""door_main"": 0, ""door_sub"": 1, ""node"": ""occ_01"", ""pir_door"": 1, ""pir_seat"": -1}"
27279,3,False,ok,2026-09-03T14:26:16.481320+00:00,2026-09-03T14:26:16.569623+00:00,"{""door_main"": 0, ""door_sub"": 1, ""node"": ""occ_01"", ""pir_door"": 0, ""pir_seat"": -1}"
27280,3,False,ok,2026-09-03T14:26:17.494008+00:00,2026-09-03T14:26:17.599572+00:00,"{""door_main"": 0, ""door_sub"": 1, ""node"": ""occ_01"", ""pir_door"": 0, ""pir_seat"": -1}"
27281,3,False,ok,2026-09-03T14:26:18.503954+00:00,2026-09-03T14:26:18.674635+00:00,"{""door_main"": 0, ""door_sub"": 1, ""node"": ""occ_01"", ""pir_door"": 0, ""pir_seat"": -1}"
27282,3,False,ok,2026-09-03T14:26:19.515673+00:00,2026-09-03T14:26:19.709867+00:00,"{""door_main"": 0, ""door_sub"": 1, ""node"": ""occ_01"", ""pir_door"": 0, ""pir_seat"": -1}"
27283,3,False,ok,2026-09-03T14:26:20.529029+00:00,2026-09-03T14:26:20.614628+00:00,"{""door_main"": 0, ""door_sub"": 1, ""node"": ""occ_01"", ""pir_door"": 0, ""pir_seat"": -1}"
27284,3,False,ok,2026-09-03T14:26:21.541336+00:00,2026-09-03T14:26:21.639730+00:00,"{""door_main"": 0, ""door_sub"": 1, ""node"": ""occ_01"", ""pir_door"": 0, ""pir_seat"": -1}"
27285,3,True,ok,2026-09-03T14:26:22.551684+00:00,2026-09-03T14:26:22.629617+00:00,"{""door_main"": 0, ""door_sub"": 1, ""node"": ""occ_01"", ""pir_door"": 1, ""pir_seat"": -1}"
27286,3,False,ok,2026-09-03T14:26:23.563738+00:00,2026-09-03T14:26:23.749565+00:00,"{""door_main"": 0, ""door_sub"": 1, ""node"": ""occ_01"", ""pir_door"": 0, ""pir_seat"": -1}"
27287,3,False,ok,2026-09-03T14:26:24.579657+00:00,2026-09-03T14:26:24.749739+00:00,"{""door_main"": 0, ""door_sub"": 1, ""node"": ""occ_01"", ""pir_door"": 0, ""pir_seat"": -1}"
27288,3,True,ok,2026-09-03T14:26:25.591667+00:00,2026-09-03T14:26:25.689628+00:00,"{""door_main"": 0, ""door_sub"": 1, ""node"": ""occ_01"", ""pir_door"": 1, ""pir_seat"": -1}"
27289,3,False,ok,2026-09-03T14:26:26.603600+00:00,2026-09-03T14:26:26.709577+00:00,"{""door_main"": 0, ""door_sub"": 1, ""node"": ""occ_01"", ""pir_door"": 0, ""pir_seat"": -1}"
27290,3,False,ok,2026-09-03T14:26:27.614788+00:00,2026-09-03T14:26:27.719616+00:00,"{""door_main"": 0, ""door_sub"": 1, ""node"": ""occ_01"", ""pir_door"": 0, ""pir_seat"": -1}"
27291,3,False,ok,2026-09-03T14:26:28.626800+00:00,2026-09-03T14:26:28.819602+00:00,"{""door_main"": 0, ""door_sub"": 1, ""node"": ""occ_01"", ""pir_door"": 0, ""pir_seat"": -1}"
27292,3,False,ok,2026-09-03T14:26:29.639583+00:00,2026-09-03T14:26:29.829757+00:00,"{""door_main"": 0, ""door_sub"": 1, ""node"": ""occ_01"", ""pir_door"": 0, ""pir_seat"": -1}"
27293,3,False,ok,2026-09-03T14:26:30.652749+00:00,2026-09-03T14:26:30.749609+00:00,"{""door_main"": 0, ""door_sub"": 1, ""node"": ""occ_01"", ""pir_door"": 0, ""pir_seat"": -1}"
27294,3,False,ok,2026-09-03T14:26:31.662754+00:00,2026-09-03T14:26:31.780300+00:00,"{""door_main"": 0, ""door_sub"": 1, ""node"": ""occ_01"", ""pir_door"": 0, ""pir_seat"": -1}"
27295,3,False,ok,2026-09-03T14:26:32.674778+00:00,2026-09-03T14:26:32.769560+00:00,"{""door_main"": 0, ""door_sub"": 1, ""node"": ""occ_01"", ""pir_door"": 0, ""pir_seat"": -1}"
27296,3,False,ok,2026-09-03T14:26:33.687309+00:00,2026-09-03T14:26:33.864442+00:00,"{""door_main"": 0, ""door_sub"": 1, ""node"": ""occ_01"", ""pir_door"": 0, ""pir_seat"": -1}"
27297,3,False,ok,2026-09-03T14:26:34.699571+00:00,2026-09-03T14:26:34.824510+00:00,"{""door_main"": 0, ""door_sub"": 1, ""node"": ""occ_01"", ""pir_door"": 0, ""pir_seat"": -1}"
27298,3,False,ok,2026-09-03T14:26:35.711664+00:00,2026-09-03T14:26:35.804530+00:00,"{""door_main"": 0, ""door_sub"": 1, ""node"": ""occ_01"", ""pir_door"": 0, ""pir_seat"": -1}"
27299,3,False,ok,2026-09-03T14:26:36.723337+00:00,2026-09-03T14:26:36.829745+00:00,"{""door_main"": 0, ""door_sub"": 1, ""node"": ""occ_01"", ""pir_door"": 0, ""pir_seat"": -1}"
27300,3,False,ok,2026-09-03T14:26:37.734853+00:00,2026-09-03T14:26:37.914494+00:00,"{""door_main"": 0, ""door_sub"": 1, ""node"": ""occ_01"", ""pir_door"": 0, ""pir_seat"": -1}"
27301,3,False,ok,2026-09-03T14:26:38.748281+00:00,2026-09-03T14:26:38.929507+00:00,"{""door_main"": 0, ""door_sub"": 1, ""node"": ""occ_01"", ""pir_door"": 0, ""pir_seat"": -1}"
27302,3,False,ok,2026-09-03T14:26:39.759660+00:00,2026-09-03T14:26:39.949657+00:00,"{""door_main"": 0, ""door_sub"": 1, ""node"": ""occ_01"", ""pir_door"": 0, ""pir_seat"": -1}"
27303,3,False,ok,2026-09-03T14:26:40.770732+00:00,2026-09-03T14:26:40.869612+00:00,"{""door_main"": 0, ""door_sub"": 1, ""node"": ""occ_01"", ""pir_door"": 0, ""pir_seat"": -1}"
27304,3,False,ok,2026-09-03T14:26:41.782729+00:00,2026-09-03T14:26:41.874521+00:00,"{""door_main"": 0, ""door_sub"": 1, ""node"": ""occ_01"", ""pir_door"": 0, ""pir_seat"": -1}"
27305,3,False,ok,2026-09-03T14:26:42.792053+00:00,2026-09-03T14:26:42.879664+00:00,"{""door_main"": 0, ""door_sub"": 1, ""node"": ""occ_01"", ""pir_door"": 0, ""pir_seat"": -1}"
27306,3,False,ok,2026-09-03T14:26:43.807567+00:00,2026-09-03T14:26:43.994616+00:00,"{""door_main"": 0, ""door_sub"": 1, ""node"": ""occ_01"", ""pir_door"": 0, ""pir_seat"": -1}"
27307,3,False,ok,2026-09-03T14:26:44.819579+00:00,2026-09-03T14:26:44.944557+00:00,"{""door_main"": 0, ""door_sub"": 1, ""node"": ""occ_01"", ""pir_door"": 0, ""pir_seat"": -1}"
27308,3,False,ok,2026-09-03T14:26:45.830878+00:00,2026-09-03T14:26:45.944595+00:00,"{""door_main"": 0, ""door_sub"": 1, ""node"": ""occ_01"", ""pir_door"": 0, ""pir_seat"": -1}"
27309,3,True,ok,2026-09-03T14:26:46.842814+00:00,2026-09-03T14:26:47.009539+00:00,"{""door_main"": 0, ""door_sub"": 1, ""node"": ""occ_01"", ""pir_door"": 1, ""pir_seat"": -1}"
27310,3,False,ok,2026-09-03T14:26:47.854776+00:00,2026-09-03T14:26:47.949567+00:00,"{""door_main"": 0, ""door_sub"": 1, ""node"": ""occ_01"", ""pir_door"": 0, ""pir_seat"": -1}"
27311,3,False,ok,2026-09-03T14:26:48.863804+00:00,2026-09-03T14:26:49.054509+00:00,"{""door_main"": 0, ""door_sub"": 1, ""node"": ""occ_01"", ""pir_door"": 0, ""pir_seat"": -1}"
27312,3,False,ok,2026-09-03T14:26:49.885313+00:00,2026-09-03T14:26:49.969500+00:00,"{""door_main"": 0, ""door_sub"": 1, ""node"": ""occ_01"", ""pir_door"": 0, ""pir_seat"": -1}"
27313,3,False,ok,2026-09-03T14:26:50.890999+00:00,2026-09-03T14:26:50.989629+00:00,"{""door_main"": 0, ""door_sub"": 1, ""node"": ""occ_01"", ""pir_door"": 0, ""pir_seat"": -1}"
27314,3,False,ok,2026-09-03T14:26:51.899772+00:00,2026-09-03T14:26:51.999600+00:00,"{""door_main"": 0, ""door_sub"": 1, ""node"": ""occ_01"", ""pir_door"": 0, ""pir_seat"": -1}"
27315,3,False,ok,2026-09-03T14:26:52.914895+00:00,2026-09-03T14:26:53.074608+00:00,"{""door_main"": 0, ""door_sub"": 1, ""node"": ""occ_01"", ""pir_door"": 0, ""pir_seat"": -1}"
27316,3,False,ok,2026-09-03T14:26:53.927584+00:00,2026-09-03T14:26:54.079478+00:00,"{""door_main"": 0, ""door_sub"": 1, ""node"": ""occ_01"", ""pir_door"": 0, ""pir_seat"": -1}"
27317,3,False,ok,2026-09-03T14:26:54.941903+00:00,2026-09-03T14:26:55.069500+00:00,"{""door_main"": 0, ""door_sub"": 1, ""node"": ""occ_01"", ""pir_door"": 0, ""pir_seat"": -1}"
27318,3,False,ok,2026-09-03T14:26:55.950850+00:00,2026-09-03T14:26:56.039696+00:00,"{""door_main"": 1, ""door_sub"": 1, ""node"": ""occ_01"", ""pir_door"": 0, ""pir_seat"": -1}"
27319,3,False,ok,2026-09-03T14:26:56.962859+00:00,2026-09-03T14:26:57.159660+00:00,"{""door_main"": 1, ""door_sub"": 1, ""node"": ""occ_01"", ""pir_door"": 0, ""pir_seat"": -1}"
27320,3,False,ok,2026-09-03T14:26:57.975566+00:00,2026-09-03T14:26:58.144403+00:00,"{""door_main"": 1, ""door_sub"": 1, ""node"": ""occ_01"", ""pir_door"": 0, ""pir_seat"": -1}"
27321,3,True,ok,2026-09-03T14:26:58.986892+00:00,2026-09-03T14:26:59.169659+00:00,"{""door_main"": 1, ""door_sub"": 1, ""node"": ""occ_01"", ""pir_door"": 1, ""pir_seat"": -1}"
27322,3,False,ok,2026-09-03T14:26:59.998897+00:00,2026-09-03T14:27:00.104699+00:00,"{""door_main"": 1, ""door_sub"": 1, ""node"": ""occ_01"", ""pir_door"": 0, ""pir_seat"": -1}"
27323,3,False,ok,2026-09-03T14:27:01.010776+00:00,2026-09-03T14:27:01.120825+00:00,"{""door_main"": 1, ""door_sub"": 1, ""node"": ""occ_01"", ""pir_door"": 0, ""pir_seat"": -1}"
27324,3,False,ok,2026-09-03T14:27:02.021997+00:00,2026-09-03T14:27:02.209648+00:00,"{""door_main"": 1, ""door_sub"": 1, ""node"": ""occ_01"", ""pir_door"": 0, ""pir_seat"": -1}"
27325,3,False,ok,2026-09-03T14:27:03.034837+00:00,2026-09-03T14:27:03.140232+00:00,"{""door_main"": 1, ""door_sub"": 1, ""node"": ""occ_01"", ""pir_door"": 0, ""pir_seat"": -1}"
27326,3,False,ok,2026-09-03T14:27:04.046331+00:00,2026-09-03T14:27:04.219655+00:00,"{""door_main"": 1, ""door_sub"": 1, ""node"": ""occ_01"", ""pir_door"": 0, ""pir_seat"": -1}"
27327,3,False,ok,2026-09-03T14:27:05.058899+00:00,2026-09-03T14:27:05.154688+00:00,"{""door_main"": 1, ""door_sub"": 1, ""node"": ""occ_01"", ""pir_door"": 0, ""pir_seat"": -1}"
27328,3,False,ok,2026-09-03T14:27:06.071808+00:00,2026-09-03T14:27:06.169669+00:00,"{""door_main"": 1, ""door_sub"": 1, ""node"": ""occ_01"", ""pir_door"": 0, ""pir_seat"": -1}"
27329,3,False,ok,2026-09-03T14:27:07.081620+00:00,2026-09-03T14:27:07.264695+00:00,"{""door_main"": 1, ""door_sub"": 1, ""node"": ""occ_01"", ""pir_door"": 0, ""pir_seat"": -1}"
27330,3,False,ok,2026-09-03T14:27:08.094942+00:00,2026-09-03T14:27:08.199667+00:00,"{""door_main"": 1, ""door_sub"": 1, ""node"": ""occ_01"", ""pir_door"": 0, ""pir_seat"": -1}"
27331,3,False,ok,2026-09-03T14:27:09.106939+00:00,2026-09-03T14:27:09.280983+00:00,"{""door_main"": 1, ""door_sub"": 1, ""node"": ""occ_01"", ""pir_door"": 0, ""pir_seat"": -1}"
27332,3,False,ok,2026-09-03T14:27:10.118860+00:00,2026-09-03T14:27:10.324624+00:00,"{""door_main"": 1, ""door_sub"": 1, ""node"": ""occ_01"", ""pir_door"": 0, ""pir_seat"": -1}"
27333,3,False,ok,2026-09-03T14:27:11.131403+00:00,2026-09-03T14:27:11.224612+00:00,"{""door_main"": 1, ""door_sub"": 1, ""node"": ""occ_01"", ""pir_door"": 0, ""pir_seat"": -1}"
27334,3,False,ok,2026-09-03T14:27:12.146415+00:00,2026-09-03T14:27:12.339675+00:00,"{""door_main"": 1, ""door_sub"": 1, ""node"": ""occ_01"", ""pir_door"": 0, ""pir_seat"": -1}"
27335,3,False,ok,2026-09-03T14:27:13.156774+00:00,2026-09-03T14:27:13.260081+00:00,"{""door_main"": 1, ""door_sub"": 1, ""node"": ""occ_01"", ""pir_door"": 0, ""pir_seat"": -1}"
27336,3,False,ok,2026-09-03T14:27:14.166552+00:00,2026-09-03T14:27:14.354709+00:00,"{""door_main"": 1, ""door_sub"": 1, ""node"": ""occ_01"", ""pir_door"": 0, ""pir_seat"": -1}"
27337,3,False,ok,2026-09-03T14:27:15.175894+00:00,2026-09-03T14:27:15.259772+00:00,"{""door_main"": 1, ""door_sub"": 1, ""node"": ""occ_01"", ""pir_door"": 0, ""pir_seat"": -1}"
27338,3,False,ok,2026-09-03T14:27:16.187494+00:00,2026-09-03T14:27:16.289613+00:00,"{""door_main"": 1, ""door_sub"": 1, ""node"": ""occ_01"", ""pir_door"": 0, ""pir_seat"": -1}"
27339,3,False,ok,2026-09-03T14:27:17.201406+00:00,2026-09-03T14:27:17.389686+00:00,"{""door_main"": 1, ""door_sub"": 1, ""node"": ""occ_01"", ""pir_door"": 0, ""pir_seat"": -1}"
27340,3,False,ok,2026-09-03T14:27:18.211866+00:00,2026-09-03T14:27:18.294586+00:00,"{""door_main"": 1, ""door_sub"": 1, ""node"": ""occ_01"", ""pir_door"": 0, ""pir_seat"": -1}"
27341,3,False,ok,2026-09-03T14:27:19.225378+00:00,2026-09-03T14:27:19.414643+00:00,"{""door_main"": 1, ""door_sub"": 1, ""node"": ""occ_01"", ""pir_door"": 0, ""pir_seat"": -1}"
27342,3,False,ok,2026-09-03T14:27:20.235844+00:00,2026-09-03T14:27:20.334514+00:00,"{""door_main"": 1, ""door_sub"": 1, ""node"": ""occ_01"", ""pir_door"": 0, ""pir_seat"": -1}"
27343,3,False,ok,2026-09-03T14:27:21.250029+00:00,2026-09-03T14:27:21.374561+00:00,"{""door_main"": 1, ""door_sub"": 1, ""node"": ""occ_01"", ""pir_door"": 0, ""pir_seat"": -1}"
27344,3,True,ok,2026-09-03T14:27:22.268594+00:00,2026-09-03T14:27:22.424811+00:00,"{""door_main"": 1, ""door_sub"": 1, ""node"": ""occ_01"", ""pir_door"": 1, ""pir_seat"": -1}"
27345,3,False,ok,2026-09-03T14:27:23.273136+00:00,2026-09-03T14:27:23.469740+00:00,"{""door_main"": 1, ""door_sub"": 1, ""node"": ""occ_01"", ""pir_door"": 0, ""pir_seat"": -1}"
27346,3,False,ok,2026-09-03T14:27:24.284946+00:00,2026-09-03T14:27:24.474554+00:00,"{""door_main"": 1, ""door_sub"": 1, ""node"": ""occ_01"", ""pir_door"": 0, ""pir_seat"": -1}"
27347,3,False,ok,2026-09-03T14:27:25.296856+00:00,2026-09-03T14:27:25.384633+00:00,"{""door_main"": 1, ""door_sub"": 1, ""node"": ""occ_01"", ""pir_door"": 0, ""pir_seat"": -1}"
27348,3,True,ok,2026-09-03T14:27:26.308866+00:00,2026-09-03T14:27:26.394676+00:00,"{""door_main"": 1, ""door_sub"": 1, ""node"": ""occ_01"", ""pir_door"": 1, ""pir_seat"": -1}"
27349,3,False,ok,2026-09-03T14:27:27.321138+00:00,2026-09-03T14:27:27.504598+00:00,"{""door_main"": 1, ""door_sub"": 1, ""node"": ""occ_01"", ""pir_door"": 0, ""pir_seat"": -1}"
27350,3,False,ok,2026-09-03T14:27:28.334079+00:00,2026-09-03T14:27:28.554732+00:00,"{""door_main"": 1, ""door_sub"": 1, ""node"": ""occ_01"", ""pir_door"": 0, ""pir_seat"": -1}"
27351,3,False,ok,2026-09-03T14:27:29.347762+00:00,2026-09-03T14:27:29.539825+00:00,"{""door_main"": 1, ""door_sub"": 1, ""node"": ""occ_01"", ""pir_door"": 0, ""pir_seat"": -1}"
27352,3,False,ok,2026-09-03T14:27:30.360154+00:00,2026-09-03T14:27:30.459980+00:00,"{""door_main"": 1, ""door_sub"": 1, ""node"": ""occ_01"", ""pir_door"": 0, ""pir_seat"": -1}"
27353,3,False,ok,2026-09-03T14:27:31.370544+00:00,2026-09-03T14:27:31.459758+00:00,"{""door_main"": 1, ""door_sub"": 1, ""node"": ""occ_01"", ""pir_door"": 0, ""pir_seat"": -1}"
27354,3,False,ok,2026-09-03T14:27:32.380947+00:00,2026-09-03T14:27:32.554520+00:00,"{""door_main"": 1, ""door_sub"": 1, ""node"": ""occ_01"", ""pir_door"": 0, ""pir_seat"": -1}"
27355,3,False,ok,2026-09-03T14:27:33.396249+00:00,2026-09-03T14:27:33.604654+00:00,"{""door_main"": 1, ""door_sub"": 1, ""node"": ""occ_01"", ""pir_door"": 0, ""pir_seat"": -1}"
27356,3,False,ok,2026-09-03T14:27:34.408028+00:00,2026-09-03T14:27:34.584430+00:00,"{""door_main"": 1, ""door_sub"": 1, ""node"": ""occ_01"", ""pir_door"": 0, ""pir_seat"": -1}"
27357,3,False,ok,2026-09-03T14:27:35.420811+00:00,2026-09-03T14:27:35.524964+00:00,"{""door_main"": 1, ""door_sub"": 1, ""node"": ""occ_01"", ""pir_door"": 0, ""pir_seat"": -1}"
27358,3,True,ok,2026-09-03T14:27:36.430340+00:00,2026-09-03T14:27:36.534586+00:00,"{""door_main"": 1, ""door_sub"": 1, ""node"": ""occ_01"", ""pir_door"": 1, ""pir_seat"": -1}"
27359,3,False,ok,2026-09-03T14:27:37.440928+00:00,2026-09-03T14:27:37.624572+00:00,"{""door_main"": 1, ""door_sub"": 1, ""node"": ""occ_01"", ""pir_door"": 0, ""pir_seat"": -1}"
27360,3,False,ok,2026-09-03T14:27:38.456759+00:00,2026-09-03T14:27:38.644576+00:00,"{""door_main"": 1, ""door_sub"": 1, ""node"": ""occ_01"", ""pir_door"": 0, ""pir_seat"": -1}"
27361,3,False,ok,2026-09-03T14:27:39.468630+00:00,2026-09-03T14:27:39.634497+00:00,"{""door_main"": 1, ""door_sub"": 1, ""node"": ""occ_01"", ""pir_door"": 0, ""pir_seat"": -1}"
27362,3,False,ok,2026-09-03T14:27:40.481148+00:00,2026-09-03T14:27:40.639773+00:00,"{""door_main"": 1, ""door_sub"": 1, ""node"": ""occ_01"", ""pir_door"": 0, ""pir_seat"": -1}"
27363,3,False,ok,2026-09-03T14:27:41.589331+00:00,2026-09-03T14:27:41.789729+00:00,"{""door_main"": 1, ""door_sub"": 1, ""node"": ""occ_01"", ""pir_door"": 0, ""pir_seat"": -1}"
27364,3,True,ok,2026-09-03T14:27:42.502326+00:00,2026-09-03T14:27:42.694505+00:00,"{""door_main"": 1, ""door_sub"": 1, ""node"": ""occ_01"", ""pir_door"": 1, ""pir_seat"": -1}"
27365,3,False,ok,2026-09-03T14:27:43.514999+00:00,2026-09-03T14:27:43.669721+00:00,"{""door_main"": 1, ""door_sub"": 1, ""node"": ""occ_01"", ""pir_door"": 0, ""pir_seat"": -1}"
27366,3,False,ok,2026-09-03T14:27:44.526387+00:00,2026-09-03T14:27:44.649597+00:00,"{""door_main"": 1, ""door_sub"": 1, ""node"": ""occ_01"", ""pir_door"": 0, ""pir_seat"": -1}"
27367,3,False,ok,2026-09-03T14:27:45.537038+00:00,2026-09-03T14:27:45.649693+00:00,"{""door_main"": 1, ""door_sub"": 1, ""node"": ""occ_01"", ""pir_door"": 0, ""pir_seat"": -1}"
27368,3,True,ok,2026-09-03T14:27:46.549138+00:00,2026-09-03T14:27:46.739652+00:00,"{""door_main"": 1, ""door_sub"": 1, ""node"": ""occ_01"", ""pir_door"": 1, ""pir_seat"": -1}"
27369,3,False,ok,2026-09-03T14:27:47.563768+00:00,2026-09-03T14:27:47.754787+00:00,"{""door_main"": 1, ""door_sub"": 1, ""node"": ""occ_01"", ""pir_door"": 0, ""pir_seat"": -1}"
27370,3,False,ok,2026-09-03T14:27:48.573014+00:00,2026-09-03T14:27:48.764606+00:00,"{""door_main"": 1, ""door_sub"": 1, ""node"": ""occ_01"", ""pir_door"": 0, ""pir_seat"": -1}"
27371,3,False,ok,2026-09-03T14:27:49.584974+00:00,2026-09-03T14:27:49.759655+00:00,"{""door_main"": 1, ""door_sub"": 1, ""node"": ""occ_01"", ""pir_door"": 0, ""pir_seat"": -1}"
27372,3,True,ok,2026-09-03T14:27:50.597271+00:00,2026-09-03T14:27:50.694557+00:00,"{""door_main"": 1, ""door_sub"": 1, ""node"": ""occ_01"", ""pir_door"": 1, ""pir_seat"": -1}"
27373,3,False,ok,2026-09-03T14:27:51.610294+00:00,2026-09-03T14:27:51.709524+00:00,"{""door_main"": 1, ""door_sub"": 1, ""node"": ""occ_01"", ""pir_door"": 0, ""pir_seat"": -1}"
27374,3,False,ok,2026-09-03T14:27:52.621046+00:00,2026-09-03T14:27:52.824628+00:00,"{""door_main"": 1, ""door_sub"": 1, ""node"": ""occ_01"", ""pir_door"": 0, ""pir_seat"": -1}"
27375,3,False,ok,2026-09-03T14:27:53.632988+00:00,2026-09-03T14:27:53.824447+00:00,"{""door_main"": 1, ""door_sub"": 1, ""node"": ""occ_01"", ""pir_door"": 0, ""pir_seat"": -1}"
27376,3,False,ok,2026-09-03T14:27:54.649194+00:00,2026-09-03T14:27:54.824636+00:00,"{""door_main"": 1, ""door_sub"": 1, ""node"": ""occ_01"", ""pir_door"": 0, ""pir_seat"": -1}"
27377,3,False,ok,2026-09-03T14:27:55.659845+00:00,2026-09-03T14:27:55.774610+00:00,"{""door_main"": 1, ""door_sub"": 1, ""node"": ""occ_01"", ""pir_door"": 0, ""pir_seat"": -1}"
27378,3,False,ok,2026-09-03T14:27:56.673452+00:00,2026-09-03T14:27:56.769507+00:00,"{""door_main"": 1, ""door_sub"": 1, ""node"": ""occ_01"", ""pir_door"": 0, ""pir_seat"": -1}"
27379,3,True,ok,2026-09-03T14:27:57.681028+00:00,2026-09-03T14:27:57.864526+00:00,"{""door_main"": 1, ""door_sub"": 1, ""node"": ""occ_01"", ""pir_door"": 1, ""pir_seat"": -1}"
27380,3,False,ok,2026-09-03T14:27:58.693219+00:00,2026-09-03T14:27:58.794821+00:00,"{""door_main"": 1, ""door_sub"": 1, ""node"": ""occ_01"", ""pir_door"": 0, ""pir_seat"": -1}"
27381,3,False,ok,2026-09-03T14:27:59.705140+00:00,2026-09-03T14:27:59.874592+00:00,"{""door_main"": 1, ""door_sub"": 1, ""node"": ""occ_01"", ""pir_door"": 0, ""pir_seat"": -1}"
27382,3,True,ok,2026-09-03T14:28:01.053800+00:00,2026-09-03T14:28:01.155234+00:00,"{""door_main"": 1, ""door_sub"": 1, ""node"": ""occ_01"", ""pir_door"": 1, ""pir_seat"": -1}"
27383,3,False,ok,2026-09-03T14:28:01.734230+00:00,2026-09-03T14:28:01.865806+00:00,"{""door_main"": 1, ""door_sub"": 1, ""node"": ""occ_01"", ""pir_door"": 0, ""pir_seat"": -1}"
27384,3,False,ok,2026-09-03T14:28:02.741022+00:00,2026-09-03T14:28:02.859587+00:00,"{""door_main"": 1, ""door_sub"": 1, ""node"": ""occ_01"", ""pir_door"": 0, ""pir_seat"": -1}"
27385,3,True,ok,2026-09-03T14:28:03.754583+00:00,2026-09-03T14:28:03.929894+00:00,"{""door_main"": 1, ""door_sub"": 1, ""node"": ""occ_01"", ""pir_door"": 1, ""pir_seat"": -1}"
27386,3,False,ok,2026-09-03T14:28:04.764982+00:00,2026-09-03T14:28:04.934566+00:00,"{""door_main"": 1, ""door_sub"": 1, ""node"": ""occ_01"", ""pir_door"": 0, ""pir_seat"": -1}"
27387,3,False,ok,2026-09-03T14:28:06.023930+00:00,2026-09-03T14:28:06.114728+00:00,"{""door_main"": 1, ""door_sub"": 1, ""node"": ""occ_01"", ""pir_door"": 0, ""pir_seat"": -1}"
27388,3,False,ok,2026-09-03T14:28:06.789032+00:00,2026-09-03T14:28:06.874376+00:00,"{""door_main"": 1, ""door_sub"": 1, ""node"": ""occ_01"", ""pir_door"": 0, ""pir_seat"": -1}"
27389,3,False,ok,2026-09-03T14:28:07.801084+00:00,2026-09-03T14:28:07.984644+00:00,"{""door_main"": 1, ""door_sub"": 1, ""node"": ""occ_01"", ""pir_door"": 0, ""pir_seat"": -1}"
27390,3,False,ok,2026-09-03T14:28:08.813068+00:00,2026-09-03T14:28:08.994554+00:00,"{""door_main"": 1, ""door_sub"": 1, ""node"": ""occ_01"", ""pir_door"": 0, ""pir_seat"": -1}"
27391,3,False,ok,2026-09-03T14:28:09.825048+00:00,2026-09-03T14:28:10.029836+00:00,"{""door_main"": 1, ""door_sub"": 1, ""node"": ""occ_01"", ""pir_door"": 0, ""pir_seat"": -1}"
27392,3,True,ok,2026-09-03T14:28:11.074040+00:00,2026-09-03T14:28:11.169672+00:00,"{""door_main"": 1, ""door_sub"": 1, ""node"": ""occ_01"", ""pir_door"": 1, ""pir_seat"": -1}"
27393,3,False,ok,2026-09-03T14:28:11.851953+00:00,2026-09-03T14:28:11.949724+00:00,"{""door_main"": 1, ""door_sub"": 1, ""node"": ""occ_01"", ""pir_door"": 0, ""pir_seat"": -1}"
27394,3,False,ok,2026-09-03T14:28:12.861050+00:00,2026-09-03T14:28:13.004730+00:00,"{""door_main"": 1, ""door_sub"": 1, ""node"": ""occ_01"", ""pir_door"": 0, ""pir_seat"": -1}"
27395,3,True,ok,2026-09-03T14:28:13.875182+00:00,2026-09-03T14:28:14.049567+00:00,"{""door_main"": 1, ""door_sub"": 1, ""node"": ""occ_01"", ""pir_door"": 1, ""pir_seat"": -1}"
27396,3,False,ok,2026-09-03T14:28:14.885016+00:00,2026-09-03T14:28:15.064688+00:00,"{""door_main"": 1, ""door_sub"": 1, ""node"": ""occ_01"", ""pir_door"": 0, ""pir_seat"": -1}"
27397,3,False,ok,2026-09-03T14:28:16.143885+00:00,2026-09-03T14:28:16.234453+00:00,"{""door_main"": 1, ""door_sub"": 1, ""node"": ""occ_01"", ""pir_door"": 0, ""pir_seat"": -1}"
27398,3,False,ok,2026-09-03T14:28:16.909187+00:00,2026-09-03T14:28:17.000223+00:00,"{""door_main"": 1, ""door_sub"": 1, ""node"": ""occ_01"", ""pir_door"": 0, ""pir_seat"": -1}"
27399,3,False,ok,2026-09-03T14:28:17.923242+00:00,2026-09-03T14:28:18.089573+00:00,"{""door_main"": 1, ""door_sub"": 1, ""node"": ""occ_01"", ""pir_door"": 0, ""pir_seat"": -1}"
27400,3,False,ok,2026-09-03T14:28:18.933157+00:00,2026-09-03T14:28:19.049553+00:00,"{""door_main"": 1, ""door_sub"": 1, ""node"": ""occ_01"", ""pir_door"": 0, ""pir_seat"": -1}"
27401,3,False,ok,2026-09-03T14:28:19.946875+00:00,2026-09-03T14:28:20.054747+00:00,"{""door_main"": 1, ""door_sub"": 1, ""node"": ""occ_01"", ""pir_door"": 0, ""pir_seat"": -1}"
27402,3,True,ok,2026-09-03T14:28:21.163868+00:00,2026-09-03T14:28:21.259647+00:00,"{""door_main"": 1, ""door_sub"": 1, ""node"": ""occ_01"", ""pir_door"": 1, ""pir_seat"": -1}"
27403,3,False,ok,2026-09-03T14:28:21.969054+00:00,2026-09-03T14:28:22.084443+00:00,"{""door_main"": 1, ""door_sub"": 1, ""node"": ""occ_01"", ""pir_door"": 0, ""pir_seat"": -1}"
27404,3,False,ok,2026-09-03T14:28:22.981045+00:00,2026-09-03T14:28:23.074531+00:00,"{""door_main"": 1, ""door_sub"": 1, ""node"": ""occ_01"", ""pir_door"": 0, ""pir_seat"": -1}"
27405,3,True,ok,2026-09-03T14:28:23.993268+00:00,2026-09-03T14:28:24.094570+00:00,"{""door_main"": 1, ""door_sub"": 1, ""node"": ""occ_01"", ""pir_door"": 1, ""pir_seat"": -1}"
27406,3,False,ok,2026-09-03T14:28:25.005053+00:00,2026-09-03T14:28:25.114627+00:00,"{""door_main"": 1, ""door_sub"": 1, ""node"": ""occ_01"", ""pir_door"": 0, ""pir_seat"": -1}"
27407,3,False,ok,2026-09-03T14:28:26.203889+00:00,2026-09-03T14:28:26.299800+00:00,"{""door_main"": 1, ""door_sub"": 1, ""node"": ""occ_01"", ""pir_door"": 0, ""pir_seat"": -1}"
27408,3,False,ok,2026-09-03T14:28:27.032798+00:00,2026-09-03T14:28:27.139759+00:00,"{""door_main"": 1, ""door_sub"": 1, ""node"": ""occ_01"", ""pir_door"": 0, ""pir_seat"": -1}"
27409,3,False,ok,2026-09-03T14:28:28.044161+00:00,2026-09-03T14:28:28.144818+00:00,"{""door_main"": 1, ""door_sub"": 1, ""node"": ""occ_01"", ""pir_door"": 0, ""pir_seat"": -1}"
27410,3,False,ok,2026-09-03T14:28:29.054818+00:00,2026-09-03T14:28:29.259984+00:00,"{""door_main"": 1, ""door_sub"": 1, ""node"": ""occ_01"", ""pir_door"": 0, ""pir_seat"": -1}"
27411,3,False,ok,2026-09-03T14:28:30.065630+00:00,2026-09-03T14:28:30.184672+00:00,"{""door_main"": 1, ""door_sub"": 1, ""node"": ""occ_01"", ""pir_door"": 0, ""pir_seat"": -1}"
27412,3,True,ok,2026-09-03T14:28:31.243813+00:00,2026-09-03T14:28:31.344749+00:00,"{""door_main"": 1, ""door_sub"": 1, ""node"": ""occ_01"", ""pir_door"": 1, ""pir_seat"": -1}"
27413,3,False,ok,2026-09-03T14:28:32.089132+00:00,2026-09-03T14:28:32.194552+00:00,"{""door_main"": 1, ""door_sub"": 1, ""node"": ""occ_01"", ""pir_door"": 0, ""pir_seat"": -1}"
27414,3,False,ok,2026-09-03T14:28:33.101154+00:00,2026-09-03T14:28:33.200892+00:00,"{""door_main"": 1, ""door_sub"": 1, ""node"": ""occ_01"", ""pir_door"": 0, ""pir_seat"": -1}"
27415,3,False,ok,2026-09-03T14:28:34.113164+00:00,2026-09-03T14:28:34.289563+00:00,"{""door_main"": 1, ""door_sub"": 1, ""node"": ""occ_01"", ""pir_door"": 0, ""pir_seat"": -1}"
27416,3,False,ok,2026-09-03T14:28:35.131241+00:00,2026-09-03T14:28:35.234563+00:00,"{""door_main"": 1, ""door_sub"": 1, ""node"": ""occ_01"", ""pir_door"": 0, ""pir_seat"": -1}"
27417,3,False,ok,2026-09-03T14:28:36.228975+00:00,2026-09-03T14:28:36.319808+00:00,"{""door_main"": 1, ""door_sub"": 1, ""node"": ""occ_01"", ""pir_door"": 0, ""pir_seat"": -1}"
27418,3,False,ok,2026-09-03T14:28:37.152220+00:00,2026-09-03T14:28:37.254662+00:00,"{""door_main"": 1, ""door_sub"": 1, ""node"": ""occ_01"", ""pir_door"": 0, ""pir_seat"": -1}"
27419,3,False,ok,2026-09-03T14:28:38.161222+00:00,2026-09-03T14:28:38.269717+00:00,"{""door_main"": 1, ""door_sub"": 1, ""node"": ""occ_01"", ""pir_door"": 0, ""pir_seat"": -1}"
27420,3,False,ok,2026-09-03T14:28:39.177227+00:00,2026-09-03T14:28:39.369495+00:00,"{""door_main"": 1, ""door_sub"": 1, ""node"": ""occ_01"", ""pir_door"": 0, ""pir_seat"": -1}"
27421,3,False,ok,2026-09-03T14:28:40.185180+00:00,2026-09-03T14:28:40.379587+00:00,"{""door_main"": 1, ""door_sub"": 1, ""node"": ""occ_01"", ""pir_door"": 0, ""pir_seat"": -1}"
27422,3,False,ok,2026-09-03T14:28:41.553752+00:00,2026-09-03T14:28:41.781401+00:00,"{""door_main"": 1, ""door_sub"": 1, ""node"": ""occ_01"", ""pir_door"": 0, ""pir_seat"": -1}"
27423,3,False,ok,2026-09-03T14:28:42.209219+00:00,2026-09-03T14:28:42.309566+00:00,"{""door_main"": 1, ""door_sub"": 1, ""node"": ""occ_01"", ""pir_door"": 0, ""pir_seat"": -1}"
27424,3,False,ok,2026-09-03T14:28:43.223212+00:00,2026-09-03T14:28:43.320189+00:00,"{""door_main"": 1, ""door_sub"": 1, ""node"": ""occ_01"", ""pir_door"": 0, ""pir_seat"": -1}"
27425,3,False,ok,2026-09-03T14:28:44.238184+00:00,2026-09-03T14:28:44.429662+00:00,"{""door_main"": 1, ""door_sub"": 1, ""node"": ""occ_01"", ""pir_door"": 0, ""pir_seat"": -1}"
27426,3,False,ok,2026-09-03T14:28:45.245154+00:00,2026-09-03T14:28:45.430319+00:00,"{""door_main"": 1, ""door_sub"": 1, ""node"": ""occ_01"", ""pir_door"": 0, ""pir_seat"": -1}"
27427,3,False,ok,2026-09-03T14:28:46.623790+00:00,2026-09-03T14:28:46.834509+00:00,"{""door_main"": 1, ""door_sub"": 1, ""node"": ""occ_01"", ""pir_door"": 0, ""pir_seat"": -1}"
27428,3,False,ok,2026-09-03T14:28:47.269140+00:00,2026-09-03T14:28:47.464655+00:00,"{""door_main"": 1, ""door_sub"": 1, ""node"": ""occ_01"", ""pir_door"": 0, ""pir_seat"": -1}"
27429,3,False,ok,2026-09-03T14:28:48.283329+00:00,2026-09-03T14:28:48.449730+00:00,"{""door_main"": 0, ""door_sub"": 1, ""node"": ""occ_01"", ""pir_door"": 0, ""pir_seat"": -1}"
27430,3,False,ok,2026-09-03T14:28:49.295580+00:00,2026-09-03T14:28:49.449598+00:00,"{""door_main"": 0, ""door_sub"": 1, ""node"": ""occ_01"", ""pir_door"": 0, ""pir_seat"": -1}"
27431,3,False,ok,2026-09-03T14:28:50.305267+00:00,2026-09-03T14:28:50.424560+00:00,"{""door_main"": 0, ""door_sub"": 1, ""node"": ""occ_01"", ""pir_door"": 0, ""pir_seat"": -1}"
27432,3,False,ok,2026-09-03T14:28:51.343963+00:00,2026-09-03T14:28:51.434784+00:00,"{""door_main"": 0, ""door_sub"": 1, ""node"": ""occ_01"", ""pir_door"": 0, ""pir_seat"": -1}"
27433,3,False,ok,2026-09-03T14:28:52.330933+00:00,2026-09-03T14:28:52.429880+00:00,"{""door_main"": 0, ""door_sub"": 1, ""node"": ""occ_01"", ""pir_door"": 0, ""pir_seat"": -1}"
27434,3,True,ok,2026-09-03T14:28:53.343618+00:00,2026-09-03T14:28:53.540173+00:00,"{""door_main"": 0, ""door_sub"": 1, ""node"": ""occ_01"", ""pir_door"": 1, ""pir_seat"": -1}"
27435,3,False,ok,2026-09-03T14:28:54.353277+00:00,2026-09-03T14:28:54.534584+00:00,"{""door_main"": 0, ""door_sub"": 1, ""node"": ""occ_01"", ""pir_door"": 0, ""pir_seat"": -1}"
27436,3,False,ok,2026-09-03T14:28:55.365175+00:00,2026-09-03T14:28:55.484456+00:00,"{""door_main"": 0, ""door_sub"": 1, ""node"": ""occ_01"", ""pir_door"": 0, ""pir_seat"": -1}"
27437,3,False,ok,2026-09-03T14:28:56.393807+00:00,2026-09-03T14:28:56.484581+00:00,"{""door_main"": 0, ""door_sub"": 1, ""node"": ""occ_01"", ""pir_door"": 0, ""pir_seat"": -1}"
27438,3,False,ok,2026-09-03T14:28:57.390657+00:00,2026-09-03T14:28:57.495386+00:00,"{""door_main"": 0, ""door_sub"": 1, ""node"": ""occ_01"", ""pir_door"": 0, ""pir_seat"": -1}"
27439,3,False,ok,2026-09-03T14:28:58.401648+00:00,2026-09-03T14:28:58.509556+00:00,"{""door_main"": 0, ""door_sub"": 1, ""node"": ""occ_01"", ""pir_door"": 0, ""pir_seat"": -1}"
27440,3,False,ok,2026-09-03T14:28:59.419178+00:00,2026-09-03T14:28:59.579564+00:00,"{""door_main"": 0, ""door_sub"": 1, ""node"": ""occ_01"", ""pir_door"": 0, ""pir_seat"": -1}"
27441,3,False,ok,2026-09-03T14:29:00.425414+00:00,2026-09-03T14:29:00.514696+00:00,"{""door_main"": 0, ""door_sub"": 1, ""node"": ""occ_01"", ""pir_door"": 0, ""pir_seat"": -1}"
27442,3,True,ok,2026-09-03T14:29:01.498818+00:00,2026-09-03T14:29:01.619208+00:00,"{""door_main"": 0, ""door_sub"": 1, ""node"": ""occ_01"", ""pir_door"": 1, ""pir_seat"": -1}"
27443,3,False,ok,2026-09-03T14:29:02.449778+00:00,2026-09-03T14:29:02.627728+00:00,"{""door_main"": 0, ""door_sub"": 1, ""node"": ""occ_01"", ""pir_door"": 0, ""pir_seat"": -1}"
27444,3,False,ok,2026-09-03T14:29:03.462893+00:00,2026-09-03T14:29:03.649516+00:00,"{""door_main"": 0, ""door_sub"": 1, ""node"": ""occ_01"", ""pir_door"": 0, ""pir_seat"": -1}"
27445,3,True,ok,2026-09-03T14:29:04.475347+00:00,2026-09-03T14:29:04.737095+00:00,"{""door_main"": 0, ""door_sub"": 1, ""node"": ""occ_01"", ""pir_door"": 1, ""pir_seat"": -1}"
27446,3,False,ok,2026-09-03T14:29:05.488105+00:00,2026-09-03T14:29:05.574522+00:00,"{""door_main"": 0, ""door_sub"": 1, ""node"": ""occ_01"", ""pir_door"": 0, ""pir_seat"": -1}"
27447,3,False,ok,2026-09-03T14:29:06.514225+00:00,2026-09-03T14:29:06.699674+00:00,"{""door_main"": 0, ""door_sub"": 1, ""node"": ""occ_01"", ""pir_door"": 0, ""pir_seat"": -1}"
27448,3,False,ok,2026-09-03T14:29:07.509379+00:00,2026-09-03T14:29:07.639811+00:00,"{""door_main"": 0, ""door_sub"": 1, ""node"": ""occ_01"", ""pir_door"": 0, ""pir_seat"": -1}"
27449,3,False,ok,2026-09-03T14:29:08.521589+00:00,2026-09-03T14:29:08.714543+00:00,"{""door_main"": 0, ""door_sub"": 1, ""node"": ""occ_01"", ""pir_door"": 0, ""pir_seat"": -1}"
27450,3,False,ok,2026-09-03T14:29:09.533374+00:00,2026-09-03T14:29:09.704671+00:00,"{""door_main"": 0, ""door_sub"": 1, ""node"": ""occ_01"", ""pir_door"": 0, ""pir_seat"": -1}"
27451,3,False,ok,2026-09-03T14:29:10.548931+00:00,2026-09-03T14:29:10.644498+00:00,"{""door_main"": 0, ""door_sub"": 1, ""node"": ""occ_01"", ""pir_door"": 0, ""pir_seat"": -1}"
27452,3,True,ok,2026-09-03T14:29:11.560985+00:00,2026-09-03T14:29:11.679710+00:00,"{""door_main"": 0, ""door_sub"": 1, ""node"": ""occ_01"", ""pir_door"": 1, ""pir_seat"": -1}"
27453,3,False,ok,2026-09-03T14:29:12.573145+00:00,2026-09-03T14:29:12.664543+00:00,"{""door_main"": 0, ""door_sub"": 1, ""node"": ""occ_01"", ""pir_door"": 0, ""pir_seat"": -1}"
27454,3,False,ok,2026-09-03T14:29:13.582783+00:00,2026-09-03T14:29:13.769505+00:00,"{""door_main"": 0, ""door_sub"": 1, ""node"": ""occ_01"", ""pir_door"": 0, ""pir_seat"": -1}"
27455,3,False,ok,2026-09-03T14:29:14.593359+00:00,2026-09-03T14:29:14.764617+00:00,"{""door_main"": 0, ""door_sub"": 1, ""node"": ""occ_01"", ""pir_door"": 0, ""pir_seat"": -1}"
27456,3,False,ok,2026-09-03T14:29:15.611740+00:00,2026-09-03T14:29:15.779668+00:00,"{""door_main"": 0, ""door_sub"": 1, ""node"": ""occ_01"", ""pir_door"": 0, ""pir_seat"": -1}"
27457,3,True,ok,2026-09-03T14:29:16.823742+00:00,2026-09-03T14:29:17.039612+00:00,"{""door_main"": 0, ""door_sub"": 1, ""node"": ""occ_01"", ""pir_door"": 1, ""pir_seat"": -1}"
27458,3,False,ok,2026-09-03T14:29:17.629273+00:00,2026-09-03T14:29:17.729575+00:00,"{""door_main"": 0, ""door_sub"": 1, ""node"": ""occ_01"", ""pir_door"": 0, ""pir_seat"": -1}"
27459,3,False,ok,2026-09-03T14:29:18.641297+00:00,2026-09-03T14:29:18.795221+00:00,"{""door_main"": 0, ""door_sub"": 1, ""node"": ""occ_01"", ""pir_door"": 0, ""pir_seat"": -1}"
27460,3,False,ok,2026-09-03T14:29:19.656736+00:00,2026-09-03T14:29:19.759774+00:00,"{""door_main"": 0, ""door_sub"": 1, ""node"": ""occ_01"", ""pir_door"": 0, ""pir_seat"": -1}"
27461,3,True,ok,2026-09-03T14:29:20.665350+00:00,2026-09-03T14:29:20.774662+00:00,"{""door_main"": 0, ""door_sub"": 1, ""node"": ""occ_01"", ""pir_door"": 1, ""pir_seat"": -1}"
27462,3,False,ok,2026-09-03T14:29:21.823686+00:00,2026-09-03T14:29:22.009428+00:00,"{""door_main"": 0, ""door_sub"": 1, ""node"": ""occ_01"", ""pir_door"": 0, ""pir_seat"": -1}"
27463,3,False,ok,2026-09-03T14:29:22.690998+00:00,2026-09-03T14:29:22.884415+00:00,"{""door_main"": 0, ""door_sub"": 1, ""node"": ""occ_01"", ""pir_door"": 0, ""pir_seat"": -1}"
27464,3,False,ok,2026-09-03T14:29:23.703053+00:00,2026-09-03T14:29:23.844626+00:00,"{""door_main"": 0, ""door_sub"": 1, ""node"": ""occ_01"", ""pir_door"": 0, ""pir_seat"": -1}"
27465,3,False,ok,2026-09-03T14:29:24.714924+00:00,2026-09-03T14:29:24.804620+00:00,"{""door_main"": 0, ""door_sub"": 1, ""node"": ""occ_01"", ""pir_door"": 0, ""pir_seat"": -1}"
27466,3,False,ok,2026-09-03T14:29:25.725433+00:00,2026-09-03T14:29:25.864852+00:00,"{""door_main"": 0, ""door_sub"": 1, ""node"": ""occ_01"", ""pir_door"": 0, ""pir_seat"": -1}"
27467,3,False,ok,2026-09-03T14:29:26.943844+00:00,2026-09-03T14:29:27.144636+00:00,"{""door_main"": 0, ""door_sub"": 1, ""node"": ""occ_01"", ""pir_door"": 0, ""pir_seat"": -1}"
27468,3,False,ok,2026-09-03T14:29:27.749395+00:00,2026-09-03T14:29:27.854769+00:00,"{""door_main"": 0, ""door_sub"": 1, ""node"": ""occ_01"", ""pir_door"": 0, ""pir_seat"": -1}"
27469,3,True,ok,2026-09-03T14:29:28.761360+00:00,2026-09-03T14:29:28.949572+00:00,"{""door_main"": 0, ""door_sub"": 1, ""node"": ""occ_01"", ""pir_door"": 1, ""pir_seat"": -1}"
27470,3,False,ok,2026-09-03T14:29:29.777609+00:00,2026-09-03T14:29:29.874778+00:00,"{""door_main"": 0, ""door_sub"": 1, ""node"": ""occ_01"", ""pir_door"": 0, ""pir_seat"": -1}"
27471,3,False,ok,2026-09-03T14:29:30.788163+00:00,2026-09-03T14:29:30.879777+00:00,"{""door_main"": 0, ""door_sub"": 1, ""node"": ""occ_01"", ""pir_door"": 0, ""pir_seat"": -1}"
27472,3,True,ok,2026-09-03T14:29:31.963703+00:00,2026-09-03T14:29:32.104454+00:00,"{""door_main"": 0, ""door_sub"": 1, ""node"": ""occ_01"", ""pir_door"": 1, ""pir_seat"": -1}"
27473,3,False,ok,2026-09-03T14:29:32.811572+00:00,2026-09-03T14:29:32.904619+00:00,"{""door_main"": 0, ""door_sub"": 1, ""node"": ""occ_01"", ""pir_door"": 0, ""pir_seat"": -1}"
27474,3,False,ok,2026-09-03T14:29:33.823053+00:00,2026-09-03T14:29:34.005205+00:00,"{""door_main"": 0, ""door_sub"": 1, ""node"": ""occ_01"", ""pir_door"": 0, ""pir_seat"": -1}"
27475,3,False,ok,2026-09-03T14:29:34.834609+00:00,2026-09-03T14:29:34.934566+00:00,"{""door_main"": 0, ""door_sub"": 1, ""node"": ""occ_01"", ""pir_door"": 0, ""pir_seat"": -1}"
27476,3,True,ok,2026-09-03T14:29:35.845319+00:00,2026-09-03T14:29:35.929433+00:00,"{""door_main"": 0, ""door_sub"": 1, ""node"": ""occ_01"", ""pir_door"": 1, ""pir_seat"": -1}"
27477,3,False,ok,2026-09-03T14:29:36.978747+00:00,2026-09-03T14:29:37.199704+00:00,"{""door_main"": 0, ""door_sub"": 1, ""node"": ""occ_01"", ""pir_door"": 0, ""pir_seat"": -1}"
27478,3,False,ok,2026-09-03T14:29:37.872647+00:00,2026-09-03T14:29:37.959888+00:00,"{""door_main"": 0, ""door_sub"": 1, ""node"": ""occ_01"", ""pir_door"": 0, ""pir_seat"": -1}"
27479,3,True,ok,2026-09-03T14:29:38.885818+00:00,2026-09-03T14:29:39.074243+00:00,"{""door_main"": 0, ""door_sub"": 1, ""node"": ""occ_01"", ""pir_door"": 1, ""pir_seat"": -1}"
27480,3,False,ok,2026-09-03T14:29:39.893381+00:00,2026-09-03T14:29:40.009435+00:00,"{""door_main"": 0, ""door_sub"": 1, ""node"": ""occ_01"", ""pir_door"": 0, ""pir_seat"": -1}"
27481,3,False,ok,2026-09-03T14:29:40.905410+00:00,2026-09-03T14:29:41.085264+00:00,"{""door_main"": 0, ""door_sub"": 1, ""node"": ""occ_01"", ""pir_door"": 0, ""pir_seat"": -1}"
27482,3,False,ok,2026-09-03T14:29:41.984423+00:00,2026-09-03T14:29:42.149506+00:00,"{""door_main"": 0, ""door_sub"": 1, ""node"": ""occ_01"", ""pir_door"": 0, ""pir_seat"": -1}"
27483,3,True,ok,2026-09-03T14:29:42.931041+00:00,2026-09-03T14:29:43.120085+00:00,"{""door_main"": 0, ""door_sub"": 1, ""node"": ""occ_01"", ""pir_door"": 1, ""pir_seat"": -1}"
27484,3,False,ok,2026-09-03T14:29:43.944855+00:00,2026-09-03T14:29:44.119785+00:00,"{""door_main"": 0, ""door_sub"": 1, ""node"": ""occ_01"", ""pir_door"": 0, ""pir_seat"": -1}"
27485,3,False,ok,2026-09-03T14:29:44.955246+00:00,2026-09-03T14:29:45.044449+00:00,"{""door_main"": 0, ""door_sub"": 1, ""node"": ""occ_01"", ""pir_door"": 0, ""pir_seat"": -1}"
27486,3,False,ok,2026-09-03T14:29:45.965391+00:00,2026-09-03T14:29:46.145145+00:00,"{""door_main"": 0, ""door_sub"": 1, ""node"": ""occ_01"", ""pir_door"": 0, ""pir_seat"": -1}"
27487,3,False,ok,2026-09-03T14:29:47.018608+00:00,2026-09-03T14:29:47.239780+00:00,"{""door_main"": 0, ""door_sub"": 1, ""node"": ""occ_01"", ""pir_door"": 0, ""pir_seat"": -1}"
27488,3,False,ok,2026-09-03T14:29:47.994421+00:00,2026-09-03T14:29:48.199438+00:00,"{""door_main"": 0, ""door_sub"": 1, ""node"": ""occ_01"", ""pir_door"": 0, ""pir_seat"": -1}"
27489,3,False,ok,2026-09-03T14:29:49.006096+00:00,2026-09-03T14:29:49.194525+00:00,"{""door_main"": 0, ""door_sub"": 1, ""node"": ""occ_01"", ""pir_door"": 0, ""pir_seat"": -1}"
27490,3,False,ok,2026-09-03T14:29:50.013490+00:00,2026-09-03T14:29:50.139682+00:00,"{""door_main"": 0, ""door_sub"": 1, ""node"": ""occ_01"", ""pir_door"": 0, ""pir_seat"": -1}"
27491,3,False,ok,2026-09-03T14:29:51.025453+00:00,2026-09-03T14:29:51.209754+00:00,"{""door_main"": 0, ""door_sub"": 1, ""node"": ""occ_01"", ""pir_door"": 0, ""pir_seat"": -1}"
27492,3,False,ok,2026-09-03T14:29:52.128632+00:00,2026-09-03T14:29:52.339842+00:00,"{""door_main"": 0, ""door_sub"": 1, ""node"": ""occ_01"", ""pir_door"": 0, ""pir_seat"": -1}"
27493,3,False,ok,2026-09-03T14:29:53.049499+00:00,2026-09-03T14:29:53.129547+00:00,"{""door_main"": 0, ""door_sub"": 1, ""node"": ""occ_01"", ""pir_door"": 0, ""pir_seat"": -1}"
27494,3,False,ok,2026-09-03T14:29:54.064000+00:00,2026-09-03T14:29:54.244629+00:00,"{""door_main"": 0, ""door_sub"": 1, ""node"": ""occ_01"", ""pir_door"": 0, ""pir_seat"": -1}"
27495,3,False,ok,2026-09-03T14:29:55.075380+00:00,2026-09-03T14:29:55.175973+00:00,"{""door_main"": 0, ""door_sub"": 1, ""node"": ""occ_01"", ""pir_door"": 0, ""pir_seat"": -1}"
27496,3,True,ok,2026-09-03T14:29:56.085428+00:00,2026-09-03T14:29:56.280482+00:00,"{""door_main"": 0, ""door_sub"": 1, ""node"": ""occ_01"", ""pir_door"": 1, ""pir_seat"": -1}"
27497,3,False,ok,2026-09-03T14:29:57.098955+00:00,2026-09-03T14:29:57.259713+00:00,"{""door_main"": 0, ""door_sub"": 1, ""node"": ""occ_01"", ""pir_door"": 0, ""pir_seat"": -1}"
27498,3,False,ok,2026-09-03T14:29:58.109518+00:00,2026-09-03T14:29:58.250082+00:00,"{""door_main"": 0, ""door_sub"": 1, ""node"": ""occ_01"", ""pir_door"": 0, ""pir_seat"": -1}"
27499,3,False,ok,2026-09-03T14:29:59.121577+00:00,2026-09-03T14:29:59.309627+00:00,"{""door_main"": 0, ""door_sub"": 1, ""node"": ""occ_01"", ""pir_door"": 0, ""pir_seat"": -1}"
27500,3,False,ok,2026-09-03T14:30:00.133569+00:00,2026-09-03T14:30:00.245387+00:00,"{""door_main"": 0, ""door_sub"": 1, ""node"": ""occ_01"", ""pir_door"": 0, ""pir_seat"": -1}"
27501,3,True,ok,2026-09-03T14:30:01.145492+00:00,2026-09-03T14:30:01.400082+00:00,"{""door_main"": 0, ""door_sub"": 1, ""node"": ""occ_01"", ""pir_door"": 1, ""pir_seat"": -1}"
27502,3,False,ok,2026-09-03T14:30:02.203599+00:00,2026-09-03T14:30:02.367265+00:00,"{""door_main"": 0, ""door_sub"": 1, ""node"": ""occ_01"", ""pir_door"": 0, ""pir_seat"": -1}"
27503,3,False,ok,2026-09-03T14:30:03.172805+00:00,2026-09-03T14:30:03.341524+00:00,"{""door_main"": 0, ""door_sub"": 1, ""node"": ""occ_01"", ""pir_door"": 0, ""pir_seat"": -1}"
27504,3,False,ok,2026-09-03T14:30:04.189679+00:00,2026-09-03T14:30:04.385438+00:00,"{""door_main"": 0, ""door_sub"": 1, ""node"": ""occ_01"", ""pir_door"": 0, ""pir_seat"": -1}"
27505,3,False,ok,2026-09-03T14:30:05.193698+00:00,2026-09-03T14:30:05.289492+00:00,"{""door_main"": 0, ""door_sub"": 1, ""node"": ""occ_01"", ""pir_door"": 0, ""pir_seat"": -1}"
27506,3,False,ok,2026-09-03T14:30:06.207007+00:00,2026-09-03T14:30:06.390094+00:00,"{""door_main"": 0, ""door_sub"": 1, ""node"": ""occ_01"", ""pir_door"": 0, ""pir_seat"": -1}"
27507,3,False,ok,2026-09-03T14:30:07.318706+00:00,2026-09-03T14:30:07.456338+00:00,"{""door_main"": 0, ""door_sub"": 1, ""node"": ""occ_01"", ""pir_door"": 0, ""pir_seat"": -1}"
27508,3,False,ok,2026-09-03T14:30:08.229550+00:00,2026-09-03T14:30:08.424640+00:00,"{""door_main"": 0, ""door_sub"": 1, ""node"": ""occ_01"", ""pir_door"": 0, ""pir_seat"": -1}"
27509,3,True,ok,2026-09-03T14:30:09.242033+00:00,2026-09-03T14:30:09.434731+00:00,"{""door_main"": 0, ""door_sub"": 1, ""node"": ""occ_01"", ""pir_door"": 1, ""pir_seat"": -1}"
27510,3,False,ok,2026-09-03T14:30:10.255062+00:00,2026-09-03T14:30:10.359662+00:00,"{""door_main"": 0, ""door_sub"": 1, ""node"": ""occ_01"", ""pir_door"": 0, ""pir_seat"": -1}"
27511,3,False,ok,2026-09-03T14:30:11.268660+00:00,2026-09-03T14:30:11.484883+00:00,"{""door_main"": 0, ""door_sub"": 1, ""node"": ""occ_01"", ""pir_door"": 0, ""pir_seat"": -1}"
27512,3,True,ok,2026-09-03T14:30:12.304666+00:00,2026-09-03T14:30:12.424569+00:00,"{""door_main"": 0, ""door_sub"": 1, ""node"": ""occ_01"", ""pir_door"": 1, ""pir_seat"": -1}"
27513,3,False,ok,2026-09-03T14:30:13.291756+00:00,2026-09-03T14:30:13.414641+00:00,"{""door_main"": 0, ""door_sub"": 1, ""node"": ""occ_01"", ""pir_door"": 0, ""pir_seat"": -1}"
27514,3,False,ok,2026-09-03T14:30:14.301630+00:00,2026-09-03T14:30:14.459611+00:00,"{""door_main"": 0, ""door_sub"": 1, ""node"": ""occ_01"", ""pir_door"": 0, ""pir_seat"": -1}"
27515,3,False,ok,2026-09-03T14:30:15.315143+00:00,2026-09-03T14:30:15.414502+00:00,"{""door_main"": 0, ""door_sub"": 1, ""node"": ""occ_01"", ""pir_door"": 0, ""pir_seat"": -1}"
27516,3,False,ok,2026-09-03T14:30:16.327222+00:00,2026-09-03T14:30:16.504423+00:00,"{""door_main"": 0, ""door_sub"": 1, ""node"": ""occ_01"", ""pir_door"": 0, ""pir_seat"": -1}"
27517,3,False,ok,2026-09-03T14:30:17.337665+00:00,2026-09-03T14:30:17.474506+00:00,"{""door_main"": 0, ""door_sub"": 1, ""node"": ""occ_01"", ""pir_door"": 0, ""pir_seat"": -1}"
27518,3,False,ok,2026-09-03T14:30:18.350007+00:00,2026-09-03T14:30:18.556179+00:00,"{""door_main"": 0, ""door_sub"": 1, ""node"": ""occ_01"", ""pir_door"": 0, ""pir_seat"": -1}"
27519,3,True,ok,2026-09-03T14:30:19.364434+00:00,2026-09-03T14:30:19.564682+00:00,"{""door_main"": 0, ""door_sub"": 1, ""node"": ""occ_01"", ""pir_door"": 1, ""pir_seat"": -1}"
27520,3,False,ok,2026-09-03T14:30:20.379730+00:00,2026-09-03T14:30:20.504448+00:00,"{""door_main"": 0, ""door_sub"": 1, ""node"": ""occ_01"", ""pir_door"": 0, ""pir_seat"": -1}"
27521,3,False,ok,2026-09-03T14:30:21.385823+00:00,2026-09-03T14:30:21.539631+00:00,"{""door_main"": 0, ""door_sub"": 1, ""node"": ""occ_01"", ""pir_door"": 0, ""pir_seat"": -1}"
27522,3,False,ok,2026-09-03T14:30:22.436448+00:00,2026-09-03T14:30:22.634573+00:00,"{""door_main"": 0, ""door_sub"": 1, ""node"": ""occ_01"", ""pir_door"": 0, ""pir_seat"": -1}"
27523,3,False,ok,2026-09-03T14:30:23.409939+00:00,2026-09-03T14:30:23.624561+00:00,"{""door_main"": 0, ""door_sub"": 1, ""node"": ""occ_01"", ""pir_door"": 0, ""pir_seat"": -1}"
27524,3,False,ok,2026-09-03T14:30:24.421585+00:00,2026-09-03T14:30:24.594709+00:00,"{""door_main"": 0, ""door_sub"": 1, ""node"": ""occ_01"", ""pir_door"": 0, ""pir_seat"": -1}"
27525,3,False,ok,2026-09-03T14:30:25.433529+00:00,2026-09-03T14:30:25.539652+00:00,"{""door_main"": 0, ""door_sub"": 1, ""node"": ""occ_01"", ""pir_door"": 0, ""pir_seat"": -1}"
27526,3,True,ok,2026-09-03T14:30:26.447325+00:00,2026-09-03T14:30:26.619801+00:00,"{""door_main"": 0, ""door_sub"": 1, ""node"": ""occ_01"", ""pir_door"": 1, ""pir_seat"": -1}"
27527,3,False,ok,2026-09-03T14:30:27.458987+00:00,2026-09-03T14:30:27.649575+00:00,"{""door_main"": 0, ""door_sub"": 1, ""node"": ""occ_01"", ""pir_door"": 0, ""pir_seat"": -1}"
27528,3,False,ok,2026-09-03T14:30:28.472781+00:00,2026-09-03T14:30:28.644488+00:00,"{""door_main"": 0, ""door_sub"": 1, ""node"": ""occ_01"", ""pir_door"": 0, ""pir_seat"": -1}"
27529,3,False,ok,2026-09-03T14:30:29.481598+00:00,2026-09-03T14:30:29.684441+00:00,"{""door_main"": 0, ""door_sub"": 1, ""node"": ""occ_01"", ""pir_door"": 0, ""pir_seat"": -1}"
27530,3,False,ok,2026-09-03T14:30:30.493645+00:00,2026-09-03T14:30:30.609865+00:00,"{""door_main"": 0, ""door_sub"": 1, ""node"": ""occ_01"", ""pir_door"": 0, ""pir_seat"": -1}"
27531,3,False,ok,2026-09-03T14:30:31.507099+00:00,2026-09-03T14:30:31.607101+00:00,"{""door_main"": 0, ""door_sub"": 1, ""node"": ""occ_01"", ""pir_door"": 0, ""pir_seat"": -1}"
27532,3,False,ok,2026-09-03T14:30:32.519395+00:00,2026-09-03T14:30:32.719966+00:00,"{""door_main"": 0, ""door_sub"": 1, ""node"": ""occ_01"", ""pir_door"": 0, ""pir_seat"": -1}"
27533,3,False,ok,2026-09-03T14:30:33.529695+00:00,2026-09-03T14:30:33.724788+00:00,"{""door_main"": 0, ""door_sub"": 1, ""node"": ""occ_01"", ""pir_door"": 0, ""pir_seat"": -1}"
27534,3,False,ok,2026-09-03T14:30:34.541661+00:00,2026-09-03T14:30:34.744633+00:00,"{""door_main"": 0, ""door_sub"": 1, ""node"": ""occ_01"", ""pir_door"": 0, ""pir_seat"": -1}"
27535,3,False,ok,2026-09-03T14:30:35.553941+00:00,2026-09-03T14:30:35.749605+00:00,"{""door_main"": 0, ""door_sub"": 1, ""node"": ""occ_01"", ""pir_door"": 0, ""pir_seat"": -1}"
27536,3,False,ok,2026-09-03T14:30:36.568977+00:00,2026-09-03T14:30:36.669499+00:00,"{""door_main"": 0, ""door_sub"": 1, ""node"": ""occ_01"", ""pir_door"": 0, ""pir_seat"": -1}"
27537,3,False,ok,2026-09-03T14:30:37.577881+00:00,2026-09-03T14:30:37.699915+00:00,"{""door_main"": 0, ""door_sub"": 1, ""node"": ""occ_01"", ""pir_door"": 0, ""pir_seat"": -1}"
27538,3,False,ok,2026-09-03T14:30:38.589609+00:00,2026-09-03T14:30:38.714953+00:00,"{""door_main"": 0, ""door_sub"": 1, ""node"": ""occ_01"", ""pir_door"": 0, ""pir_seat"": -1}"
27539,3,False,ok,2026-09-03T14:30:39.601838+00:00,2026-09-03T14:30:39.759860+00:00,"{""door_main"": 0, ""door_sub"": 1, ""node"": ""occ_01"", ""pir_door"": 0, ""pir_seat"": -1}"
27540,3,False,ok,2026-09-03T14:30:40.615443+00:00,2026-09-03T14:30:40.764554+00:00,"{""door_main"": 0, ""door_sub"": 1, ""node"": ""occ_01"", ""pir_door"": 0, ""pir_seat"": -1}"
27541,3,False,ok,2026-09-03T14:30:41.628748+00:00,2026-09-03T14:30:41.789912+00:00,"{""door_main"": 0, ""door_sub"": 1, ""node"": ""occ_01"", ""pir_door"": 0, ""pir_seat"": -1}"
27542,3,True,ok,2026-09-03T14:30:42.637752+00:00,2026-09-03T14:30:42.724676+00:00,"{""door_main"": 0, ""door_sub"": 1, ""node"": ""occ_01"", ""pir_door"": 1, ""pir_seat"": -1}"
27543,3,False,ok,2026-09-03T14:30:43.650827+00:00,2026-09-03T14:30:43.829587+00:00,"{""door_main"": 0, ""door_sub"": 1, ""node"": ""occ_01"", ""pir_door"": 0, ""pir_seat"": -1}"
27544,3,False,ok,2026-09-03T14:30:44.664546+00:00,2026-09-03T14:30:44.824578+00:00,"{""door_main"": 0, ""door_sub"": 1, ""node"": ""occ_01"", ""pir_door"": 0, ""pir_seat"": -1}"
27545,3,False,ok,2026-09-03T14:30:45.677042+00:00,2026-09-03T14:30:45.861051+00:00,"{""door_main"": 0, ""door_sub"": 1, ""node"": ""occ_01"", ""pir_door"": 0, ""pir_seat"": -1}"
27546,3,True,ok,2026-09-03T14:30:46.686967+00:00,2026-09-03T14:30:46.854491+00:00,"{""door_main"": 0, ""door_sub"": 1, ""node"": ""occ_01"", ""pir_door"": 1, ""pir_seat"": -1}"
27547,3,False,ok,2026-09-03T14:30:47.753500+00:00,2026-09-03T14:30:47.864572+00:00,"{""door_main"": 0, ""door_sub"": 1, ""node"": ""occ_01"", ""pir_door"": 0, ""pir_seat"": -1}"
27548,3,False,ok,2026-09-03T14:30:48.709699+00:00,2026-09-03T14:30:48.909437+00:00,"{""door_main"": 0, ""door_sub"": 1, ""node"": ""occ_01"", ""pir_door"": 0, ""pir_seat"": -1}"
27549,3,False,ok,2026-09-03T14:30:49.727182+00:00,2026-09-03T14:30:49.904440+00:00,"{""door_main"": 0, ""door_sub"": 1, ""node"": ""occ_01"", ""pir_door"": 0, ""pir_seat"": -1}"
27550,3,False,ok,2026-09-03T14:30:50.735097+00:00,2026-09-03T14:30:50.939907+00:00,"{""door_main"": 0, ""door_sub"": 1, ""node"": ""occ_01"", ""pir_door"": 0, ""pir_seat"": -1}"
27551,3,False,ok,2026-09-03T14:30:51.747761+00:00,2026-09-03T14:30:51.934648+00:00,"{""door_main"": 0, ""door_sub"": 1, ""node"": ""occ_01"", ""pir_door"": 0, ""pir_seat"": -1}"
27552,3,False,ok,2026-09-03T14:30:52.759641+00:00,2026-09-03T14:30:52.834571+00:00,"{""door_main"": 0, ""door_sub"": 1, ""node"": ""occ_01"", ""pir_door"": 0, ""pir_seat"": -1}"
27553,3,True,ok,2026-09-03T14:30:53.769908+00:00,2026-09-03T14:30:53.869533+00:00,"{""door_main"": 0, ""door_sub"": 1, ""node"": ""occ_01"", ""pir_door"": 1, ""pir_seat"": -1}"
27554,3,False,ok,2026-09-03T14:30:54.783235+00:00,2026-09-03T14:30:54.940183+00:00,"{""door_main"": 0, ""door_sub"": 1, ""node"": ""occ_01"", ""pir_door"": 0, ""pir_seat"": -1}"
27555,3,False,ok,2026-09-03T14:30:55.795030+00:00,2026-09-03T14:30:55.974802+00:00,"{""door_main"": 0, ""door_sub"": 1, ""node"": ""occ_01"", ""pir_door"": 0, ""pir_seat"": -1}"
27556,3,False,ok,2026-09-03T14:30:56.807257+00:00,2026-09-03T14:30:56.989902+00:00,"{""door_main"": 0, ""door_sub"": 1, ""node"": ""occ_01"", ""pir_door"": 0, ""pir_seat"": -1}"
27557,3,False,ok,2026-09-03T14:30:57.888646+00:00,2026-09-03T14:30:58.104647+00:00,"{""door_main"": 0, ""door_sub"": 1, ""node"": ""occ_01"", ""pir_door"": 0, ""pir_seat"": -1}"
27558,3,False,ok,2026-09-03T14:30:58.831652+00:00,2026-09-03T14:30:59.019636+00:00,"{""door_main"": 0, ""door_sub"": 1, ""node"": ""occ_01"", ""pir_door"": 0, ""pir_seat"": -1}"
27559,3,False,ok,2026-09-03T14:30:59.841774+00:00,2026-09-03T14:31:00.022784+00:00,"{""door_main"": 0, ""door_sub"": 1, ""node"": ""occ_01"", ""pir_door"": 0, ""pir_seat"": -1}"
27560,3,True,ok,2026-09-03T14:31:00.855578+00:00,2026-09-03T14:31:01.030493+00:00,"{""door_main"": 0, ""door_sub"": 1, ""node"": ""occ_01"", ""pir_door"": 1, ""pir_seat"": -1}"
27561,3,False,ok,2026-09-03T14:31:01.865701+00:00,2026-09-03T14:31:02.081315+00:00,"{""door_main"": 0, ""door_sub"": 1, ""node"": ""occ_01"", ""pir_door"": 0, ""pir_seat"": -1}"
27562,3,False,ok,2026-09-03T14:31:02.878684+00:00,2026-09-03T14:31:02.989542+00:00,"{""door_main"": 0, ""door_sub"": 1, ""node"": ""occ_01"", ""pir_door"": 0, ""pir_seat"": -1}"
27563,3,False,ok,2026-09-03T14:31:03.891252+00:00,2026-09-03T14:31:03.980113+00:00,"{""door_main"": 0, ""door_sub"": 1, ""node"": ""occ_01"", ""pir_door"": 0, ""pir_seat"": -1}"
27564,3,False,ok,2026-09-03T14:31:04.903453+00:00,2026-09-03T14:31:05.014664+00:00,"{""door_main"": 0, ""door_sub"": 1, ""node"": ""occ_01"", ""pir_door"": 0, ""pir_seat"": -1}"
27565,3,False,ok,2026-09-03T14:31:05.915474+00:00,2026-09-03T14:31:06.034431+00:00,"{""door_main"": 0, ""door_sub"": 1, ""node"": ""occ_01"", ""pir_door"": 0, ""pir_seat"": -1}"
27566,3,False,ok,2026-09-03T14:31:07.403712+00:00,2026-09-03T14:31:07.614538+00:00,"{""door_main"": 0, ""door_sub"": 1, ""node"": ""occ_01"", ""pir_door"": 0, ""pir_seat"": -1}"
27567,3,True,ok,2026-09-03T14:31:07.937886+00:00,2026-09-03T14:31:08.130767+00:00,"{""door_main"": 0, ""door_sub"": 1, ""node"": ""occ_01"", ""pir_door"": 1, ""pir_seat"": -1}"
27568,3,False,ok,2026-09-03T14:31:08.951650+00:00,2026-09-03T14:31:09.079732+00:00,"{""door_main"": 0, ""door_sub"": 1, ""node"": ""occ_01"", ""pir_door"": 0, ""pir_seat"": -1}"
27569,3,False,ok,2026-09-03T14:31:09.961912+00:00,2026-09-03T14:31:10.104538+00:00,"{""door_main"": 0, ""door_sub"": 1, ""node"": ""occ_01"", ""pir_door"": 0, ""pir_seat"": -1}"
27570,3,False,ok,2026-09-03T14:31:10.973817+00:00,2026-09-03T14:31:11.149647+00:00,"{""door_main"": 0, ""door_sub"": 1, ""node"": ""occ_01"", ""pir_door"": 0, ""pir_seat"": -1}"
27571,3,False,ok,2026-09-03T14:31:12.452494+00:00,2026-09-03T14:31:12.534513+00:00,"{""door_main"": 0, ""door_sub"": 1, ""node"": ""occ_01"", ""pir_door"": 0, ""pir_seat"": -1}"
27572,3,False,ok,2026-09-03T14:31:12.997810+00:00,2026-09-03T14:31:13.100333+00:00,"{""door_main"": 0, ""door_sub"": 1, ""node"": ""occ_01"", ""pir_door"": 0, ""pir_seat"": -1}"
27573,3,False,ok,2026-09-03T14:31:14.009949+00:00,2026-09-03T14:31:14.179640+00:00,"{""door_main"": 0, ""door_sub"": 1, ""node"": ""occ_01"", ""pir_door"": 0, ""pir_seat"": -1}"
27574,3,True,ok,2026-09-03T14:31:15.021941+00:00,2026-09-03T14:31:15.194554+00:00,"{""door_main"": 0, ""door_sub"": 1, ""node"": ""occ_01"", ""pir_door"": 1, ""pir_seat"": -1}"
27575,3,False,ok,2026-09-03T14:31:16.036666+00:00,2026-09-03T14:31:16.204717+00:00,"{""door_main"": 0, ""door_sub"": 1, ""node"": ""occ_01"", ""pir_door"": 0, ""pir_seat"": -1}"
27576,3,False,ok,2026-09-03T14:31:17.613917+00:00,2026-09-03T14:31:17.804551+00:00,"{""door_main"": 0, ""door_sub"": 1, ""node"": ""occ_01"", ""pir_door"": 0, ""pir_seat"": -1}"
27577,3,False,ok,2026-09-03T14:31:18.063433+00:00,2026-09-03T14:31:18.279935+00:00,"{""door_main"": 0, ""door_sub"": 1, ""node"": ""occ_01"", ""pir_door"": 0, ""pir_seat"": -1}"
27578,3,True,ok,2026-09-03T14:31:19.071346+00:00,2026-09-03T14:31:19.254612+00:00,"{""door_main"": 0, ""door_sub"": 1, ""node"": ""occ_01"", ""pir_door"": 1, ""pir_seat"": -1}"
27579,3,False,ok,2026-09-03T14:31:20.083648+00:00,2026-09-03T14:31:20.304762+00:00,"{""door_main"": 0, ""door_sub"": 1, ""node"": ""occ_01"", ""pir_door"": 0, ""pir_seat"": -1}"
27580,3,False,ok,2026-09-03T14:31:21.104694+00:00,2026-09-03T14:31:21.224631+00:00,"{""door_main"": 0, ""door_sub"": 1, ""node"": ""occ_01"", ""pir_door"": 0, ""pir_seat"": -1}"
27581,3,True,ok,2026-09-03T14:31:22.653380+00:00,2026-09-03T14:31:22.854625+00:00,"{""door_main"": 0, ""door_sub"": 1, ""node"": ""occ_01"", ""pir_door"": 1, ""pir_seat"": -1}"
27582,3,False,ok,2026-09-03T14:31:23.133388+00:00,2026-09-03T14:31:23.345038+00:00,"{""door_main"": 0, ""door_sub"": 1, ""node"": ""occ_01"", ""pir_door"": 0, ""pir_seat"": -1}"
27583,3,False,ok,2026-09-03T14:31:24.133904+00:00,2026-09-03T14:31:24.314769+00:00,"{""door_main"": 0, ""door_sub"": 1, ""node"": ""occ_01"", ""pir_door"": 0, ""pir_seat"": -1}"
27584,3,False,ok,2026-09-03T14:31:25.143763+00:00,2026-09-03T14:31:25.319741+00:00,"{""door_main"": 0, ""door_sub"": 1, ""node"": ""occ_01"", ""pir_door"": 0, ""pir_seat"": -1}"
27585,3,False,ok,2026-09-03T14:31:26.154068+00:00,2026-09-03T14:31:26.324633+00:00,"{""door_main"": 0, ""door_sub"": 1, ""node"": ""occ_01"", ""pir_door"": 0, ""pir_seat"": -1}"
27586,3,True,ok,2026-09-03T14:31:27.703461+00:00,2026-09-03T14:31:27.919655+00:00,"{""door_main"": 0, ""door_sub"": 1, ""node"": ""occ_01"", ""pir_door"": 1, ""pir_seat"": -1}"
27587,3,False,ok,2026-09-03T14:31:28.179457+00:00,2026-09-03T14:31:28.359711+00:00,"{""door_main"": 0, ""door_sub"": 1, ""node"": ""occ_01"", ""pir_door"": 0, ""pir_seat"": -1}"
27588,3,False,ok,2026-09-03T14:31:29.194285+00:00,2026-09-03T14:31:29.394808+00:00,"{""door_main"": 0, ""door_sub"": 1, ""node"": ""occ_01"", ""pir_door"": 0, ""pir_seat"": -1}"
27589,3,False,ok,2026-09-03T14:31:30.201841+00:00,2026-09-03T14:31:30.369495+00:00,"{""door_main"": 0, ""door_sub"": 1, ""node"": ""occ_01"", ""pir_door"": 0, ""pir_seat"": -1}"
27590,3,False,ok,2026-09-03T14:31:31.215520+00:00,2026-09-03T14:31:31.394588+00:00,"{""door_main"": 0, ""door_sub"": 1, ""node"": ""occ_01"", ""pir_door"": 0, ""pir_seat"": -1}"
27591,3,False,ok,2026-09-03T14:31:32.438391+00:00,2026-09-03T14:31:32.534594+00:00,"{""door_main"": 0, ""door_sub"": 1, ""node"": ""occ_01"", ""pir_door"": 0, ""pir_seat"": -1}"
27592,3,False,ok,2026-09-03T14:31:33.241180+00:00,2026-09-03T14:31:33.354564+00:00,"{""door_main"": 0, ""door_sub"": 1, ""node"": ""occ_01"", ""pir_door"": 0, ""pir_seat"": -1}"
27593,3,False,ok,2026-09-03T14:31:34.249866+00:00,2026-09-03T14:31:34.469506+00:00,"{""door_main"": 0, ""door_sub"": 1, ""node"": ""occ_01"", ""pir_door"": 0, ""pir_seat"": -1}"
27594,3,False,ok,2026-09-03T14:31:35.261967+00:00,2026-09-03T14:31:35.456354+00:00,"{""door_main"": 0, ""door_sub"": 1, ""node"": ""occ_01"", ""pir_door"": 0, ""pir_seat"": -1}"
27595,3,False,ok,2026-09-03T14:31:36.273853+00:00,2026-09-03T14:31:36.434738+00:00,"{""door_main"": 0, ""door_sub"": 1, ""node"": ""occ_01"", ""pir_door"": 0, ""pir_seat"": -1}"
27596,3,False,ok,2026-09-03T14:31:37.693399+00:00,2026-09-03T14:31:37.799825+00:00,"{""door_main"": 0, ""door_sub"": 1, ""node"": ""occ_01"", ""pir_door"": 0, ""pir_seat"": -1}"
27597,3,False,ok,2026-09-03T14:31:38.299443+00:00,2026-09-03T14:31:38.399723+00:00,"{""door_main"": 0, ""door_sub"": 1, ""node"": ""occ_01"", ""pir_door"": 0, ""pir_seat"": -1}"
27598,3,False,ok,2026-09-03T14:31:39.309886+00:00,2026-09-03T14:31:39.464631+00:00,"{""door_main"": 0, ""door_sub"": 1, ""node"": ""occ_01"", ""pir_door"": 0, ""pir_seat"": -1}"
27599,3,False,ok,2026-09-03T14:31:40.321868+00:00,2026-09-03T14:31:40.489870+00:00,"{""door_main"": 0, ""door_sub"": 1, ""node"": ""occ_01"", ""pir_door"": 0, ""pir_seat"": -1}"
27600,3,False,ok,2026-09-03T14:31:41.338673+00:00,2026-09-03T14:31:41.514633+00:00,"{""door_main"": 0, ""door_sub"": 1, ""node"": ""occ_01"", ""pir_door"": 0, ""pir_seat"": -1}"
27601,3,False,ok,2026-09-03T14:31:42.493308+00:00,2026-09-03T14:31:42.584606+00:00,"{""door_main"": 0, ""door_sub"": 1, ""node"": ""occ_01"", ""pir_door"": 0, ""pir_seat"": -1}"
27602,3,False,ok,2026-09-03T14:31:43.360025+00:00,2026-09-03T14:31:43.459799+00:00,"{""door_main"": 0, ""door_sub"": 1, ""node"": ""occ_01"", ""pir_door"": 0, ""pir_seat"": -1}"
27603,3,False,ok,2026-09-03T14:31:44.371613+00:00,2026-09-03T14:31:44.544626+00:00,"{""door_main"": 0, ""door_sub"": 1, ""node"": ""occ_01"", ""pir_door"": 0, ""pir_seat"": -1}"
27604,3,True,ok,2026-09-03T14:31:45.382066+00:00,2026-09-03T14:31:45.569632+00:00,"{""door_main"": 0, ""door_sub"": 1, ""node"": ""occ_01"", ""pir_door"": 1, ""pir_seat"": -1}"
27605,3,False,ok,2026-09-03T14:31:46.394157+00:00,2026-09-03T14:31:46.594752+00:00,"{""door_main"": 0, ""door_sub"": 1, ""node"": ""occ_01"", ""pir_door"": 0, ""pir_seat"": -1}"
27606,3,False,ok,2026-09-03T14:31:47.793568+00:00,2026-09-03T14:31:47.984701+00:00,"{""door_main"": 0, ""door_sub"": 1, ""node"": ""occ_01"", ""pir_door"": 0, ""pir_seat"": -1}"
27607,3,False,ok,2026-09-03T14:31:48.419243+00:00,2026-09-03T14:31:48.634533+00:00,"{""door_main"": 0, ""door_sub"": 1, ""node"": ""occ_01"", ""pir_door"": 0, ""pir_seat"": -1}"
27608,3,True,ok,2026-09-03T14:31:49.429977+00:00,2026-09-03T14:31:49.619765+00:00,"{""door_main"": 0, ""door_sub"": 1, ""node"": ""occ_01"", ""pir_door"": 1, ""pir_seat"": -1}"
27609,3,False,ok,2026-09-03T14:31:50.441990+00:00,2026-09-03T14:31:50.594539+00:00,"{""door_main"": 0, ""door_sub"": 1, ""node"": ""occ_01"", ""pir_door"": 0, ""pir_seat"": -1}"
27610,3,False,ok,2026-09-03T14:31:51.454629+00:00,2026-09-03T14:31:51.639826+00:00,"{""door_main"": 0, ""door_sub"": 1, ""node"": ""occ_01"", ""pir_door"": 0, ""pir_seat"": -1}"
27611,3,False,ok,2026-09-03T14:31:52.563499+00:00,2026-09-03T14:31:52.659924+00:00,"{""door_main"": 0, ""door_sub"": 1, ""node"": ""occ_01"", ""pir_door"": 0, ""pir_seat"": -1}"
27612,3,True,ok,2026-09-03T14:31:53.478040+00:00,2026-09-03T14:31:53.574531+00:00,"{""door_main"": 0, ""door_sub"": 1, ""node"": ""occ_01"", ""pir_door"": 1, ""pir_seat"": -1}"
27613,3,False,ok,2026-09-03T14:31:54.491790+00:00,2026-09-03T14:31:54.674597+00:00,"{""door_main"": 0, ""door_sub"": 1, ""node"": ""occ_01"", ""pir_door"": 0, ""pir_seat"": -1}"
27614,3,False,ok,2026-09-03T14:31:55.517366+00:00,2026-09-03T14:31:55.704707+00:00,"{""door_main"": 0, ""door_sub"": 1, ""node"": ""occ_01"", ""pir_door"": 0, ""pir_seat"": -1}"
27615,3,False,ok,2026-09-03T14:31:56.514026+00:00,2026-09-03T14:31:56.674726+00:00,"{""door_main"": 0, ""door_sub"": 1, ""node"": ""occ_01"", ""pir_door"": 0, ""pir_seat"": -1}"
27616,3,True,ok,2026-09-03T14:31:57.765077+00:00,2026-09-03T14:31:57.944733+00:00,"{""door_main"": 0, ""door_sub"": 1, ""node"": ""occ_01"", ""pir_door"": 1, ""pir_seat"": -1}"
27617,3,False,ok,2026-09-03T14:31:58.543280+00:00,2026-09-03T14:31:58.654683+00:00,"{""door_main"": 0, ""door_sub"": 1, ""node"": ""occ_01"", ""pir_door"": 0, ""pir_seat"": -1}"
27618,3,False,ok,2026-09-03T14:31:59.550064+00:00,2026-09-03T14:31:59.624580+00:00,"{""door_main"": 0, ""door_sub"": 1, ""node"": ""occ_01"", ""pir_door"": 0, ""pir_seat"": -1}"
27619,3,False,ok,2026-09-03T14:32:00.563571+00:00,2026-09-03T14:32:00.754974+00:00,"{""door_main"": 0, ""door_sub"": 1, ""node"": ""occ_01"", ""pir_door"": 0, ""pir_seat"": -1}"
